:020000040800F2
:10000000A02B002051010008595E0008774D000820
:10001000555E0008770B0008CDBA0008000000000C
:10002000000000000000000000000000CD97000864
:10003000E90C0008000000003F650008C19B0008B3
:100040006B0100086B0100086D9D00086B01000842
:100050006B0100086B010008EB0C00086B01000845
:100060006B0100086B0100086B0100086B010008C0
:100070006B0100086B0100086B0100080D0C000803
:100080001D0C00086B0100086B0100086B010008E3
:10009000000000006B0100086B0100086B01000804
:1000A0006B0100086B0100086B0100086B01000880
:1000B0006B0100086B0100086B0100086B01000870
:1000C0006B0100086B0100086B0100086B01000860
:1000D0006B010008C1B300086B0100086B01000848
:1000E0006B0100086B010008A96600086B0100089D
:1000F0006B01000800000000000000006B01000818
:100100006B0100086B010008798A00086B01000888
:100110006B0100086B0100086B0100086B0100080F
:100120006B0100086B0100086B0100086B010008FF
:100130006B0100086B010008DFF810D000F04AFBEB
:100140000048004761CA0008AFF30080A02B0020E0
:100150000648804706480047FEE7FEE7FEE7FEE761
:10016000FEE7FEE7FEE7FEE7FEE7FEE7699D000823
:10017000390100082DE9F05F0546002092469B46B4
:1001800088460646814640241BE0284641464746AD
:10019000224600F0C6F953465A46C01A914110D380
:1001A00011461846224600F0ADF92D1A67EB0108FA
:1001B0004F4622460120002100F0A4F917EB000968
:1001C0004E41201EA4F10104DFDC484631462A4698
:1001D0004346BDE8F09F40EA01039B0703D009E0D6
:1001E00008C9121F08C0042AFAD203E011F8013B23
:1001F00000F8013B521EF9D27047D2B201E000F87C
:10020000012B491EFBD270470022F6E710B51346BA
:100210000A4604461946FFF7F0FF204610BD421C6F
:1002200010F8011B0029FBD1801A70472DE9FE4F01
:10023000804681EA0300C00F0C46009021F0004187
:1002400023F00045B8EB0200A94105D24046214603
:1002500090461C460B46024623F00040104347D010
:10026000270DC7F30A00C3F30A510290401A019008
:1002700040286BDAC3F3130040F4801B00989246C9
:1002800020B10023D2EB030A63EB0B0B0198594614
:10029000C0F14002504600F035F906460D46504682
:1002A0005946019A00F04DF910EB08006141002415
:1002B00087EA115284EAE7731A4340D0009A62B386
:1002C000019A012A4FEA075215DC001B61EB02017B
:1002D0004FF0004202EA0752CDE90042001C41F50E
:1002E000801132462B4600F084F903B0BDE8F08F50
:1002F00040462146F9E7001B61EB0201001C41F575
:10030000801300185B412018A2F5001747EB03018A
:1003100040EAD570B6196D4111E06D084FEA360616
:1003200045EAC0754FEA0752001B61EB0201001C51
:1003300041F5801149084FEA300000195141324619
:100340002B4603B0BDE8F04F00F044B900980122FD
:1003500040000023D0EB020263EBE07300982146DB
:100360004FEAE074B8EB000061EB0401E9E783F0C9
:1003700000435BE781F0004158E72DE9F04D81EA49
:10038000030404F0004B21F0004514464FF0000A2E
:1003900023F0004150EA050220D054EA01021DD0AA
:1003A000C5F30A570246C5F31303C1F31300C1F3A3
:1003B0000A5640F4801543F48013A7EB0608101B7F
:1003C000D64608F2FD3873EB050002D308F10108A8
:1003D00001E092185B41B8F1000F03DA00200146FA
:1003E000BDE8F08D00204FF48011064684460EE0F3
:1003F000171B73EB050705D3121B63EB05030643BD
:100400004CEA010C49084FEA300092185B4150EA6F
:100410000107EDD152EA030012D082EA040083EA18
:100420000501084305D0101BAB4106D20122002371
:1004300006E000224FF0004302E06FF0010253108B
:100440001AEB06004CEB085110EB0A0041EB0B01D4
:10045000BDE8F04D00F0BEB8C10F80EAE07008447E
:10046000CA079623002100F087B80EB5C10F80EAB5
:10047000E0700844CA07002140F233438DE80E00C3
:100480000A460B4600F0B5F803B000BD0EB540F2C9
:10049000334102910021CDE900110A460B4600F0DC
:1004A000A8F803B000BD00F0004220F00040C10DEC
:1004B000C0F3160040F400007F2901DA00207047E5
:1004C000962903DCC1F19601C84001E096398840C5
:1004D000002AF4D04042704730B50B460146002058
:1004E0002022012409E021FA02F59D4205D303FAF6
:1004F00002F5491B04FA02F52844151EA2F1010277
:10050000F1DC30BD202A04DB203A00FA02F10020A1
:1005100070479140C2F1200320FA03F31943904041
:100520007047202A04DB203A21FA02F000217047AC
:1005300021FA02F3D040C2F120029140084319464B
:100540007047202A06DBCB17203A41FA02F043EA33
:10055000E07306E041FA02F3D040C2F1200291407C
:100560000843194670470029A8BF7047401C49003E
:1005700008BF20F00100704710B4B0FA80FC00FA08
:100580000CF050EA010404BF10BC704749B1CCF133
:10059000200421FA04F411FA0CF118BF01212143BF
:1005A0000843A3EB0C01CB1D4FEA00614FEA10207A
:1005B00042BF002010BC704700EBC350104400291C
:1005C000A4BF10BC7047401C490008BF20F00100C8
:1005D00010BC704710B5141E73F1000408DA401CFB
:1005E00041F1000192185B411A4301D120F0010052
:1005F00010BD2DE9F04D92469B4611B1B1FA81F242
:1006000002E0B0FA80F220329046FFF77BFF04460A
:100610000F4640EA0A0041EA0B0153465A46084396
:1006200013D0114653EA010019D0C8F140025046D8
:10063000FFF777FF05460E46504659464246FFF7FC
:1006400061FF084305D0012004E020463946BDE89B
:10065000F08D0020054346EAE0762C4337430A98A4
:100660006305E40AA0EB08000022FD0A44EA4754AF
:100670000A3002D500200146E9E701051019694159
:10068000DDE9084500196941BDE8F04DA2E72DE913
:10069000FE4F81EA030404F0004421F0004100947D
:1006A0004FF0000B23F0004350EA01045ED052EA01
:1006B00003045BD0C3F30A54C1F30A552C44A4F2DB
:1006C000F3340194A0FB0254C1F3130141F48011EF
:1006D000C3F3130343F4801301FB024400FB034EF6
:1006E000840A970A44EA815447EA8357A4FB0768BF
:1006F00002958D0A05FB07854FEA932C04FB0C54E9
:100700002705029D4FEA065847EA1637B5EB08055C
:100710006EEB070C870E920E47EA811742EA8312AE
:10072000A7FB0201B6EB0B0164EB00042B0D43EABF
:100730000C335E1844EB1C50DA465146E7FB0201CD
:10074000C5F313044FEA0B3343EA14534FEA043260
:10075000019C43EA0603A4F10C040294009CCDE939
:1007600000B4FFF746FF03B0BDE8F08F002001465C
:10077000F9E7C1F30A52C1F3130140F2FF3341F428
:1007800080119A4202DA00200146704740F233435A
:100790009A42A2F2334202DC5242FFF7C2BEFFF796
:1007A000B1BE000030B5041E71F1000404DB4FF04F
:1007B0000044404264EB0101141E73F1000405DBA8
:1007C0001C464FF00043524263EB0403994208BFBA
:1007D000904230BD064C074D06E0E06840F0010352
:1007E00094E8070098471034AC42F6D3FFF7A8FC12
:1007F00094D90008B4D9000870B58C1810F8015BC2
:1008000015F0070301D110F8013B2A1106D110F8A9
:10081000012B03E010F8016B01F8016B5B1EF9D1AD
:100820002B0705D40023521E0DD401F8013BFAE733
:1008300010F8013BCB1A921C03E013F8015B01F89E
:10084000015B521EF9D5A142D8D3002070BD000033
:1008500070B50446206804F019FB50B3206804F01A
:1008600001FB40B920688168134A114041F0100132
:10087000816000BF00BF01F05FFE054613E001F09C
:100880005BFE401B02280ED92068806800F004003F
:1008900048B1A06D40F01000A065E06D40F001008F
:1008A000E065012070BD2068806800F00400002829
:1008B000E5D10020F6E70000E8FFFF7F70B50446B1
:1008C000206804F0CFFA0646206804F0D0FA78B326
:1008D00076BB2068806800F00500012806D12068FA
:1008E00004F0B0FA03202168086009E0A06D40F030
:1008F0001000A065E06D40F00100E065012070BDD2
:1009000001F01AFE054614E001F016FE401B022815
:100910000FD92068806800F0010050B1A06D40F050
:100920001000A065E06D40F00100E0650120E6E701
:1009300005E02068806800F001000028E4D1002074
:10094000DDE7000038B5044600200090206804F080
:100950008EFA00284FD1206880682849084048B1A5
:10096000A06D40F01000A065E06D40F00100E06572
:10097000012038BD206804F06DFA00BF20480068EF
:1009800000F0E07000F4000068B11E4800681E49E5
:10099000B0FBF1F0401C009002E00098401E009077
:1009A00000980028F9D1607E012824D001F0C4FD10
:1009B00005461AE0206804F05AFA10B9206804F0DD
:1009C00049FA01F0B9FD401B02280ED920680068E1
:1009D00000F0010048B9A06D40F01000A065E06D86
:1009E00040F00100E0650120C3E72068006800F0E6
:1009F00001000028DED00020BBE7000017000080C7
:100A000008270140B4000020400D03003EB5044615
:100A10000025002000900190029005F0A9F81448EC
:100A200000F058FC08B100F089F900940020019012
:100A3000029069460E4800F0F9FC08B100F07EF91A
:100A40000B4801F04DF808B100F078F94FF0FF3194
:100A5000074800F0DFFF064801F075F8044800F091
:100A60005BFE0546024800F0F9FD28463EBD000049
:100A70001802002010B5044634B1012C12D0022C0B
:100A80001DD0032C36D127E0002202214FF09040E8
:100A900001F04CFD00224FF480714FF0904001F0C6
:100AA00045FD28E0012202214FF0904001F03EFD7B
:100AB000012211024FF0904001F038FD1BE00122AD
:100AC00002214FF0904001F031FD012211024FF060
:100AD000904001F02BFD0EE0012202214FF09040EA
:100AE00001F024FD00224FF480714FF0904001F09E
:100AF0001DFD00E000BF00BF002010BD014609B988
:100B00000F2000E0162070470220704700B585B026
:100B100014216846FFF778FB042004F0FDF9042057
:100B200004F0FAF94FF48070009001200190002049
:100B300002900320039069464FF0904001F024FC9E
:100B40000220009069464FF0904001F01DFC002209
:100B50004FF480714FF0904001F0E8FC0022022138
:100B60004FF0904001F0E2FC002005B000BD0120F4
:100B700070470020704700BFFEE7000010B5044634
:100B80000748D0F8480350B10548D0F84803C0687A
:100B900028B10348D0F84803C1682046884710BDF3
:100BA0004806002070B502460B464FF0FF310AB9E7
:100BB000002070BD002010E0145C6140002408E0BB
:100BC00001F001056D1E074EAE4386EA5101651C1A
:100BD000ACB2082CF4DB441CA0B29842ECDBC84356
:100BE000E7E700002083B8ED10B54FF480400649D8
:100BF00009680143044A116000BF00F0C9FF00F01A
:100C0000DFFF00F0D1FF10BD9008005810B502487A
:100C100001F0C6F810BD00000404002010B5024821
:100C200001F0BEF810BD000064040020124B026801
:100C30009A420BD2426C9208104B03EB8202826400
:100C40000278083A1423B2FBF3F10CE0426C9208EC
:100C50000A4B1C3303EB820282640278083A1423A5
:100C6000B2FBF3F2D11D054A8032C26401F01F03CA
:100C700001229A40026570470804024000080240C1
:100C8000027902F07F014A1E064B03EB82024265A5
:100C9000044A403282654A1E02F0030301229A4050
:100CA000C26570470009024030B5D0E913546C604A
:100CB000446D14B1D0E916546C6090F8444004F0CF
:100CC0001C050124AC40056C6C600468636084689A
:100CD000102C04D10468A2600468E16003E0046899
:100CE000A1600468E26030BD704710B5012001F0DA
:100CF0003DFB10BD002070472DE9F04104460A4D30
:100D00000A4E0B4F08F088FD4FEA20284046FFF7B7
:100D1000A3FB0646A560666027600648E0600648BB
:100D200020610020BDE8F0810000484200009041B1
:100D300000007A440D093E00AB03050072B600BF07
:100D4000FEE700000348406940F2FA318843014958
:100D500048617047004000581D48006800F400706A
:100D6000012816D11A48006820F40070184908605C
:100D700000BF0846006840F400600860084600684C
:100D800020F40060086000BF0846006840F400706E
:100D900008600F48006800F48060012816D10C48F4
:100DA000006820F480600A49086000BF08460068B7
:100DB00040F4805008600846006820F480500860C5
:100DC00000BF0846006840F480600860704700007B
:100DD000004000582DE9FF4105460E461746022007
:100DE00001900295039627B101A801F08BF9044602
:100DF00004E0694601A801F03DF904461CB9002051
:100E000004B0BDE8F081022C01D10120F8E76FF0B9
:100E10000100F5E7F0B5024606E012F8015BFF2D90
:100E200001D00120F0BD491E02F007000028F4D1D6
:100E3000134600240BE0D3E9005008334FF0FF378E
:100E40007D407840054301D00120EBE7641CB4EB02
:100E5000D10FF0D3082000FB14111A4606E012F857
:100E6000015BFF2D01D00120DCE7491E0029F6D1EE
:100E70000020D7E72DE9FE4F0546894617469846DC
:100E800000200290A5F100603F4909880904890902
:100E9000B0FBF1F201FB1200C00A0190E819401EFC
:100EA000A0F100603849098809048909B0FBF1F212
:100EB00001FB1200C00A00903E46AA46CB46B9F19B
:100EC000000F05D007F0070010B905F0070018B1B2
:100ED0006FF00400BDE8FE8F2C48406900F0004030
:100EE00010B16FF00300F5E7DDE90010884203D090
:100EF000C5F30A00C0F50066019C3FE0314650464C
:100F0000FFF788FF60B3B8F1000F02D16FF0040063
:100F1000E0E74FF0006000EBC421021440460AF005
:100F20006DFBB2B2CAF30A0101EB080059460AF0A0
:100F300065FB002201212046FFF74CFF18B16FF03E
:100F4000010002901DE04FF0006101EBC4200A1483
:100F5000414600F039F868B16FF00200029010E0ED
:100F600032465946504600F02FF818B16FF0020093
:100F7000029006E0B244B344BE1B641C0098844255
:100F8000BCD900BF0298A5E7E075FF1F00400058DC
:100F900070B5064614461D460DE000BF00BF094867
:100FA0000069C0F3C0400028F8D122462B463146E4
:100FB000012001F0F3F8D6E90001604069400843E0
:100FC000EBD170BD004000582DE9FC4704460D46AA
:100FD00016462F464FF00008C1461AE0082239464F
:100FE00068460AF00BFB4FF0FF33DDE90010594073
:100FF0005840014305D02046DDE90023FFF7C8FF34
:10100000804608340837B8F1000F00D004E009F139
:101010000109B9EBD60FE1D300BF4046BDE8FC871C
:10102000034840690349084301494861704700008B
:1010300000400058040001000649496921F47E710E
:10104000022202EBC00242F480321143014A516194
:10105000704700000040005810B50849496941F048
:101060000101064C6161026000BF00BF00BFBFF319
:101070006F8F00BF00BF00BF436010BD004000582D
:10108000F0B50246402314460D46104E766946F4EC
:1010900080260E4F7E6100BFEFF31086304672B699
:1010A00000BF2E682660241D2D1D5E1EF3B2002B8E
:1010B000F7D100BF054E3669C6F30046002EF9D1C0
:1010C00000BF80F3108800BFF0BD00000040005852
:1010D00070B5054601F030FA064606E001F02CFA3C
:1010E000801BA84201D3032070BD1E48006900F494
:1010F0008030B0F5803FF1D01A48046904F0010057
:1011000020B100BF01201749086100BF4CF2FA303E
:10111000044000BF04F0404030B11248806904F040
:10112000404108430F49886124F0404018B124F041
:1011300040400C49086100BF1CB10B4844600120CD
:10114000D2E706E001F0F8F9801BA84201D30320A2
:10115000CAE70448006900F48020B0F5802FF1D080
:101160000020C1E7004000583006002070B500257F
:1011700008F02EFB044640F6B830844201D9FE2523
:101180000EE0B4F5E16F01DA002509E0A4F5E160B5
:10119000C0EBC01040004FF49661B0FBF1F0C5B257
:1011A000284670BD70B5002400BF0848006804469A
:1011B000601C48B901F0CCF9054601F0CFF9454073
:1011C00001F0D2F985EA0004204670BD8075FF1F4A
:1011D00010B502460B46002112E001EB01140A484B
:1011E00000681030005D904208D101EB0114064800
:1011F0000068103020441860002010BD481CC1B2A7
:101200000A29EAD30320F8E7B800002010B586B019
:1012100000246846FFF770FD0198FFF744F904B217
:10122000204606B010BD000000BF08488068014697
:1012300003E000BF05488068014600BF034880689E
:101240008842F6D1C1F1FF3070470000002800400D
:101250002DE9F0410446002500BF1D480068054601
:10126000681CC0B901F074F9804601F07DF908EB03
:10127000000601F073F90746300EE071300CA071E2
:10128000300A60712671380EE070380CA070380A90
:10129000607027701AE0E571280AA071280C60714F
:1012A000280E207100BF0A48001D00780546E57031
:1012B00000BF0748001D00686FF07F4101EA102061
:1012C0000546A570280A6070280C2070BDE8F081E2
:1012D0008075FF1F2DE9F84304460020009000268A
:1012E00000BF94F85400012802D10220BDE8F88321
:1012F000012084F8540000BF2046FFF7DFFA814642
:10130000206803F0B9FD00287DD1A06D20F4807025
:1013100040F00200A0652068C06848F2030100EABE
:1013200001082068C06888432168C860002528E05B
:10133000206881683C4A114041F00041816000BF53
:1013400013E00098401C00900098B0F52E3F0CD39D
:10135000A06D20F0020040F01000A06500BF00204A
:1013600084F8540000BF0120C0E720688168C90FDD
:101370000029E6D12068D0F8B41001F07F010E44B6
:101380006D1C082DD4D3B6FBF5F620688168264A7B
:101390001140491C816000BF31462068D0F8B4205C
:1013A00022F07F020A43C0F8B42000BF20688168A1
:1013B0001D4A1140891C816000BF01F0BDF807463D
:1013C00012E001F0B9F8C01B02280DD9206803F023
:1013D00053FD48B1A06D40F01000A065E06D40F0F5
:1013E0000100E065012081E7206803F045FD002849
:1013F000E7D12068C06840EA08002168C860A06D95
:1014000020F0020000E003E040F00100A06503E0EE
:10141000A06D40F01000A06500BF002084F85400CB
:1014200000BF484662E70000E8FFFF7F2DE9F84370
:1014300005460C460027002000902869B0F1004FB7
:1014400003D07E492869884200D100E000BF00BF78
:1014500095F85400012802D10220BDE8F88301204C
:1014600085F8540000BF286803F010FD00287DD1E6
:10147000606802287BD02869B0F1004F03D06F4923
:101480002869884208D128682168826AC1F311035B
:101490001A43826200BF37E0207900F01F020F205C
:1014A0009040296E81432068C0F3110018B920686C
:1014B000C0F3846004E0206890FAA0F0B0FA80F0F5
:1014C000227902F01F0290400143296601216068E1
:1014D00001EB9001E869814216D82868D4E900211F
:1014E000836A01F01F084FF00F0C0CFA08FC23EA86
:1014F0000C0301F01F08C2F3836C0CFA08FC43EAEA
:101500000C03836200BF00BF2868A268216843699A
:1015100023EA0123DFF828C102EA0C0C0CEA012CB3
:1015200043EA0C03436100BF206800F0004000283C
:101530007DD000BF4348006800F0E07600BF42491C
:10154000206888421BD106F40000C0B946F40001AF
:101550003C4803F0B1FC3D4800683D49B0FBF1F068
:10156000401C00EB40008000009004E05AE020E0C6
:101570000098401E009000980028F9D157E03549A6
:101580002068884208D106F0807028B946F0807142
:101590002C4803F091FC4AE02F492068884246D14C
:1015A00006F4800048BB46F48001264803F084FC22
:1015B0003DE02869B0F1004F03D0204928698842F6
:1015C00008D128682168826AC1F311039A438262B4
:1015D00000BF00BF206800F0004070B100BF194894
:1015E000006800F0E07600BF17492068884205D106
:1015F00026F40001134803F05FFC18E01549206849
:10160000884205D126F080710E4803F055FC0EE0AB
:101610001149206888420AD126F48001094803F064
:101620004BFC04E0A86D40F02000A865012700BF36
:10163000002085F8540000BF38460EE70400008003
:1016400000FFFF0308270140001000B0B400002095
:10165000400D0300004000B8002000B470B50446FF
:101660000CB9012070BDA06D40F00200A0652046BD
:10167000FFF7EEF805466DB92046FFF71FF905465E
:101680000DB90120A06520688168204A1140816061
:1016900000BF00BF2068406840F29F318843216846
:1016A000486040F29F30216808602068C06818498F
:1016B00008402168C8602068006920F04040216827
:1016C00008612068406920F00700216848612068AF
:1016D000006A00F0F020216808622068806A00201B
:1016E000216888620B48006820F0FE700949086094
:1016F000204600F065F900202066E065A06500BF87
:1017000084F8540000BF2846ACE70000E8FFFF6FF4
:1017100000023E830827014001460868006C7047BC
:101720002DE9F84304464FF000080025002600206C
:10173000009014B90120BDE8F88394F83C0001281A
:1017400000D100BF206920B12069B0F5001F00D191
:1017500000BFA06D30B9204600F044F90020E065DC
:1017600084F85400206803F08CFBB0B920688168CD
:101770008C4A114041F08051816000BF8A48006866
:101780008A49B0FBF1F0401C4000009002E0009854
:10179000401E009000980028F9D1206803F071FBEA
:1017A00048B9A06D40F01000A065E06D40F0010068
:1017B000E0654FF00108206803F068FB0746A06D64
:1017C00000F0100000287DD1002FFCD1A06D20F486
:1017D000807040F00200A065206803F048FB0028FC
:1017E00078D1207EA16841EA8031607E41EAC03133
:1017F000A07E41EA4030216B11B14FF4805100E0EE
:1018000000210843E1680843216901F0004119B152
:10181000216921F0004101E04FF40011084394F8E0
:101820002C1040EA410005432020005D01280CD126
:10183000A07E10B945F4803507E0A06D40F020008F
:10184000A065E06D40F00100E065606A28B1A08C01
:1018500000F4E070A16A084305432068C068544959
:10186000084028432168C860606800F04040E16C8F
:101870000843064394F83C0001280BD1606800F04F
:10188000404040F00100216C0843616C0843A16CAA
:1018900008430643206800694649084030432168F0
:1018A00008616068B0F1404F14D06068B0F1804FBB
:1018B00010D06068B0F1004F0CD03F48006820F4B1
:1018C000701001E066E005E0616801F47011084302
:1018D000394908600021626B206803F0F3FA374948
:1018E000A26B206803F0EEFA206930B92068806AA4
:1018F00060F00F002168886229E02069B0F5001FC0
:1019000025D1002008E08200216ED14001F00F01B6
:101910000F2900D102E0401C0828F4D300BF0128A1
:1019200006D12168896A61F00F01226891620DE099
:10193000217F491E1F2202EA81026FF00F019140B0
:10194000226E11432268926A2268916200BF0020D1
:1019500021684A698446072303FA0CF31A4022FAE5
:101960000CF2606B824208D10020E065A06D20F08F
:10197000020040F00100A06512E0A06D20F002001E
:1019800040F01000A065E06D40F00100E0654FF010
:10199000010805E0A06D40F01000A0654FF00108BF
:1019A0004046C8E6E8FFFF7FB4000020400D03007A
:1019B0000102FEFF02FCFF1F0827014004FFFF0396
:1019C000074A0168914209D149154FF0B042126EA1
:1019D0008A434FF0B0431A6600BF00BF7047000053
:1019E0000024014008B50146094A086890420ED11A
:1019F00040154FF0B042126E02434FF0B0431A66EA
:101A00001A46126E0240009200BF00BF00BF08BD20
:101A1000002401402DE9F04104460D466069082884
:101A200001D108260CE02068C06800F0010030B148
:101A3000A06D40F02000A0650120BDE8F0810426E3
:101A400000F07AFD074616E0681CA0B100F074FDB6
:101A5000C01BA84200D875B920680068304050B952
:101A6000A06D40F00400A06500BF002084F8540081
:101A700000BF0320E1E72068006830400028E3D081
:101A8000A06D40F40070A065206803F004FA00B374
:101A9000A07EF0B92068006800F00800082818D17E
:101AA000206803F0F3F960B92068406820F00C006A
:101AB00021684860A06D20F4807040F00100A065AE
:101AC00007E0A06D40F02000A065E06D40F001004F
:101AD000E065207E10B90C20216808600020ACE78A
:101AE00070B50446206803F0D1F948BB00BF94F8F4
:101AF0005400012801D1022070BD012084F8540057
:101B000000BF2046FEF71EFF0546A5B9A06D40F6B2
:101B10000161884340F48070A0650020E0651C20CE
:101B20002168086000BF002084F8540000BF2068CE
:101B300003F0BAF905E000BF002084F8540000E08B
:101B400002252846D8E770B5044600BF94F8540033
:101B5000012801D1022070BD012084F8540000BF8B
:101B60002046FEF775FE054655B92046FEF7A6FE4F
:101B700005462DB9A06D20F4807040F00100A065ED
:101B800000BF002084F8540000BF2846E3E70000AF
:101B900000BF0448406840F001000249486000BFAF
:101BA00070470000002004E000BF0448406840F097
:101BB00004000249486000BF70470000002004E0B4
:101BC00000BF0448406840F002000249486000BF7E
:101BD00070470000002004E0014609B90120704769
:101BE00091F82500022808D00420C86300BF002017
:101BF00081F8240000BF0120F1E70868006820F0A8
:101C00000E000A681060886C006820F480708A6C8E
:101C100010600868006820F001000A68106091F800
:101C2000440000F01C02012090400A6C5060D1E991
:101C300013205060486D40B1486D006820F48070FA
:101C40004A6D1060D1E916205060012081F825000E
:101C500000BF002081F8240000BF00BFBFE770B5BF
:101C60000446002594F82500022803D00420E063F0
:101C7000012534E02068006820F00E00216808602B
:101C80002068006820F0010021680860A06C0068EE
:101C900020F48070A16C086094F8440000F01C01EE
:101CA00001208840216C4860D4E913104860606DC1
:101CB00040B1606D006820F48070616D0860D4E907
:101CC00016104860012084F8250000BF002084F829
:101CD000240000BFA06B10B12046A16B88472846A6
:101CE00070BD000010B504460CB9012010BD20687D
:101CF000006820F0010021680860274920688842B8
:101D00000BD226492068401A1421B0FBF1F0800064
:101D100060642248083820640AE01F492068401A9D
:101D20001421B0FBF1F0800060641B480838206487
:101D300000202168086094F8440000F01C01012094
:101D40008840216C48602046FEF770FF0020A16C9F
:101D50000860D4E913104860606858B160680428CE
:101D600008D82046FEF78CFF0020616D0860D4E99A
:101D70001610486000206065A065E065E0622063A1
:101D80006063A063E06384F8250000BF84F824004A
:101D900000BF00BFAAE7000008040240080002409C
:101DA00070B50446206C05682068066894F8440005
:101DB00000F01C01042088402840E0B106F0040037
:101DC000C8B12068006800F0200028B920680068C9
:101DD00020F004002168086094F8440000F01C0121
:101DE00004208840216C4860206B002865D0204684
:101DF000216B884761E094F8440000F01C01022048
:101E00008840284088B306F0020070B3206800685C
:101E100000F0200040B92068006820F00A00216826
:101E20000860012084F8250024492068884208D9E8
:101E300094F8440000F01C0102208840204908600A
:101E400008E094F8440000F01C01022088401B497F
:101E50008039486000BF002084F8240000BFE06A99
:101E600058B32046E16A884727E0FFE794F844002A
:101E700000F01C01082088402840F0B106F008005E
:101E8000D8B12068006820F00E002168086094F83E
:101E9000440000F01C0101208840216C48600120B2
:101EA000E06384F8250000BF002084F8240000BF10
:101EB000606B10B12046616B884770BD80000240A6
:101EC0000404024010B504460CB9012010BD33498A
:101ED000206888420BD232492068401A1421B0FB96
:101EE000F1F0800060642E48083820640AE02B4935
:101EF0002068401A1421B0FBF1F08000606427488C
:101F000008382064022084F825002068006847F61D
:101F1000F071884321680860D4E90201084321690F
:101F2000084361690843A1690843E1690843216ADC
:101F30000843216809680843216808602046FEF7C5
:101F400075FEA068B0F5804F01D100206060207957
:101F500000F07F00A16C0860D4E91310486060684D
:101F600060B16068042809D82046FEF789FE002089
:101F7000616D0860D4E91610486003E000206065D8
:101F8000A065E0650020E063012084F8250000BF23
:101F9000002084F8240000BF00BF97E70804024037
:101FA000080002402DE9F04104460D4616461F4642
:101FB0004FF0000800BF94F82400012802D102204D
:101FC000BDE8F081012084F8240000BF94F82500CA
:101FD00001283FD1022084F825000020E06320681A
:101FE000006820F00100216808603B46324629461F
:101FF0002046FEF759FE206B30B12068006840F0A3
:102000000E00216808600BE02068006820F00400E2
:10201000216808602068006840F00A0021680860B4
:10202000A06C006800F4803028B1A06C006840F417
:102030008070A16C0860606D28B1606D006840F42C
:102040008070616D08602068006840F001002168C0
:10205000086008E08020E06300BF002084F82400CE
:1020600000BF4FF001084046AAE701B5009807F00D
:10207000E3FE08BD2DE9F04104460F4600BF2048AD
:102080000078012802D10220BDE8F08101201C491E
:10209000087000BF002048604FF47A70FFF718F80E
:1020A00006462EBB2068042807D1FEF7B9FF4FF47F
:1020B0007A70FFF70DF8064618E04FF0FF303860F1
:1020C00065680BE02846FEF7B7FF4FF47A70FEF71D
:1020D000FFFF06460EB13D6005E06D1CD4E901012D
:1020E0000844A842EED800BFFEF72CFEFEF734FEEF
:1020F00000BF00200249087000BF3046C4E700005E
:102100003006002070B5044600BF1A480078012848
:1021100001D1022070BD01201649087000BF0020C7
:102120004860206888604FF47A70FEF7D1FF05465A
:1021300025B100BF00200F49087018E000BF0E480D
:10214000406940F040700C49486100BF2068042895
:1021500005D1002007490861FEF762FF07E0054945
:10216000A0684861606808616068FEF765FF2846FE
:10217000D0E700003006002000400058002006494B
:10218000496941F00041044A51611146496901F031
:10219000004101B901207047004000582DE9F0418D
:1021A0000646884614461D4600BF18480078012898
:1021B00002D10220BDE8F08101201449087000BF5F
:1021C000002048604FF47A70FEF782FF0746AFB9EF
:1021D000012E05D122462B464046FEF73DFF03E087
:1021E00021464046FEF74CFF4FF47A70FEF770FF31
:1021F000074607484069B0430549486100BF0020D1
:102200000249087000BF3846D4E7000030060020BD
:102210000040005800200849496901F0004151B1CF
:102220000649054A9160064991601146496901F0E5
:10223000004101B10120704700400058230167456B
:10224000AB89EFCDF0B502460B4600206EE00125CC
:10225000854005EA0301002967D0374D860855F807
:10226000264085072E0F0725B5402C40B2F1904F30
:1022700001D100250AE0314DAA4201D1012505E036
:102280002F4DAA4201D1022500E007258607360F0F
:10229000B540A54223D12B4D2D688D43294E356085
:1022A000351D2D688D43361D3560264D803D2D68CA
:1022B0008D43244E803E3560351D2D688D43361D7F
:1022C000356085072E0F072505FA06F41A4D860896
:1022D00055F82650A543184E870846F8275015682C
:1022E00047000326BE4035431560C60802F12005AD
:1022F00055F826504607F70E0F26BE40B543C708CF
:1023000002F1200646F82750956847000326BE4094
:10231000B5439560556801268640B5435560D5683C
:1023200047000326BE40B543D560401C23FA00F5A4
:10233000002D8CD1F0BD00000800014000040048D1
:10234000000800488008005810B50446012C08D148
:1023500005480078012803D10021022009F032FA53
:1023600000E000BF00BF10BD9400002010B504467F
:1023700004480068204020B1024804602046FFF76E
:10238000E3FF10BD0C08005870B503460A46002153
:10239000ACE001268E40156805EA0604002C6ED0DC
:1023A000157905F00305012D04D0157905F0030515
:1023B000022D13D198684E000325B540A8434E0066
:1023C000D568B54028439860586801258D40A843DA
:1023D0001579C5F300158D4028435860157905F02F
:1023E0000305032D09D0D8684E000325B540A84346
:1023F0004E009568B5402843D860157905F003056F
:10240000022D13D1CE0803F1200555F826004D0703
:10241000EE0E0F25B540A8434E07F60E1569B540E0
:102420002843CE0803F1200545F8260018684E0021
:102430000325B540A843157905F003054E00B540C6
:1024400028431860556805F44035002D4DD02A4DBD
:102450008E0855F826008D072E0F0725B540A84396
:10246000B3F1904F01D100250BE0244DAB4201D1D7
:10247000012506E0224DAB4202D1022501E034E005
:1024800007258E07360FB54028431B4D8E0845F8AB
:1024900026001C4D2868A043556805F4801505B139
:1024A0002043184D28602D1D2868A043556805F469
:1024B000001505B12043134D2D1D2860114D8035A9
:1024C0002868A043556805F4803505B120430D4DBB
:1024D000803528602D1D2868A043556805F4003517
:1024E00005B12043074D84352860491C1568CD404F
:1024F000002D7FF44EAF70BD08000140000400487D
:102500000008004800080058024613690B400BB150
:10251000012000E00020704710B5426921EA020363
:1025200002EA010443EA0443836110BD0AB18161F8
:1025300000E081627047000010B500240348007875
:1025400010B107F0BBFC0446204610BD000000207F
:1025500001480068704700009075FF1F014800683F
:10256000704700009475FF1F014800687047000025
:102570009875FF1F10B50024032000F089F800F0C3
:1025800067FB064908600F2000F00AF808B1012433
:1025900001E000F008F8204610BD0000B400002063
:1025A000014600207047704710B5014608460028D4
:1025B00017DB00F01F0301229A400B4B440943F83C
:1025C000242000BF00BF00BFBFF34F8F00BF00BF7C
:1025D00000BF00BF00BF00BFBFF36F8F00BF00BFD1
:1025E00000BF00BF10BD000080E100E001460846CA
:1025F00000280DDB00BF00BF00F01F0301229A403E
:1026000043099B0003F1E023C3F8002100BF00BF92
:1026100000BF70472DE9F05F80460D46164609F071
:10262000E3FA074639462A46334601F00700C0F16F
:10263000070ABAF1040F02D94FF0040A01E0C0F111
:10264000070AD14600F1040ABAF1070F02D24FF08F
:10265000000A01E0A0F1030AD4464FF0010A0AFA89
:1026600009FAAAF1010A0AEA020A0AFA0CFA4FF078
:10267000010B0BFA0CFBABF1010B0BEA030B4AEA63
:102680000B042146404609F0B7FABDE8F09F000070
:1026900000BF00F00702064B19684FF6FF03194010
:1026A000044B0B4343EA0221014B196000BF704702
:1026B0000CED00E00000FA051248006820F48040AC
:1026C000104A106010480068322250430F4AB0FB95
:1026D000F2F100E0491E0B481430006800F400706D
:1026E000B0F5007F01D10029F4D10648143000680C
:1026F00000F40070B0F5007F01D103207047002086
:10270000FCE7000000040058B400002040420F0025
:102710000348006840F480400149086070470000A9
:10272000000400580D49096821F00701891C0B4A73
:1027300011600B49096841F00401094A1160012840
:1027400001D130BF02E040BF20BF20BF044909686B
:1027500021F00401024A1160704700000004005893
:1027600010ED00E00248006800F4C060704700000F
:10277000000400580348006840F480700149086074
:10278000704700000004005870B504460D4654B967
:102790001048006800F40070B0F5007F0AD1FFF720
:1027A0008BFF38B170BD0B48006800F4007008B9A9
:1027B000FFF7AEFF0848006820F0040006490860F3
:1027C000012D01D130BF02E040BF20BF20BF00BFBC
:1027D000E8E700001404005810ED00E02DE9F04196
:1027E000044600270026B046206800F48030B0F58B
:1027F000803F5FD1FFF7BEFFFFF79EFE054606E074
:10280000FFF79AFE401B022801D9032606E07E4806
:10281000006800F48070B0F5807FF1D100BF002E19
:1028200047D100BF7948006800F44070616B88426E
:102830001AD07648006820F4407700BF4FF0B040CF
:10284000D0F8900040F480307049086000BF00BFAD
:102850004FF0B040D0F8900020F48030086000BF06
:102860004FF0B040C0F8907007F00200022811D17C
:10287000FFF762FE054608E0FFF75EFE401B41F2EF
:102880008831884201D9032603E002F0D1FB0128F8
:10289000F2D100BF5EB9606B5C49096821F44071F8
:1028A00001434FF0B042C2F8901000BF02E0B046C2
:1028B00000E0B046207800F0010010B1606802F03E
:1028C00031FC207800F00200022802D1A06802F05A
:1028D00029FC207800F0200020280CD120694B49E9
:1028E0000839096821F4406101434FF0B042C2F851
:1028F000881000BF00BF208800F40070B0F5007F92
:1029000002D1206A02F000FC208800F48060B0F55B
:10291000806F02D1606A02F0F7FB208800F400604B
:10292000B0F5006F02D1A06A02F0EEFB207800F053
:102930004000402802D1606902F0D2FB207800F00C
:102940008000802802D1A06902F0CAFB208800F430
:102950008070B0F5807F02D1E06902F0C1FB207881
:1029600000F01000102815D1E068284908390968DE
:1029700021F4407101434FF0B042C2F8881000BF0B
:10298000E068B0F5807F05D11046C06840F08070E7
:102990001146C860208800F40040B0F5004F13D104
:1029A000206B1A490839096821F0404101434FF072
:1029B000B042C2F8881000BF206B28B91046C0682A
:1029C00040F080701146C860208800F48040B0F567
:1029D000804F15D1E06A0D490839096821F040514E
:1029E00001434FF0B042C2F8881000BFE06AB0F176
:1029F000005F05D11046C06840F480301146C860C1
:102A00004046BDE8F08100000004005890000058E6
:102A100070B504460E460CB9012070BD88480068A8
:102A200000F00700B04217D28548006820F0070088
:102A3000304383490860FFF77FFD054606E0FFF756
:102A40007BFD401B022801D90320E6E77C48006893
:102A500000F00700B042F2D1207800F00200022816
:102A60001DD1A0684FF0B041896821F0F001014309
:102A70004FF0B042916000BFFFF75EFD054606E0F3
:102A8000FFF75AFD401B022801D90320C5E700BF0C
:102A90004FF0B0408068C0F300400028F0D02078AC
:102AA00000F0400040281DD160696649096821F0A6
:102AB0000F0141EA10114FF0B042C2F8081100BFF7
:102AC000FFF73AFD054606E0FFF736FD401B0228FA
:102AD00001D90320A1E700BF5A480068C0F30040B5
:102AE0000028F1D0207800F0040004281DD1E0680F
:102AF0004FF0B041896821F4E06101434FF0B042EA
:102B0000916000BFFFF718FD054606E0FFF714FDD2
:102B1000401B022801D903207FE700BF4FF0B040DF
:102B20008068C0F340400028F0D0207800F0080012
:102B300008281ED12169C8004FF0B041896821F4EE
:102B4000605101434FF0B042916000BFFFF7F4FCC9
:102B5000054606E0FFF7F0FC401B022801D90320E0
:102B60005BE700BF4FF0B0408068C0F380400028B2
:102B7000F0D0207800F0010098B36068022804D1FA
:102B800002F02EFAA8B9012047E76068032804D1B3
:102B900002F09FFA68B901203FE7606820B902F0AF
:102BA00072FA30B9012038E702F020FA08B90120A2
:102BB00033E760684FF0B041896821F003010143B9
:102BC0004FF0B042916000BFFFF7B6FC054609E048
:102BD000FFF7B2FC401B41F28831884202D9032042
:102BE0001BE705E002F0D4F96168B0EB810FEFD18B
:102BF0001348006800F00700B04217D91048006879
:102C000020F0070030430E490860FFF795FC0546A9
:102C100006E0FFF791FC401B022801D90320FCE6E7
:102C20000748006800F00700B042F2D100F010F849
:102C30000549086005480068FFF7B2FCEDE60000B2
:102C40000040005808010058B4000020AC000020EB
:102C500010B500F02FF84FF0B041896801F0F00195
:102C60000909034A52F82110B0FBF1F010BD000031
:102C700010D3000810B5FFF7EBFF4FF0B0418968A3
:102C800001F4E061090A024A12F82110C84010BD9F
:102C900050D3000810B5FFF7DBFF4FF0B041896853
:102CA00001F46051C90A024A12F82110C84010BD4F
:102CB00050D300082DE9F0414FF00008002702F042
:102CC00067F9044602F0F9F906461CB10C2C35D11F
:102CD000012E33D102F0D1F9B0B902F0CEF90128BA
:102CE00006D100BF4FF0B040006800F0F00005E0F2
:102CF00000BF3448006800F4706000BFC0F30320D8
:102D0000314951F8200015E002F0B7F9012806D149
:102D100000BF4FF0B040006800F0F00005E000BFD9
:102D20002848006800F4706000BFC0F30310264913
:102D300051F8200007468CB9B8460FE0042C02D1A8
:102D4000DFF888800AE0082C08D102F043F9012856
:102D500002D1DFF8788001E0DFF8748002F018F922
:102D60000C282BD102F0A9F90646012E0FD0022E15
:102D700002D0032E0AD101E0144D0AE002F02AF934
:102D8000012801D1114D00E0114D02E000BF3D4688
:102D900000BF00BF02F097F968434FF0B041C96827
:102DA00001F07001012202EB1111B0FBF1F14FF0C3
:102DB000B040C06802EB5070B1FBF0F84046BDE88F
:102DC000F08100009400005870D300080024F40043
:102DD0000048E8012DE9F047044614B90120BDE898
:102DE000F08702F0D5F8074602F067F9064620782A
:102DF00000F0200020286ED11FB10C2F63D1012ECE
:102E000061D102F040F918B1206A08B90120E6E763
:102E10004FF0B040A16A006800F0080028B14FF000
:102E2000B040006800F0F00004E0FD48006800F4E5
:102E30007060000981421CD9A06A03F0F1FB08B15F
:102E40000120CCE700BF4FF0B040006840F0080020
:102E50004FF0B04108600846006820F0F000A16A19
:102E600008434FF0B041086000BF606A02F011F9FA
:102E70001BE000BF4FF0B040006840F008004FF08A
:102E8000B04108600846006820F0F000A16A0843DD
:102E90004FF0B041086000BF606A02F0FAF8A06A23
:102EA00003F0BEFB08B1012099E7FFF7D1FEDD4931
:102EB0000860DD480068FFF773FB8146B9F1000F39
:102EC00045D048468BE7206A40B302F0CDF8FFF7C3
:102ED00033FB054607E03AE0FFF72EFB401B0228D4
:102EE00001D903207BE702F0CEF80028F4D000BF20
:102EF0004FF0B040006840F008004FF0B04108606B
:102F00000846006820F0F000A16A08434FF0B04185
:102F1000086000BF606A02F0BCF818E000BF4FF024
:102F2000B040006820F001004FF0B041086000BFE1
:102F3000FFF702FB054606E0FFF7FEFA401B0228FA
:102F400001D903204BE702F09EF80028F4D1207845
:102F500000F0010000285ED0082F03D00C2F08D10C
:102F6000032E06D102F03CF8C8B36068B8BB01205C
:102F700035E74FF0B040006820F48010A1680843A6
:102F80004FF0B041086000BF6068B0F5803F02D1EB
:102F900002F017F81CE06068B0F5041F0CD100BF08
:102FA0004FF0B040006840F400104FF0B0410860AE
:102FB00000BF02F006F80BE000BF4FF0B040006821
:102FC00020F480304FF0B041086000BF01F0F0FF06
:102FD00000BF606880B1FFF7AFFA054607E01AE06E
:102FE000FFF7AAFA401B642801D90320F7E601F095
:102FF000F7FF0028F4D00EE0FFF79EFA054606E042
:10300000FFF79AFA401B642801D90320E7E601F094
:10301000E7FF0028F4D1207800F00200022848D110
:10302000042F03D00C2F0CD1022E0AD101F0DEFFA9
:1030300018B1206908B90120D1E6606901F0DCFF10
:1030400037E02069E0B100BF4FF0B040006840F4C5
:1030500080704FF0B041086000BFFFF76DFA054681
:1030600006E0FFF769FA401B022801D90320B6E603
:1030700001F0BCFF0028F4D0606901F0BDFF18E04A
:1030800000BF4FF0B040006820F480704FF0B041B6
:10309000086000BFFFF750FA054606E0FFF74CFA5C
:1030A000401B022801D9032099E601F09FFF002868
:1030B000F4D1207800F0080008285CD1A069E0B3C2
:1030C0005748D0F8008008F01001E069884226D007
:1030D00008F00200022804D108F0010008B901201C
:1030E0007DE608F0010080B101F0AAFFFFF724FAA5
:1030F000054606E0FFF720FA401B112801D90320FE
:103100006DE601F0A9FF0028F4D14548006820F0E1
:103110001000E16908434FF0B041C1F8940000BFCE
:103120003F48006840F001004FF0B041C1F8940002
:1031300000BFFFF701FA054607E00BE0FFF7FCF9D7
:10314000401B112801D9032049E601F085FF002822
:10315000F4D010E001F074FFFFF7EEF9054606E049
:10316000FFF7EAF9401B112801D9032037E601F0E7
:1031700073FF0028F4D1207800F00400042868D1FF
:1031800001F0D8FE80B9FFF7F5FAFFF7D5F905464B
:1031900006E0FFF7D1F9401B022801D903201EE603
:1031A00001F0C8FE0028F4D0E068F8B3E068852894
:1031B00002D0E068052808D11948001F006840F0D7
:1031C00004004FF0B041C1F89000FFF7B5F9054693
:1031D0001348001F006840F001004FF0B041C1F8F3
:1031E000900008E0FFF7A8F9401B41F288318842BF
:1031F00001D90320F3E501F013FF0028F2D0E068C5
:10320000812802D0E068852824D1FFF795F905468A
:103210000348001F006840F080004FF0B04106E016
:1032200094000058B4000020AC0000202EE0C1F84B
:10323000900008E0FFF780F9401B41F28831884296
:1032400001D90320CBE57148006800F40060002834
:10325000F0D04FE0FFF770F905466C48006820F0A9
:1032600080004FF0B041C1F8900008E0FFF764F92A
:10327000401B41F28831884201D90320AFE5634801
:10328000006800F400600028F0D133E0FFF754F943
:1032900005465E48006820F080004FF0B041C1F85C
:1032A000900008E0FFF748F9401B41F2883188425E
:1032B00001D9032093E55548006800F40060002818
:1032C000F0D1FFF739F905465048006820F00100B9
:1032D0004FF0B041C1F8900008E0FFF72DF9401B16
:1032E00041F28831884201D9032078E501F098FE47
:1032F0000028F2D1E06AD0B30C2F66D0E06A022831
:1033000042D101F0D1FEFFF717F9054606E0FFF7BD
:1033100013F9401B0A2801D9032060E501F0D9FE0A
:103320000028F4D1D4E90C010843A16B40EA012044
:10333000E16B0843216C0843616C08434FF0B041D6
:10334000C968334A114008434FF0B041C86000BF1C
:103350000846006840F08070086000BF0846C068FA
:1033600040F08050C860FFF7E7F8054607E04AE004
:10337000FFF7E2F8401B0A2801D903202FE501F0EE
:10338000A8FE0028F4D03EE001F08EFE4FF0B040E1
:10339000C06820F003004FF0B041C8600846C06824
:1033A0001C4908404FF0B041C860FFF7C5F805461A
:1033B00006E0FFF7C1F8401B0A2801D903200EE5FB
:1033C00001F087FE0028F4D11DE0E06A012800D159
:1033D00005E54FF0B040C66806F00301206B81425E
:1033E0000FD106F07001606B81420AD106F4FE41F4
:1033F000A06BB1EB002F04D106F06041606C8142FC
:1034000001D00120EBE40020E9E400009000005826
:103410008C80C111FFFFFEEE704700000346024A98
:1034200002EB81021068704700B1004010B50346FE
:10343000024800EB8100026010BD000000B10040B6
:10344000014600BF91F82C00012801D102207047ED
:10345000012081F82C0000BF022081F82D0000BF60
:10346000CA200E4A10605320106000BF0B480C3871
:10347000006840F02000094A0C3A106000BFFF20AD
:10348000064A106000BF012081F82D0000BF002017
:1034900081F82C0000BF00BFD9E7000024280040BD
:1034A00070B5054606F06AFC0446601C06F088FC10
:1034B00070BD000010B504460748006800F04000E9
:1034C00030B140200449083108602046FFF7E8FF8A
:1034D000012084F82D0010BD54280040014600BF93
:1034E00091F82C00012801D102207047012081F8B9
:1034F0002C0000BF022081F82D0000BFCA20114A15
:1035000010605320106000BF0E480C38006840F077
:1035100080000C4A0C3A10600B48006840F4802090
:10352000094A106000BFFF20064A106000BF01205A
:1035300081F82D0000BF002081F82C0000BF00BFE3
:10354000D3E70000242800408008005810B5044646
:1035500008F092F910BD000070B504460E480068EE
:10356000216B00EA010505F0010030B101200A4994
:10357000083108602046FFF7E9FF05F0020030B18E
:1035800002200549083108602046FFF745FF012069
:1035900084F82D0070BD000054280040024600BF92
:1035A00092F82C00012801D102207047012082F8F6
:1035B0002C0000BF022082F82D0000BFCA20244B3F
:1035C00018605320186000BFB1F5807F18D12048E3
:1035D0000C38006820F488501D4B0C3B18601C48C8
:1035E0002030006820F00040194B20331860106B29
:1035F00020F0010010630120154B3833186017E0EC
:1036000013480C38006820F40850114B0C3B18602C
:103610000F482830006820F000400D4B2833186018
:10362000106B20F0020010630220094B3833186041
:1036300000BFFF20064B186000BF012082F82D005C
:1036400000BF002082F82C0000BF00BFADE70000E3
:103650002428004070B504460125002C5AD094F867
:103660002D0028B9002084F82C00204600F058F8DE
:10367000022084F82D0000BFCA202749086053208B
:10368000086000BF204603F025F80546CDBB224860
:103690000C380068214908401F490C39086021692D
:1036A00060680843A16908431B490C39096808434D
:1036B00019490C3908602089E16841EA004016493F
:1036C00014390860D4E90901084313491839096815
:1036D00021F4F8510843104918390860204603F0D6
:1036E00021F805466DB9D4E907100843616908431C
:1036F00009490C39096821F06041084306490C3931
:10370000086000BFFF200449086000BF15B9012010
:1037100084F82D00284670BD24280040BFFF8FFB91
:1037200010B590B00446382102A8FCF76DFD1B4986
:103730002068884230D18013029000120F9002A8B6
:10374000FFF74CF808B1FDF7F9FA00BF144800681C
:1037500040F400404FF0B041C1F8900000BF4FF47A
:103760008060896D01434FF0B04291651146896DCB
:103770000140019100BF00BF002211460220FEF768
:1037800049FF0220FEF732FF002211462A20FEF7F1
:1037900041FF2A20FEF72AFF10B010BD002800408C
:1037A000900000582DE9F04305460C4617464FF0AF
:1037B000000800BF95F82C00012802D10220BDE8C6
:1037C000F083012085F82C0000BF022085F82D0031
:1037D0006E48006800F44076B6F5807F57D07FBB16
:1037E0006A480C30006800F0400000B102E00020A0
:1037F000E07000BF6069B0F1004F03D0206A00B9EB
:1038000000E000BF207802F057FF4FEA00496078DF
:1038100002F052FF49EA0029A07802F04DFF49EA80
:103820000009E07849EA805994F8240002F044FF46
:1038300049EA0060216A0843616940EA010826E01C
:10384000FFE76069B0F1803F0ED06069B0F5000F0E
:1038500009D04E480C30006800F0400000B102E092
:103860000020E07000BF00BF20780004617840EACB
:103870000120A1780843E17840EA815094F82410AF
:1038800040EA0160216A0843616940EA010800BF1B
:10389000CA203E49183108605320086000BFA06A62
:1038A000B0F5807F2ED139480C30006820F4885064
:1038B00036490C3108600120344950310860B6F5B2
:1038C000807F06D1D4E906010843304938310860C9
:1038D00007E02E483430C0F800802C493831A06908
:1038E00008602A49643160680860286B40F0010074
:1038F000286326480C30006840F4885023490C3176
:1039000008602DE021480C30006820F408501F4961
:103910000C31086002201D4950310860B6F5807FE7
:1039200006D1D4E90601084318494031086007E090
:1039300016483C30C0F8008014494031A069086046
:103940001249683160680860286B40F00200286303
:103950000E480C30006840F408500C490C310860E7
:103960000B48006840F400300949086000BFFF20A0
:1039700006491831086000BF012085F82D0000BFFE
:10398000002085F82C0000BF00BF18E70C2800407D
:10399000800800582DE9F04705460C46174600BF41
:1039A00095F82C00012802D10220BDE8F087012003
:1039B00085F82C0000BF022085F82D004FB96078F3
:1039C00000F01000102804D1607800F0EF000A30F9
:1039D000607097B9E07802F06FFE4FEA00496078B6
:1039E00002F06AFE49EA0029A07802F065FE49EA81
:1039F0000009207849EA403809E0E078000461785D
:103A000040EA0120A1780843217840EA413800BF0C
:103A1000CA20124908605320086000BF284602F0FF
:103A200059FE06464EB90E4808EA00000B492039F7
:103A30000860284602F076FE064600BFFF200749D0
:103A4000086000BF16B9012085F82D0000BF0020D6
:103A500085F82C0000BF3046A7E70000242800406E
:103A60003FFFFF002DE9F04705460C46904600BF9A
:103A700095F82C00012802D10220BDE8F087012032
:103A800085F82C0000BF022085F82D0000BFCA2059
:103A9000384908605320086000BF284602F01AFE2B
:103AA0000646002E52D133481838006800F44070A2
:103AB000B0F5807F4AD0B8F1000F1CD12D480C38EA
:103AC000006800F0400000B102E00020E07000BF9C
:103AD000207802F0F1FD4FEA0049607802F0ECFD39
:103AE00049EA0029A07802F0E7FD49EA0009E078F8
:103AF00049EA805713E01F480C38006800F0400086
:103B000000B102E00020E07000BF2078000461787E
:103B100040EA0120A1780843E17840EA815716483D
:103B2000384014492439086012480C38006820F4E1
:103B3000802010490C390860D4E9030108430D497D
:103B40000C39096808430B490C390860284602F013
:103B5000E9FD064600BFFF200649086000BF16B910
:103B6000012085F82D0000BF002085F82C0000BF43
:103B7000304682E7242800407F7F7F0070B50546ED
:103B80000C48006820F020000A490860FEF7D4FCC9
:103B9000044607E0FEF7D0FC001BB0F57A7F01D9A0
:103BA000032070BD0348006800F020000028F1D019
:103BB0000020F6E70C2800404FF0E020006940F0BC
:103BC00002004FF0E02108617047000070B5054623
:103BD0000C4614B1012C0BD104E080200649096881
:103BE000884706E04FF4807003490968884700E081
:103BF00000BF00BF70BD00006801002010B5044682
:103C0000402002490968884710BD00006801002073
:103C10002DE9F04704468A4616461F46B046A0796D
:103C2000012837D100BF6079012802D10220BDE808
:103C3000F0870120607100BF204604F0FFFE01F014
:103C400081F95146204604F0B7FE0021204604F0D9
:103C5000B3FE4FF0000909E04146204604F068FE3B
:103C600008F1010809F101001FFA80F9B945F3DBF9
:103C700001F07CF9204604F007FFA06808B1012597
:103C800000E000250120A07100BF0020607100BF8E
:103C90002846CCE70220CAE72DE9F04704460D4646
:103CA00090469946A07901283AD100BF6079012851
:103CB00002D10220BDE8F0870120607100BF2046DC
:103CC00004F0BCFE842D01D0942D02D1012020717E
:103CD00001E00020207101F035F92946204604F06A
:103CE0006BFE002706E018F80710204604F064FE7B
:103CF000781C87B24F45F6DB01F038F9842D02D0ED
:103D0000204604F0C1FEA06808B1012600E00026AC
:103D10000120A07100BF0020607100BF3046C9E7DC
:103D20000220C7E710B504462020024909688847E9
:103D300010BD00006801002010B5044610200249A3
:103D40000968884710BD00006801002038B50546A5
:103D50000020009002236A4612212846FFF758FFF0
:103D60009DF800409DF8010040EA042404F00100A1
:103D700010B1284600F070F9C4F3400010B1284695
:103D800000F04CF9C4F3800010B1284600F0A8F808
:103D9000C4F3C00010B1284600F054F9C4F3001079
:103DA00010B12846FFF7C8FFC4F3401010B12846F1
:103DB000FFF7B8FFC4F3801010B12846FFF71EFFCD
:103DC000C4F3C01058B1C4F3002020B1012128462B
:103DD000FFF7FCFE03E000212846FFF7F7FEC4F3DF
:103DE000402010B1284600F023F902236A46194604
:103DF0002846FFF751FF38BD38B5044614B90125F0
:103E0000284638BD0025A07920B9002060712046E1
:103E100000F04CF80220A07100BF2048006820F498
:103E200000404FF0B041C1F8940000BF1C4800684A
:103E3000C0EBC000C0F34C40642110FB01F00090C7
:103E400000BF009818B901250120A06006E0009885
:103E5000401E009001F0DCF80028F2D100BF01F014
:103E600085F84FF480500F49096801430D4A1160ED
:103E700000BF401001F070F800BF4FF400600A4925
:103E8000086000BF35B9206804F03EFD01202071B4
:103E90000020A0600120A0712846B2E794000058DD
:103EA000B4000020900800581804005838B50446A3
:103EB00001204FF0B041496E01434FF0B0425166CE
:103EC0001146496E0140009100BF00BF002211461B
:103ED0003220FEF79FFB3220FEF788FB38BD000042
:103EE00010B50446042002490968884710BD000047
:103EF000680100202DE9F04704468A4616461F4611
:103F0000B046A07901283BD100BF6079012802D1D9
:103F10000220BDE8F0870120607100BF204604F058
:103F20008DFD01F00FF81E21204604F045FD51469D
:103F3000204604F041FD0021204604F03DFD4FF0F5
:103F4000000909E04146204604F0F2FC08F10108AE
:103F500009F101001FFA80F9B945F3DB01F006F819
:103F6000204604F091FDA06808B1012500E000257D
:103F70000120A07100BF0020607100BF2846C8E783
:103F80000220C6E72DE9F04704460D46174698463D
:103F9000B946A07901283FD100BF6079012802D13C
:103FA0000220BDE8F0870120607100BF204604F0C8
:103FB00045FD00F0C7FF1D21204604F0FDFC290A45
:103FC000204604F0F9FCE9B2204604F0F5FC00219B
:103FD000204604F0F1FC4FF0000A09E04946204673
:103FE00004F0A6FC09F101090AF101001FFA80FAA8
:103FF000C245F3DB00F0BAFF204604F045FDA0689F
:1040000008B1012600E000260120A07100BF0020B9
:10401000607100BF3046C4E70220C2E710B5044615
:10402000022002490968884710BD0000680100208D
:1040300010B504464FF4007001490968884710BD67
:104040006801002010B50446082002490968884725
:1040500010BD00006801002010B50446012002498F
:104060000968884710BD0000680100202DE9F0476D
:104070000446894617469846A079012832D100BFE8
:104080006079012802D10220BDE8F087012060712B
:1040900000BF204604F0D2FC00F054FF0E21204661
:1040A00004F08AFC4946204604F086FC002605E020
:1040B000B95D204604F080FC701C86B24645F7DBF3
:1040C00000F054FF204604F0DFFCA06808B1012591
:1040D00000E000250120A07100BF0020607100BF3A
:1040E0002846D1E70220CFE72DE9F04704460D46E8
:1040F00090469946A079012839D100BF60790128FE
:1041000002D10220BDE8F0870120607100BF0220CB
:10411000A071204604F092FC00F014FF0D2120460F
:1041200004F04AFC290A204604F046FCE9B2204685
:1041300004F042FC002706E018F80710204604F0BF
:104140003BFC781C87B24F45F6DB00F00FFF2046A2
:1041500004F09AFCA06808B1012600E000260120C6
:10416000A07100BF0020607100BF3046CAE7022086
:10417000C8E74FF0E020006920F002004FF0E02196
:104180000861704710B504460CB9012010BD94F8C1
:104190003D0028B9002084F83C00204600F02AF8B1
:1041A000022084F83D00211D206805F0FFFE01205B
:1041B00084F8480000BF84F83E0001213F200155EB
:1041C0004020015541200155422001554320015511
:1041D00000BF00BF012084F844004520015546205F
:1041E00001554720015500BF012084F83D00002003
:1041F000CCE7000008B501460A4A086890420FD192
:104200004FF480204FF0B042126E02434FF0B043A3
:104210001A661A46126E0240009200BF00BF00BF2D
:1042200008BD000000480140014691F83D0001280A
:1042300001D001207047022081F83D00104B086832
:10424000984203D00868B0F1804F10D108688068A8
:104250000C4B00EA0302062A0FD0B2F5803F0CD0C7
:104260000868006840F001000B68186005E0086805
:10427000006840F001000B6818600020DAE70000D9
:10428000002C014007000100014600BF0868006AD9
:1042900041F21112104050B90868006A92101040A3
:1042A00028B90868006820F001000A68106000BFA3
:1042B000012081F83D000020704770B5044600BF22
:1042C00094F88000012801D1022070BD012084F8FB
:1042D000800000BF2420C4F884002068056820689E
:1042E000006820F001002168086045F000554FF09B
:1042F0000050606620680560204606F057F82020D0
:10430000C4F8840000BF002084F8800000BF00BF14
:10431000DBE7014600BF91F88000012801D10220AF
:104320007047012081F8800000BF00BF00BF0A680D
:1043300052E8002F42F002000B6843E80002002A16
:10434000F5D100BF00BF002081F8800000BF00BF92
:10435000E6E72DE9F04104460E461746D4F88800FA
:1043600020282DD106B117B90120BDE8F08100BF8A
:1043700094F88000012801D10220F6E7012084F89A
:10438000800000BFE0663A463146204606F076FEE1
:1043900005469DB9E06E01280FD110202168086202
:1043A00000BF00BF216851E8001F41F010002268E3
:1043B00042E800010029F5D100E001252846D4E7B4
:1043C0000220D2E770B505460C460F49286888429E
:1043D00018D10E4800684068C0F1640084B20C49EE
:1043E0000CA007F0D7FB224609491048FBF7F3FE63
:1043F00000200E4908550EA007F0CCFB21460448CA
:10440000FBF702FF70BD0000004400406404002080
:10441000B40100205541525432BDD3CAD5B5BDD7E1
:10442000D6B7FBB4AE3A2025730D0A000C0300206A
:104430005541525432B4E6B4A2B5C4D7D6B7FBB492
:10444000AE3A2025730D0A00704770B504460D463C
:1044500000BF94F88000012801D1022070BD012026
:1044600084F8800000BF2420C4F884002068066817
:104470002068006820F001002168086020688068DA
:1044800020F06060284321688860204605F08EFF98
:10449000206806602020C4F8840000BF002084F853
:1044A000800000BF00BFD9E770B504460D4600BFCD
:1044B00094F88000012801D1022070BD012084F809
:1044C000800000BF2420C4F88400206806682068AB
:1044D000006820F00100216808602068806820F0F2
:1044E0006040284321688860204605F05FFF20680F
:1044F00006602020C4F8840000BF002084F88000FB
:1045000000BF00BFD9E777B581B00446002500BFE2
:1045100094F88000012802D1022004B070BD01206F
:1045200084F8800000BF2420C4F88400206800685C
:1045300020F00100216808602068806820F44010A5
:104540000299084321688860029820B92046DDE975
:10455000021205F057FF2068006840F00100216852
:104560000860FDF7E9FF06466FF07E403346002203
:104570004FF480010090204606F0A2FE08B103250A
:1045800002E02020C4F8840000BF002084F88000EE
:1045900000BF2846C1E77047704770472DE9F047D4
:1045A00004462068C569206806682068876840F668
:1045B0000F0005EA0009B9F1000F0FD105F0200046
:1045C00060B106F0200010B907F0805030B1206FC4
:1045D00010B12046216F8847BDE8F087B9F1000F80
:1045E0007ED0CF48384018B9CE4830400028F7D0A8
:1045F00005F0010058B106F4807040B10120216837
:104600000862D4F88C0040F00100C4F88C0005F07A
:10461000020058B107F0010040B102202168086291
:10462000D4F88C0040F00400C4F88C0005F00400BD
:1046300058B107F0010040B1042021680862D4F8A5
:104640008C0040F00200C4F88C0005F0080070B146
:1046500006F0200010B9B248384040B10820216867
:104660000862D4F88C0040F00800C4F88C0005F40F
:10467000006060B106F0806048B14FF400602168CE
:104680000862D4F88C0040F02000C4F88C00D4F804
:104690008C0000284ED005F0200050B106F020001C
:1046A00010B907F0805020B1206F10B12046216F63
:1046B0008847D4F88CA02068806800F0400040282B
:1046C00002D00AF0280070B3204606F03BF82068BC
:1046D000806800F04000402821D100BF00BF00E00A
:1046E00029E02168083151E8001F21F040002168CD
:1046F000083141E80002002AF1D100BFE06F50B15B
:104700008948E16F8863E06FFDF7A9FA90B1E06F27
:10471000816B88470EE02046FFF73FFF0AE0204606
:10472000FFF73BFF06E0FFE72046FFF736FF0020DC
:10473000C4F88C0050E7E06E012870D105F010003D
:1047400000286CD006F010000028FAD01020216854
:1047500008622068806800F04000402860D1E06F67
:10476000006840681FFA80F8B8F1000F56D0B4F81E
:104770005C00404552DDA4F85E80E06F0068006890
:1047800000F02000F0BB00BF00BF216851E8001F0F
:1047900021F48070226842E800010029F5D100BFB1
:1047A00000BF00BF2168083151E8001F21F001005F
:1047B0002168083141E80002002AF3D100BF00BFA0
:1047C00000BF2168083151E8001F21F04000216836
:1047D000083141E80002002AF3D100BF2020C4F8CC
:1047E00088000020E06600BF00BF216851E8001F7C
:1047F00021F01000226842E800010029F5D100BF35
:10480000E06F00E001E0FDF7E7F9B4F85C00B4F810
:104810005E20801A81B22046FFF7D4FDDCE641E03D
:1048200034F85C0F6188401A1FFA80F860885C3C9D
:10483000B8B3B8F1000F34D000BF00BF216851E811
:10484000001F21F49070226842E800010029F5D190
:1048500000BF00BF00BF2168083151E8001F304A87
:10486000D24301EA02002168083141E80002002A2F
:10487000F1D100BF2020C4F888000020E066206746
:1048800000BF00BF216851E8001F21F0100022681E
:1048900042E800010029F5D100BF41462046FFF75C
:1048A00091FD99E605F4801050B107F4800038B10D
:1048B0004FF48010216808622046FFF76DFE8BE6FA
:1048C00005F0800058B106F0800010B907F4000030
:1048D00028B1606F10B12046616F88477CE605F013
:1048E000400030B106F0400018B1204605F060FFEE
:1048F00072E605F4000030B106F0804018B12046A1
:10490000FFF749FE68E605F0807030B106F0004020
:1049100018B12046FFF798FD5EE600BF5CE6000098
:10492000010000102001000499A5000810B50446FC
:104930000CB9012010BDA06900B100E000BFD4F89F
:10494000840028B9002084F88000204600F04CF84C
:104950002420C4F884002068006820F00100216849
:104960000860204606F0F6F9012800D1E2E7A06AC7
:1049700010B1204605F059FD2068406820F49040B1
:10498000216848602068806820F02A0021688860DB
:104990002068006840F0010021680860204605F0AA
:1049A000C0FDC7E710B504460E492068884217D1FC
:1049B0004FF400304FF0B041896D81434FF0B04269
:1049C000916500BF0C214FF09040FDF73BFCA06FBC
:1049D000FDF788F9E06FFDF785F92520FDF7E4FD87
:1049E00010BD00000044004010B594B004461421EE
:1049F0000FA8FBF709FC382101A8FBF705FC3B4990
:104A00002068884270D1022001903948039001A8A3
:104A1000FDF7E4FE08B1FCF791F94FF400304FF0D8
:104A2000B041896D01434FF0B04291651146896DE7
:104A30000140009100BF00BF01201146C96C014335
:104A4000D1641146C96C0140009100BF00BF0C2029
:104A50000F90022010900120119003201290072047
:104A600013900FA94FF09040FDF78EFC214822498A
:104A700008601420486010211F4881600021C16037
:104A800080210161002141618161C1610162FDF705
:104A900019FA08B1FCF752F900BF1748A067846201
:104AA00000BF1448143015490860132048600021E5
:104AB00012488160C16080210161002141618161F2
:104AC000C1610162FDF7FEF908B1FCF737F900BFDB
:104AD0000A48E067846200BF002202212520FDF71A
:104AE00099FD2520FDF782FD14B010BD0044004063
:104AF00004000C005800024004040020640400205C
:104B000070B504460D461646D4F8880020282CD1EE
:104B100005B10EB9012070BD00BF94F880000128D6
:104B200001D10220F7E7012084F8800000BF0020B7
:104B3000E0660F492068884211D02068406800F480
:104B4000000060B100BF00BF216851E8001F41F0C4
:104B50008060226842E800010029F5D100BF32469A
:104B60002946204606F0F4FAD5E70220D3E70000F4
:104B70000080004010B504460A492068884210D1E0
:104B80000948006840B1D4F88C0028B900220121FE
:104B90000648054B1B689847012204492046FFF749
:104BA000AFFF10BD00440040140000200C000020A6
:104BB00070472DE9F84F04460E4617469946D4F83B
:104BC000840020285ED106B117B90120BDE8F88F16
:104BD00000BF94F88000012801D10220F6E70120EF
:104BE00084F8800000BF00205434A063212020639B
:104BF000FDF7A2FC824627806780543CA068B0F590
:104C0000805F04D1206910B90025B04602E0354626
:104C10004FF0000800BF002084F8800000BF1DE0B6
:104C20005346002280212046CDF8009006F048FB34
:104C300008B10320CAE745B9B8F80000C0F308007E
:104C40002168886208F1020803E0287821688862F8
:104C50006D1CB4F85600401EA4F85600B4F8560077
:104C60000028DDD15346002240212046CDF8009097
:104C700006F026FB08B10320A8E72020C4F8840032
:104C80000020A3E70220A1E770B504460E461546B2
:104C9000D4F88400202854D106B10DB9012070BD8C
:104CA00000BF94F88000012801D10220F7E701201D
:104CB00084F8800000BF44F8506FA580E580002094
:104CC000E06321206063A06A503C08B31E48A16FD6
:104CD000C8621E48A16F08631D48A16F4863002089
:104CE000A16F8863236803F128022B46216DA06F12
:104CF000FDF758F960B11020C4F88C0000BF002007
:104D000084F8800000BF2020C4F884000120C6E79A
:104D100040202168086200BF002084F8800000BFA6
:104D200000BF00BF2168083151E8001F41F080003A
:104D30002168083141E80002002AF3D100BF0020B9
:104D4000ADE70220ABE70000E1A6000837A70008A6
:104D5000B1A5000810B5044604492068884203D173
:104D6000002003490968884710BD00000044004046
:104D700010000020704700BFFEE700B585B0142189
:104D80006846FBF741FA4FF48060009000200190E4
:104D90000120029069464FF09040FDF7F5FA05B00A
:104DA00000BD000010B501F059F8012291024FF04A
:104DB0009040FDF7BBFB032007F0A2FC00224FF45C
:104DC00080614FF09040FDF7B1FB40F2EE2007F01C
:104DD00097FC012291024FF09040FDF7A7FB28209D
:104DE00007F08EFCFFF7C9FF4FF480614FF0904051
:104DF000FDF78AFB012808D1002220210F48FDF78A
:104E000095FB0A2007F07CFC0BE001F027F84FF43B
:104E1000F07007F075FC012291024FF09040FDF711
:104E200085FB012291024FF09040FDF77FFB64204B
:104E300007F066FC00200249087010BD000400481D
:104E4000A80100208168024A1140891C81607047D6
:104E5000E8FFFF7F8168024A1140491C816070476A
:104E6000E8FFFF7F01468868C0F3400070470146B5
:104E7000886800F0010070470146886800F0010072
:104E8000704701468868C0F3007070470146886823
:104E9000C0F3800070470146C86800F4406008B95C
:104EA000012070470020FCE78168024A1140091D7B
:104EB00081607047E8FFFF7F026822F0E0720A43DA
:104EC0000260704730B5436901F004050724AC4027
:104ED000A34301F0040402FA04F42343436130BD08
:104EE00008B54FF0B041896C01434FF0B042916476
:104EF0001146896C0140009100BF08BD08B54FF014
:104F0000B041C96C01434FF0B042D1641146C96C45
:104F10000140009100BF08BD08B54FF0B041C96C19
:104F200001434FF0B042D1641146C96C0140009179
:104F300000BF08BD02480068C0F3002070470000B1
:104F4000000400580348006820F40040014908604C
:104F500070470000900400580349096821F400617B
:104F60000143014A11607047080400580348006873
:104F700040F4004001490860704700009004005868
:104F8000024800680007000E704700000801005842
:104F90004FF0B040806800F00C00704701460348B5
:104FA0000068084040EA014070470000880000584F
:104FB0004FF0B040006820F400104FF0B04108609E
:104FC00070474FF0B040006840F480304FF0B0417F
:104FD000086070474FF0B0400068C0F30050704761
:104FE0004FF0B0400068C0F3404070474FF0B04011
:104FF0000068C0F3802070474FF0B041496821F04D
:10500000FE4141EA00614FF0B0425160704700003C
:1050100002480068C0F380307047000094000058D8
:1050200002480068C0F3400070470000900000583C
:1050300002480068C0F3400070470000900000582C
:105040000448006820F001004FF0B041C1F894001E
:10505000704700009400005802480068C0F3400008
:1050600070470000940000584FF0B040006840F0D6
:1050700001004FF0B041086070474FF0B040006849
:10508000C0F3C00070474FF0B0400068C0F340006C
:1050900070474FF0B041496821F47F4141EA002157
:1050A0004FF0B042516070474FF0B040006820F0C0
:1050B00080704FF0B041086070474FF0B040C0685A
:1050C00000F0030070474FF0B040C068C0F3062006
:1050D00070474FF0B0400068C0F340607047000078
:1050E000084909684FF47F2202EA101291434FF4F5
:1050F0007F2202EA001211434FF0B042C2F888103A
:10510000704700008800005805490968020C120425
:10511000914341EA00414FF0B042C2F88810704715
:10512000880000580549096821EA104182B21143FC
:105130004FF0B042C2F88810704700008800005855
:1051400010B500F0D5F808B9002010BD6FF00100CF
:10515000FBE710B58AB001208DF8040001A800F02B
:1051600085F904463CB99DF8080010B900200AB042
:1051700010BD0120FBE70020F9E7000070B58AB000
:105180000446002600F05EF910B1B01E0AB070BDF2
:10519000FFF7DFFF012802D06FF00200F6E70020E2
:1051A0008DF8040001A800F061F910B14FF0FF3054
:1051B000ECE79DF80850A54235D024B1012C16D05B
:1051C000022C2ED116E08DB18DF8084001A800F018
:1051D0003FFA48B915480068006B38B113480068B9
:1051E000016B2046884701E04FF0FF361AE04FF090
:1051F000FF3617E015B14FF0FF3611E08DF808408B
:1052000001A800F025FA48B908480068006B38B1D9
:1052100006480068016B2046884701E04FF0FF36E2
:1052200000E000BF00BF3046B0E700000C010020E6
:1052300070470146022070470146022070471FB5A3
:105240000446042C02D00B2004B010BD00200090B6
:105250000190029003907F222146684604F077FB7C
:1052600008B10F20F0E70020EEE77FB504460D46B9
:1052700015B10B2004B070BD002000900190029089
:105280000390012C02D120208DF800000422294631
:10529000684604F05CFB08B10F20EBE70020E9E76B
:1052A00070B504460D462946204604F0A7FB08B118
:1052B0000F2070BD74B90849096888782146FFF746
:1052C000D4FF08B10F20F4E70420FFF7B8FF08B1BE
:1052D0000F20EEE70020ECE7DC00002001B50348DA
:1052E000006800990160002008BD0000DC0000207B
:1052F00010B500BF164806F095FB00BF00BF14486C
:10530000183006F08FFB00BF00BF1148303006F0A8
:1053100089FB00BF00BF0E48903006F083FB00BF42
:10532000FFF786FF0B49C86A804700200A49C1F889
:1053300040030A4800F016F840F234720749084862
:1053400007F0AAFB01200449C1F84003002010BD6A
:10535000B0090020C0D7000848060020540B0020E8
:105360008812002070B50446002500263448D0F885
:10537000400300B170BD24212046FBF713FC054615
:10538000606AA84202D0656246F00106142104F169
:105390002800FBF707FC0546E06BA84202D0E56356
:1053A00046F00206DC2104F14000FBF7FBFB05465A
:1053B000D4F81C01A84203D0C4F81C5146F00406DE
:1053C000BC2104F59070FBF7EDFB0546D4F8DC0139
:1053D000A84203D0C4F8DC5146F008069C2104F52D
:1053E000F070FBF7DFFB0546D4F87C02A84203D03F
:1053F000C4F87C5246F010064FF4936104F5207017
:10540000FBF7D0FB0546D4F81807A84203D0C4F830
:10541000185746F02006142104F21C70FBF7C2FB5B
:1054200005464FF4E6600059A84204D04FF4E66008
:10543000055146F040063046FBF7A0FB00BF99E758
:10544000480600200648D0F8400330B9044890F8D8
:105450008604012801D1002070470120FCE70000EC
:105460004806002001460220704700003EB5044671
:1054700000250CB903203EBD207838286FD2DFE824
:1054800000F01C21262A2E3338DBDBDBDBDBDBDB09
:10549000DB3D4247545A61677C6F898E92969A9E93
:1054A000A2A7B1ACB6BABFC9C3C6DBCEDBDBDBDBC0
:1054B000DBDBDBDBDBDBDBDBDBD6634890F804012B
:1054C0002071BEE0604890F818012071B9E004F046
:1054D00069FA6060B5E004F06BFA6060B1E05A48C8
:1054E00090F806012071ACE05748D0F8D000606019
:1054F000A7E05548D0F8D4006060A2E0524890F888
:10550000050120719DE0504890F88000207198E0DE
:105510001D208DF804004C4991F8400001A903F0CA
:105520001FF90090009860608BE04748816E406EE4
:10553000C4E9010185E044484030C16E806EC4E991
:1055400001017EE04048016FC06EC4E9010178E0CE
:105550003D484030416F006FC4E9010171E06BE0EC
:105560001B208DF80400384991F8400001A903F090
:10557000F7F800900098606063E01A208DF804004E
:10558000314991F8400001A903F0EAF80090009831
:10559000606056E02C4890F86000207151E02A4885
:1055A000C06C60604DE02848006D606049E02648AE
:1055B000406D606045E02448806D606041E02248B5
:1055C000C06D60603DE0204890F8CD00207138E06B
:1055D0001D4890F83900207133E01B4890F8CC004A
:1055E00020712EE0184890F83800207129E0164804
:1055F000406C606025E0144890F84800207120E07D
:105600001148C06F60601CE00F48606019E00F48EF
:10561000606016E00C48D0F8C000606011E00A48F5
:10562000D0F81401606003F0A9F8A06009E0064812
:10563000D0F88400606004E02046FFF7FAFD0546DC
:1056400000BF00BF284616E7540B00208812002038
:105650003EB5044600250CB903203EBDF74890F83E
:10566000400300F00200022801D10120F5E7207874
:10567000382871D2DFE800F01C212B31373C41463D
:10568000515C67737E89949FAD70B2D7FEFDFCFBC1
:10569000FAF9F8F7F6F5F4F3F2F1F0EFEEEDEC705D
:1056A000EB7070707070707070707070707070EA05
:1056B000207904F0E7F90546ECE12079022804D0CE
:1056C0002179DF4880F8181100E00325E2E16068E5
:1056D00004F074F900B10325DCE1606804F07EF9A0
:1056E00000B10325D6E12179D54880F80611D1E132
:1056F000D3486168C0F8D010CCE1D1486168C0F8E7
:10570000D410C7E1606830B100206168FFF7C8FDC0
:1057100010B11120A1E70325BCE1606830B1012080
:105720006168FFF7BDFD10B1112096E70325B1E1D7
:10573000606830B102206168FFF7B2FD10B111203E
:105740008BE70325A6E1606838B103206168FFF7A5
:10575000A7FD18B1112080E797E103259AE1606861
:1057600030B17F206168FFF79BFD10B1112074E715
:1057700003258FE1606830B180206168FFF790FDFC
:1057800010B1112069E7032584E1606830B1812000
:105790006168FFF785FD10B111205EE7032579E10F
:1057A000606830B182206168FFF77AFD10B1112086
:1057B00053E703256EE12179A14880F805110246DF
:1057C00092F805019F4A916D88479E49C86A8047B3
:1057D00060E121799A4880F880105BE1207A40B23C
:1057E0008DF80000964890F875008DF801009449F6
:1057F00091F840000722694602F0D5FF08B9032559
:1058000010E0606800908E4991F8400000226946DF
:1058100002F0C9FF08B9032504E08948D4E9011260
:10582000C0E9191236E1207A40B28DF800008448B0
:1058300090F875008DF80100814991F84000072229
:10584000694602F0B0FFE0B17D4814E018E108E1DC
:1058500003E1FDE0F8E0EAE0E3E0BCE0CEE0A2E056
:105860008EE089E084E07FE07AE075E067E04AE07E
:1058700057E02EE007E04030D4E90112C0E91A12E7
:1058800000E0032506E1207A40B28DF800006C4864
:1058900090F875008DF80100694991F840000722E1
:1058A000694602F080FF90B16548D4E90112C0E971
:1058B0001B1290F8040102280AD1614890F81801DF
:1058C00030B16049C86A804700F0DEFD00E0032582
:1058D000E0E0207A40B28DF80000594890F8750059
:1058E0008DF80100564991F840000722694602F000
:1058F0005AFF30B152484030D4E90112C0E91C12BD
:1059000000E00325C6E06068019001208DF80800E2
:105910004B4991F8400001A902F08EFD00B9032522
:10592000B8E06068019000208DF80800444991F8C3
:10593000400001A902F080FD00B90325AAE020790A
:10594000012807DB20790F2804DC21793C4880F806
:10595000601000E003259DE039486168C16499E06A
:1059600037486168016595E035486168416591E0B7
:105970003348616881658DE031486168C16589E0BF
:1059800020798DF800002E4991F8400006226946E2
:1059900002F009FF28B19DF80010294880F8CD10C9
:1059A00000E0032576E020798DF80000244890F887
:1059B00074008DF80200224991F8400005226946E2
:1059C00002F0F1FE28B19DF800101D4880F8391052
:1059D00000E003255EE020798DF80000184991F879
:1059E00040000A22694602F0DEFE28B19DF8001050
:1059F000134880F8CC1000E003254BE020798DF8A7
:105A000000000F4991F840000922694602F0CBFEE0
:105A100028B19DF800100A4880F8381000E00325EE
:105A200038E007486168C0F88810416432E02179A5
:105A3000034880F88C1080F848102BE048060020BE
:105A4000540B0020C0D7000814486168C16721E0EA
:105A500012486168C0F8C0101CE002F0B1FE0546B3
:105A600018E0A079012809DC0C486168C0F814111D
:105A70006068FFF733FC10B11120EEE5032509E063
:105A800006486168C0F8841004E02046FFF7EAFC8D
:105A9000054600BF00BF2846DFE50000540B00208C
:105AA00030B589B01B48007808B109B030BD1A483C
:105AB0001A4908601A4848601A4801681748884718
:105AC0001848C1681848884712214FF4E86003F06D
:105AD0005BFE4FF4E86003F01DFA054641F28830A2
:105AE000002105910691CDE9071001200822CDE99A
:105AF0000102CDE90310072000900A480B4600225E
:105B00000E21C4690120A04701200249087000BF8E
:105B1000CBE70000AC0100200964000880230020CE
:105B200071640008C0D7000820921D1C70B505469E
:105B30000C46402C00DD4024224629460948FAF74D
:105B40004AFB002007490855074908700749086BB8
:105B5000804706482146826A02489047C820FCF7E1
:105B600084FA70BDC0220020AD010020C0D700081B
:105B700010B51448144908604005486000211248D7
:105B80008160C1600161042141610021017641769B
:105B900081760121C161002180F82010416281627B
:105BA00080F82C104FF48051016307214163816319
:105BB000002180F83C10C164FBF7B2FD08B1FBF78F
:105BC000BDF810BD002401401802002010B50420CB
:105BD000FFF786F90120FFF783F9002202210F2049
:105BE000FCF718FD0F20FCF701FD00220221102018
:105BF000FCF710FD1020FCF7F9FC10BD00B585B0D6
:105C000014216846FAF700FB0220FFF777F901201C
:105C1000FFF774F90420FFF771F9002238211C48BE
:105C2000FCF784FC00224FF480614FF09040FCF7B9
:105C30007DFC38200090012001900020029003900C
:105C400069461348FCF7A0FB012000904FF40410B4
:105C500001900120029069464FF09040FCF794FBC0
:105C60004FF4806000900120019002900220039088
:105C700069464FF09040FCF787FB00221146062052
:105C8000FCF7C8FC0620FCF7B1FC05B000BD000025
:105C90000004004810B503F0E7FF10BD10B54FF049
:105CA000FF3005F0CBFC10BD00B591B014210CA85D
:105CB000FAF7AAFA00200B902C216846FAF7A4FA0A
:105CC000334834490860002048601F213148816012
:105CD00040F2FF31C16000210161416181614FF0FB
:105CE0008041C161002101624FF4007141624FF4B3
:105CF000E0518162FDF7AEFC08B1FBF71FF8002010
:105D00008DF830008DF831008DF832000F90109032
:105D100001220CA91F48FDF7A5FE08B1FBF70EF8FC
:105D200001208DF82C008DF82D008DF82E0000201C
:105D30008DF82F0001220BA91648FDF72BFE08B1A4
:105D4000FAF7FCFF1348FDF7C9FB08B1FAF7F6FFB5
:105D500000208DF800008DF801008DF80200019000
:105D60000390049005904FF000500690002008909A
:105D700001208DF8240000020A900122694605489E
:105D8000FDF710FD08B1FAF7D9FF11B000BD000012
:105D9000002800407C02002010B50820044908605B
:105DA0000846FEF729F808B1FAF7C8FF10BD000051
:105DB000B402002010B50A480A4908602F20486044
:105DC0000021084881604FF6FF71C1600021016128
:105DD00041618161FEF7D6F908B1FAF7AFFF10BD56
:105DE00000480140C002002010B51848184908605A
:105DF0004FF4E1304860002115488160C1600161C5
:105E00000C21416100218161C16101624162002078
:105E10000F4988620846FEF789FD08B1FAF78EFF40
:105E200000210B48FEF740FB08B1FAF787FF00217D
:105E30000748FEF70AFB08B1FAF780FF0448FEF7AF
:105E40003CFA08B1FAF77AFF10BD000000440040A8
:105E50007403002000BFFEE700BFFEE700B585B079
:105E600014216846FAF7D0F94FF4806000900120C1
:105E7000019002900220039069464FF09040FCF799
:105E800083FA05B000BD000010B58CB00446002CAC
:105E90003DD06078012804D002280BD003282CD0F4
:105EA00000BF00BF1BA300221146022005F096FA96
:105EB00000BF2BE000BFE17EA27E637E207ECDE9A5
:105EC00009320B910890E17DA07D627D6368CDE988
:105ED0000432CDE9060194F91410B4F91220237CA0
:105EE000E068CDE90032CDE90210104B00221146E6
:105EF000022005F073FA00BF08E000BF0CA30022E7
:105F00001146022005F06AFA00BF00BF00BF0CB0C6
:105F100010BD00000D0A23232323232320424541E3
:105F2000434F4E204C4F53540D0A000058D80008E0
:105F30000D0A23232323232320424541434F4E2090
:105F40004E4F542052454345495645440D0A0000E2
:105F500038B5044600BF05A0005D05A30022114628
:105F60000090022005F03AFA00BF38BD41424300DC
:105F700053776974636820746F20436C6173732076
:105F8000256320646F6E650D0A00000010B504469D
:105F9000002C2DD06079002822D1164805F042FD52
:105FA000002210211448FCF7C1FA00BF13A30022FD
:105FB0001146022005F012FA00BFA079012807D18E
:105FC00000BF14A300221146022005F007FA0FE0DB
:105FD00000BF18A300221146022005F0FFF907E0D8
:105FE00000BF1CA300221146022005F0F7F900BFF4
:105FF00010BD000018060020000400480D0A2323ED
:1060000023232323203D204A4F494E4544203D2051
:1060100000000000414250203D3D3D3D3D3D3D3DA5
:106020003D3D3D3D3D3D3D3D3D3D3D3D3D3D0D0A03
:10603000000000004F544141203D3D3D3D3D3D3D70
:106040003D3D3D3D3D3D3D3D3D3D3D3D3D3D0D0AE3
:10605000000000000D0A232323232323203D204A90
:106060004F494E204641494C45440D0A000000006E
:1060700010B50021012005F0A5FB10BD10B50446A8
:10608000012C07D100BF08A300221146022005F011
:10609000A5F907E000BF09A300221146022005F080
:1060A0009DF900BF10BD00004E564D2044415441A3
:1060B0002053544F5245440D0A0000004E564D20C7
:1060C0004441544120524553544F5245440D0A0017
:1060D00001490873704700008000002070B5054634
:1060E0000C46A2B20249284605F088FA70BD0000AD
:1060F00000F0030870B586B004460D460026002D5A
:1061000075D0012220213B48FCF710FA3A4805F0EF
:1061100039FC287800284ED0002C4CD026786068B6
:10612000002848D0207802281BD0032841D160786D
:10613000012815D16068007820B1012806D0022816
:106140000CD107E00020FFF719F808E00120FFF765
:1061500015F804E00220FFF711F800E000BF00BFCF
:1061600028E06078012823D16068007800F0010001
:10617000224908700846007868B900BF20A30022B1
:106180001146032005F02AF900BF0022102119480A
:10619000FCF7CCF90CE000BF1CA300221146032041
:1061A00005F01CF900BF012210211248FCF7BEF9CE
:1061B00000E000BF00BF287C062818DA00BF95F970
:1061C0000A0095F909102A7C134B53F8222095F9FF
:1061D0000830CDE90232CDE90410E8680F4B002207
:1061E0001146CDE90006032005F0F8F800BF06B01F
:1061F00070BD00000004004800060020A40000203C
:106200004C4544204F46460D0A0000004C454420B2
:106210004F4E0D0A0000000018000020CCD80008E6
:1062200070B504460D46FBF7F5FFC0B90C48008871
:10623000000480094FF47C31B1FBF0F200FB121036
:10624000C60A002201213046FAF7C4FD28B900230E
:106250002A4621460348FAF70DFEFBF78FFF70BD73
:10626000E075FF1F00F0030810B5FEF769FF08BBDB
:10627000FEF76FFF01281DD100BF00BF00BF00BFA8
:1062800000BFBFF34F8F00BF00BF00BF0A480068C8
:1062900000F4E06009490843001D0749086000BF99
:1062A00000BF00BFBFF34F8F00BF00BF00BF00BFE4
:1062B00000BFFDE710BD00000CED00E00000FA0596
:1062C0001FB50446002C45D02078002842D001227A
:1062D00008212148FCF72AF9204805F053FB00BFAC
:1062E0001FA300221146022005F078F800BF00BF6E
:1062F00094F9180094F90A10227CE368CDE9003281
:10630000CDE9021023A300221146032005F066F810
:1063100000BF00BF2CA300221146032005F05EF849
:1063200000BF207A01280DD100BF607A08B12AA0F1
:1063300000E02AA02BA3002211460090032005F0C4
:106340004DF807E000BF2CA300221146032005F002
:1063500045F800BF1FBD000000040048E80500200C
:106360000D0A232323232323203D3D3D3D3D3D3D79
:106370003D3D3D204D4350532D436F6E6669726D18
:10638000203D3D3D3D3D3D3D3D3D3D3D3D3D0D0ABD
:106390000000000023232323232320552F4C2046D5
:1063A00052414D453A25303464207C20504F5254A0
:1063B0003A2564207C2044523A2564207C205057A2
:1063C000523A256400000000207C204D53472054A1
:1063D0005950453A0000000041434B004E41434BA9
:1063E00000000000434F4E4649524D4544205B2576
:1063F000735D0D0A00000000554E434F4E46495252
:106400004D45440D0A00000010B510210548FCF769
:1064100083F80549086B804701200449087002F0A1
:10642000D5FB10BD00040048C0D70008AD01002016
:106430000149C870704700008000002010B5044674
:1064400009480460006818B942F2107006490860F3
:10645000064805F0E7FA04480168044805F076FAB2
:10646000024805F08FFA10BD98000020C4040020F7
:1064700010B50349086B804701200249087010BD20
:10648000C0D70008AD01002038B51748174C009060
:10649000636C94F8482094F8704061B2134C94F8FF
:1064A000400002F048F90221114880F8F31301215D
:1064B00080F8F213214691F840000B4A40320A4915
:1064C00002F064F970B10A4890F8201480F8621460
:1064D0000848416B00208847054890F8F3030449B9
:1064E00081F8840438BD0000280A0020540B0020E5
:1064F00048060020C0D70008704710B5FDF739FEE8
:1065000001210020FCF740F910BD000010B5FDF797
:1065100030FE00BF01200349086000BFFCF702F90C
:1065200010BD000088040058704710B5FDF744FB0B
:1065300010BD10B5FDF740FB06F018FE10BD70470A
:1065400010B504462046FAF795FA10BD10B504467A
:106550002046FAF7D3FA10BD10B5FAF7D5FA10BDF8
:1065600010B5FAF7D3FA10BD10B5FAF700FB10BD5D
:1065700010B5FAF7FEFA10BDF0B587B004460E4626
:10658000254903C9CDE905012349083103C9CDE9EE
:10659000030121481030D0E900128068CDE90012D3
:1065A00002900027B6F5007F0DD1002008E005A974
:1065B00031F81010A14202D35DF8207002E0401CB7
:1065C0000328F4D30DE0002008E003A931F81010EF
:1065D000A14202D35DF8207002E0401C0328F4D3EE
:1065E00000BF0E48006820F0070038430B490860E0
:1065F000FBF7A2FF054607E0FBF79EFF401B0228C2
:1066000002D9032007B0F0BD0448006800F007007D
:10661000B842F1D10020F5E7B4D20008004000589C
:106620002DE9F04104460D48C4F3031150F82160F0
:10663000FEF7A6FCC0F30310094951F82000B6FB91
:10664000F0F5FCF78FF880460648B5FBF0F74146B9
:106650003846FFF791FFBDE8F081000070D30008D5
:1066600010D3000840420F007047704703464FF0B8
:10667000FF30704700207047002070474FF0FF3018
:10668000704710B503460020401E10BD704770478C
:10669000704710B503464FF0FF3010BD10B50346EC
:1066A0000020401E10BD000010B50248FCF754FF4A
:1066B00010BD00007C02002002460023114603E0CA
:1066C0005B1CA1F10A00C1B20A29F9D2180741EAFC
:1066D0001060704770B5054600261148006800F04C
:1066E0004000D0B90E48006840F080000C490860B6
:1066F000FBF722FF044609E0FBF71EFF001BB0F585
:106700007A7F03D90326032085F82D00044800680A
:1067100000F0400008B9032EEED1304670BD0000F5
:106720000C28004070B5044600251748006820F08A
:1067300080001549086014480C30006800F0200003
:1067400040B92046FDF71AFAE0B1032084F82D0085
:10675000032517E00C480C30006820F020000A499F
:106760000C3108602046FDF709FA18B1032084F8BF
:106770002D00032504480C30006840F02000024939
:106780000C310860284670BD0C28004001460120ED
:106790007047F0B50646DDE905450BB9082000E075
:1067A000002000EBC2001830012D01D1022700E0CB
:1067B0000027274400EBC700F0BD00000146002081
:1067C0000B2922D2DFE801F0060C12181B1D1F2135
:1067D000090F150041F6846017E042F6B10014E09D
:1067E00043F6095011E045F261100EE047F6122021
:1067F0000BE04AF2C32008E04FF2244005E00448D1
:1068000003E0044801E0044800BF00BF70470000F7
:1068100048E8010090D0030020A107002DE9F04FC7
:10682000044617461D46DDE909C807F104094FF083
:10683000000A052901D0062902D10C2D00DA0C2509
:106840001CB90B2905D00C2903D0012C03D10C292C
:1068500001D14FF0010A0B9808B1102000E0002090
:1068600000EBC8004FF0040B0BFB1100BCF1000F54
:1068700002D04FF0000B01E04FF0140B00EB0B03C4
:10688000062901D88A0007E00833BAF1010F02D1C6
:10689000881E820000E08A00002B00DA002398188E
:1068A000401E90FBF2F000FB095000F10C06062997
:1068B00000D8B61CB000401CA1F1020B4FF0010E35
:1068C0000EFA0BFE00FB0EF0BDE8F08F10B502F0E3
:1068D000EFF9042804D0052804D0072806D103E0E6
:1068E000022010BD0120FCE70320FAE70020F8E7B2
:1068F00010B502F046FAC01C10BD000038B50446C1
:1069000021480460002021494870486088608865FB
:106910001F4802F09BFA00211C48417300201B49CC
:10692000087302F004FD0021084602F023FB042254
:106930000021012002F048FE00231A464FF6FF71A5
:10694000084602F05BFB01F03DFA00BF0020114B4E
:106950000246411E0090104804F050FF00BF00BFE7
:1069600000200E4B0246411E00900D4804F046FFE9
:1069700000BF00BF084805F055F800BF00BF084839
:1069800005F050F800BF38BD700100200C1C00203D
:10699000C56D0008056E0008681C0020D96D000850
:1069A000801C00207CB5002001900090C548B0F804
:1069B000540020286FD00CDC04286DD004DC0128A2
:1069C00012D0022869D129E0082867D01028F9D10F
:1069D00032E140287ED080287DD0B0F5807F7BD00A
:1069E000B0F5007FEED1A2E000BFB74805F01AF87D
:1069F00000BF002002F072FDFFF73EFE012801D12A
:106A0000FFF733FEB148006838B1B048006800684D
:106A100018B1AE4909680868804750E100BFAC482A
:106A200005F000F800BFA748407890B9002002F0B8
:106A300055FD002140F6021002F0A6FE40F644107B
:106A400002F068FA40F00204214640F6441002F0D9
:106A50009BFEFF2201A99F4802F07CF9994824304F
:106A600002F02CF999480068B8B39848006880682B
:106A700098B3944890F82400012810D1914890F9D7
:106A8000313090F93020914800689DF804108468F6
:106A90009048A04729E0D8E081E00FE1BDE08949B6
:106AA000C86B694602F0A0F80098002802DD4FF498
:106AB0007A7001E04FF47A70009901EB60004FF4B6
:106AC0007A7190FBF1F044B27E4890F929207F481A
:106AD000006803E0D8E00AE019E007E023469DF8EB
:106AE000041085687B48A84700BF00BFE7E000208E
:106AF00002F0F4FC7548006840B174480068806991
:106B000020B172480068816900208847D7E00020E2
:106B100002F0E4FC6D48006840B16C480068806990
:106B200020B16A480068816901208847C7E000BF3A
:106B300069A301220021022004F050FC00BF02F0F2
:106B4000B7F8042813D100BF5F4804F06BFF00BF03
:106B5000002002F0C3FC5D480068F8B15B480068A3
:106B60004068D8B1594909684868804716E002F082
:106B70009FF8052812D100BF554804F053FF00BF0D
:106B8000002002F0ABFC5148006838B14F48006863
:106B9000C06818B14D490968C86880478FE000BFD8
:106BA00052A301220021022004F018FC00BF454836
:106BB000806D88B34348806DC0F307414E48426CF6
:106BC00040F6031090473F48B0F85800C0F3072143
:106BD0004948426C40F6041090473A4890F85810E3
:106BE0004548426C40F6051090474348816C40F69A
:106BF0000210884740F001043F482146426C40F6AD
:106C00000210904700202F49886500231A4640F261
:106C10006221084602F0F2F951E000BF37A30122D9
:106C20000021022004F0DAFB00BFFFF723FD01285A
:106C300001D1FFF72BFD42E000BF33A30122002169
:106C4000022004F0CBFB00BF39E000BF204804F075
:106C5000E9FE00BF1B48407810B9002002F03EFC5E
:106C60001A48006878B119480068C06858B11749D7
:106C70000968C868804700BF26A3012200210220BE
:106C800004F0ACFB00BF1AE000BF25A301220021E5
:106C9000022004F0A3FB00BF0A48407810B900208E
:106CA00002F01CFC0948006838B108480068006917
:106CB00018B1064909680869804700E000BF00BFB5
:106CC0007CBD00000C1C0020681C0020700100200E
:106CD000801C00200C1B00204952515F52585F5409
:106CE000585F54494D454F55540D0A0050524520A8
:106CF0004F4B0D0A00000000C0D7000853594E4307
:106D0000204F4B0D0A000000484452204F4B0D0A03
:106D100000000000484452204B4F0D0A00000000C4
:106D20004952515F4352435F4552524F520D0A0040
:106D30002DE9F04F8BB007460C4615461E464FF026
:106D400001084FF000094FF0000A01F04BF8002055
:106D500000F006FA384600F0DFF901200021069124
:106D60000791CDE9081002910391049103200B468D
:106D70004FF41672CDE9004005912146002000F045
:106D800059FA002000F076F8FFF7B2FD8346FBF7D2
:106D90006CF904F053FD824608E0002000F065F82D
:106DA0008146A94502DD4FF0000804E0504604F09A
:106DB00051FDB042F1D300BF01F014F840460BB0D2
:106DC000BDE8F08F10B504460248A0F85440FFF724
:106DD000E9FD10BD0C1C002010B5044600F002F8BF
:106DE00010BD000010B50648006838B104480068BE
:106DF000C06818B102490968C868804710BD000022
:106E00007001002010B5044600F002F810BD00002B
:106E100010B50648006838B104480068406818B1E9
:106E2000024909684868804710BD000070010020D1
:106E300010B5002400231A461946184602F0DEF861
:106E400001F0A1FF0446204610BD10B504462046BF
:106E500002F060F810BD70B504460D461646324685
:106E60002946204602F064F870BD10B5044601F0D2
:106E7000BEFF10BD10B50446FFF7FCFB012802D190
:106E8000FFF7FCFB06E000231A4640F262210846A9
:106E900002F0B4F854B100BF2146104804F056FD8A
:106EA00000BF00BF0D4804F06DFD00BF00200C497D
:106EB000886591F85600002102F02BFB08484078C5
:106EC000012804D16FF07F4002F092FA04E00449F7
:106ED0008968880102F08CFA10BD0000801C002037
:106EE0000C1C002010B50446FFF7C4FB012802D19A
:106EF000FFF7C4FB06E000231A4640F26221084671
:106F000002F07CF854B100BF2146104804F01EFD89
:106F100000BF00BF0D4804F035FD00BF00200C4944
:106F2000886591F85600002102F0F3FA084840788D
:106F3000012804D16FF07F4002F070FA04E00449A8
:106F40008968880102F06AFA10BD0000801C0020E8
:106F50000C1C0020F8B506460C4600231A4640F2E9
:106F60000121084602F04AF8624991F856000121D1
:106F700002F0CFFA5F480078012810D15D4890F800
:106F8000510006280BD140F6890001F0C3FF20F024
:106F90000405294640F6890002F0F6FB0AE040F6B7
:106FA000890001F0B7FF40F00405294640F689004A
:106FB00002F0EAFB4F48007805286FD2DFE800F0C6
:106FC0000F030E3C4A004B48C4770E3002F010F914
:106FD00000222146304601F0C1FF7CE000BFFFF7F0
:106FE00049FB01281DD16A4621463046FFF751FB77
:106FF00068B99DF800103F4881750E3002F0F8F82E
:1070000000229DF80010304601F0A8FF08E000BF04
:1070100039A301220021022004F0E0F900BFF8BDED
:1070200009E0344884750E3002F0E2F8002221466F
:10703000304601F093FF4EE002202E498873084647
:1070400084760E3002F0D4F800222146304601F05A
:1070500085FF40E0224631462D4805F075FE0220AE
:1070600024498873601CC1B2224881760E3002F038
:10707000BFF80021F12000F035FF0021F02000F0E2
:1070800031FF1C48806C642809D17021F32000F086
:1070900029FF1D21F22000F025FF08E01AE0E12180
:1070A000F32000F01FFF0421F22000F01BFF02205C
:1070B00000EBC405290AF42000F014FFE9B2F52022
:1070C00000F010FF601CC1B26FF07F42104801F069
:1070D00045FF00E000BF00BF00BF064841680D4803
:1070E00004F034FC00BF00BF0A4804F04BFC00BFB2
:1070F00000BF94E70C1C0020526164696F53656EF9
:1071000064204F76657273697A650D0A000000008D
:107110000C1B0020681C002010B50446204602F01D
:1071200017F910BD70B505460C46012D07D10A4868
:1071300004700A48C4770E3002F05AF80AE0074893
:10714000407D012806D104480470044884750E303F
:1071500002F04EF870BD00006C0100200C1C0020F5
:1071600010B50446214804702046FFF791FA062C1A
:1071700004D2DFE804F00B1204232A3100BF0320FD
:1071800002F0B6F80021194841732CE0002002F00B
:10719000AFF800211548417325E0012002F0A8F85E
:1071A0001248407B1149097B884206D00F48017B79
:1071B00041730146487B00F01BF814E0022002F006
:1071C00097F80021094841730DE0022002F090F881
:1071D00000210648417306E0002002F089F80021F2
:1071E0000248417300BF00BF10BD00000C1C00200E
:1071F00010B504460E48047344730120FFF7B0FF36
:10720000012C0AD134214FF4E86002F0BDFA442188
:1072100040F2417002F0B8FA09E014214FF4E8603E
:1072200002F0B2FA242140F2417002F0ADFA10BD32
:107230000C1C00202DE9F04F85B082460E46144606
:107240009B46DDE910890F9FBF4917984870FFF7EB
:107250000BFA1798012801D14FF00008B9F1010F7E
:1072600003D1BA491298087002E0FF20B7490870AC
:10727000BAF1000F7ED0BAF1010F7CD0BAF1050F40
:107280007AD1012002F03EF90020AF4981F83800A0
:107290000846C463092180F844104FF44871016422
:1072A000304601F0EDFC0146A74880F8451000206B
:1072B000A54988734FF6FF7000EAC701A248018212
:1072C000002181741021C1740021017541759F480E
:1072D00001789D4881750121C17500210176052045
:1072E000FFF73EFF9848383001F0CCFE96480E304C
:1072F00001F07EFF96A103C9CDE9030103A802F0C6
:107300001EF940F2FF1002F0F5F940F6B800FFF761
:107310009CFD054625F01005294640F6B80000F012
:10732000E1FD042140F6B90000F0DCFD40F69B00D1
:10733000FFF78BFD054625F01C0545F0080140F6DA
:107340009B0000F0CFFD40F2D160FFF77EFD0546C7
:1073500025F0180545F0180140F2D16000F0C2FD9B
:1073600040F2AC60FFF771FD054625F0700545F071
:10737000500102E00FE066E0E1E040F2AC6000F0B6
:10738000B1FD4FEAC8004FF47A714843B0FBF4F006
:107390006D498860D4E0002002F0B4F800206A490A
:1073A00081F838000846C4630B2180F84410304649
:1073B00001F066FC0146644880F8451000206249EF
:1073C00088734FF6FF7000EAC7015F48018204210D
:1073D00081741821C1740021017589F00101417582
:1073E0005A480178584881751398012803D1F22131
:1073F0005548C17502E001215348C1750121524829
:10740000017600F0EFFC0020FFF7AAFE4E4838306E
:1074100001F038FE4C480E3001F0EAFE4EA103C9DF
:10742000CDE9010101A802F08AF840F2FF1002F054
:1074300061F94FEAC8004FF47A714843B0FBF4F0A9
:10744000414988607CE0002002F05CF801203E4960
:1074500081F83800084680F850404148815D3A483C
:1074600080F8511080F852B01EB90B2C05D00C2CAE
:1074700003D0012E06D10C2C04D10121324880F812
:10748000531003E00021304880F8531001202E49AA
:107490008873084690F85000052804D0084690F8F4
:1074A0005000062808D10C2F03DA0C2126488183CE
:1074B00004E02548878301E023488783224880F839
:1074C0001E90224801782048C177139980F8201037
:1074D000169980F8211000F085FC0120FFF740FE8E
:1074E0001948383001F0CEFD17480E3001F080FE0B
:1074F00008F0FF0001F0A7FD134890F821000128D3
:107500000CD140F2367001F005FD20F00400014678
:10751000009040F2367002F037F90BE040F236701E
:1075200001F0F8FC40F004000146009040F2367093
:1075300002F02AF94FF6FF700349886000E000BFAF
:1075400000BF05B0BDE8F08F0C1C00206C010020CE
:10755000B227000000000000C194C100000000003C
:1075600044D8000870B504460D46022000FB0450C4
:107570000949886500231A464FF6FF71084601F055
:107580003DFD054991F85600002101F0C2FF294652
:10759000204601F05FFF70BD0C1C00202DE9F04774
:1075A00086B080460C4615461E464FF00009002066
:1075B00004900590FFF758F805B100260DB10120A1
:1075C00000E00020A4494870B8F1000F03D0B8F1E2
:1075D000010F78D1A9E0A06808B1E06820B94FF0A8
:1075E000FF3006B0BDE8F087A07F082802DD4FF02D
:1075F000FF30F6E7A27F04A8216903F0FFFF2168AE
:1076000009B1012100E00021084601F07BFF0020C4
:10761000914981F83800241D8F486168C163217F3A
:1076200080F84410206801F02BFB01468A4880F85E
:1076300045100020884988734FF6FF71A06801EA61
:10764000C00185480182E17E8174A07EC006010EE2
:107650008148C174617F0175A07F241F18B9217D05
:107660007D4881750AE094F82200022803D1FF21A9
:107670007948817502E0FF217748817594F82400EC
:10768000022803D094F82200022825D194F8230080
:10769000F1280AD094F82300F22806D094F82300A9
:1076A000012802D04FF0FF309BE700208DF80C003E
:1076B00002946A4A6A48016801A8FEF7D7FF18B128
:1076C0004FF0FF308DE7C3E00021634801760121D0
:1076D000C1750021417508E0223461785E48C175AA
:1076E000A178017614F82219417500F07BFB002087
:1076F000FFF736FD5848383001F0C4FC56480E30CC
:1077000001F076FD04A801F01AFFA08B01F0F2FF52
:10771000208B01F049FC4FF47A707043C000A168DF
:10772000B0FBF1F04C49886093E0208E10B94FF027
:10773000FF3056E73220005D012801D1277D00E0AF
:10774000FF27A16A09B1012100E00021084601F0EC
:10775000D9FEF0B201F077FC01203F4981F83800F2
:107760002C20015D3C4880F850102D20015D3A48E6
:1077700080F851102E20015D374880F852102F20DC
:10778000005D20B1012807D002281CD109E00021AA
:10779000314880F8531017E001212F4880F853102A
:1077A00012E02C20005D0B2803D02C20005D0C285B
:1077B00004D10121284880F8531003E00021264815
:1077C00080F8531000E000BF00BF012022498873F9
:1077D000218E214881833220015D1F488177C77740
:1077E0003420015D1C4880F820103520015D1A48C6
:1077F00080F8211000F0F6FA0120FFF7B1FC1648DE
:10780000383001F03FFC14480E3001F0F1FC124812
:1078100090F8210001280BD140F2367001F07AFB7C
:1078200020F0040A514640F2367001F0ADFF0AE044
:1078300040F2367001F06EFB40F0040A514640F20F
:10784000367001F0A1FF4FF6FF700349886000E039
:1078500000BF00BF4846C4E60C1C0020801C00206E
:10786000700100202DE9FC5F0746884691461D46C1
:10787000DDE90FAB0E9E0C9CFEF7F6FE27B1012F43
:107880004BD0042F7DD19CE000205E4981F8380068
:107890000846C4630B2180F84410284601F0F0F933
:1078A0000146584880F84510C0F8409000205549DE
:1078B00088734FF6FF7000EAC60152480182042126
:1078C00081741821C174002101758AF0010141758C
:1078D000BBF1010F02D1F221C17502E0012149483B
:1078E000C17501214748017600F07CFA0020FFF7BE
:1078F00037FC4448383001F0C5FB42480E3001F0F7
:1079000077FC41A103C9CDE90001684601F017FEEB
:1079100040F2FF1001F0EEFE64E00120394981F8E9
:107920003800084680F850403948415D354880F8B5
:1079300051100D9980F852101DB90B2C05D00C2C4C
:1079400003D0012D06D10C2C04D101212D4880F843
:10795000531003E000212B4880F8531001202949DF
:107960008873084690F85000052804D0084690F81F
:107970005000062809D10C2E04DA0C2121488183FD
:1079800005E02EE01F48868301E01E4886831D48DF
:1079900080F81EA01F4801781A48C17780F820B0EF
:1079A000139980F8211000F01DFA0120FFF7D8FB91
:1079B0001448383001F066FB12480E3001F018FC14
:1079C00010E00420FFF7CCFB02200E4981F83800BC
:1079D00008468464162180F84C10383001F052FBC0
:1079E00000E000BF00BF404601F0E2FC054981F81D
:1079F000560091F85600FEF74AFE02491498486076
:107A0000BDE8FC9F0C1C0020C194C10000000000D8
:107A100044D800086C0100202DE9F04106460C46D0
:107A200015464FF47A7005FB00F7304601F090FCE4
:107A3000204601F0BDFC80460121404601F069FD71
:107A400001F0B4FD00BF3946054803F07FFF00BFD9
:107A500000BF034803F096FF00BFBDE8F0810000BF
:107A6000681C00202DE9F04385B006460C461746F9
:107A70009846002003900490FEF7F6FD002E70D08B
:107A8000012E6FD0022E6ED0032E6DD1A07C08285F
:107A900003DD301F05B0BDE8F083A27C03A8A16818
:107AA00003F0ACFD206810B94FF0FF30F2E742F26E
:107AB0001071206888420CD802250320BE498873C3
:107AC00081F83800BC482168C163E17C80F844102B
:107AD0000FE000250020B849887381F83800B648C7
:107AE0002168C163E17C80F8441020688108B248B5
:107AF00001644FF6FF71606801EAC001AE4801827F
:107B000004218174A07CC006010EAB48C174002121
:107B10000175A07D022802D0207D022825D1607D3C
:107B2000F12808D0607DF22805D0607D012802D0C0
:107B30004FF0FF30AEE7009401208DF808009F4A17
:107B40009F4801686846FEF791FD10B14FF0FF3085
:107B5000A0E70021984801760121C17500214175F7
:107B60000AE020E094E0FCE015E1617D9248C175F7
:107B7000A17D0176217D417500F034F92846FFF79B
:107B8000EFFA8D48383001F07DFA8B480E3001F065
:107B90002FFB03A801F0D3FC208A01F0ABFDA089E4
:107BA00001F002FAF8E0206810B94FF0FF3071E7F9
:107BB000A07C082802DD4FF0FF306BE7A27C03A811
:107BC000A16803F01BFD00207B4981F838007A484A
:107BD0002168C163E17C80F84410A1690164002040
:107BE000754988734FF6FF71606801EAC0017248F9
:107BF000018204218174A07CC006010E6E48C1740C
:107C000000210175A07D022802D0207D022821D10B
:107C1000607DF12808D0607DF22805D0607D0128C4
:107C200002D04FF0FF3035E701208DF808000094B6
:107C3000624A634801686846FEF718FD10B14FF0CC
:107C4000FF3027E700215C4801760121C175002142
:107C5000417506E0617D5848C175A17D0176217DA1
:107C6000417500F0BFF80020FFF77AFA524838302B
:107C700001F008FA50480E3001F0BAFA03A801F0FA
:107C80005EFC208A01F036FDA08901F08DF983E0C9
:107C90000120494981F838002178474880F8501080
:107CA000617880F85110A17880F85210E07820B106
:107CB000012807D002281AD109E000213E4880F8A7
:107CC000531015E001213C4880F8531010E0207853
:107CD0000B2802D020780C2804D10121364880F8E6
:107CE000531003E00021344880F8531000E000BF37
:107CF00000BF012030498873A1882F488183A17972
:107D00008177E17980F82010217A80F8211000F045
:107D100069F80120FFF724FA2748383001F0B2F95A
:107D200025480E3001F064FA234890F851000628E7
:107D30000BD140F6890001F0EDF820F00409494626
:107D400040F6890001F020FD0AE040F6890001F0CC
:107D5000E1F840F00409494640F6890001F014FDBD
:107D60001AE0206818B12068B0F57A7F02D94FF088
:107D7000FF308FE60320FFF7F3F902200E4981F868
:107D800038000D4821688164162180F84C10383085
:107D900001F078F900E000BF00BF384601F008FBB1
:107DA000054981F8560091F85600FEF770FC02482C
:107DB000C0F8048000206DE60C1C0020681C002028
:107DC0007001002008B5002000909DF8000020F010
:107DD0000400001D0090009801F05CFB0220FAF7FF
:107DE00044F908BD10B5002001F078FB10BD00007B
:107DF00010B5084991F85600002101F08AFB0023D4
:107E00001A464FF4C071084601F0F8F801F0C0F8C6
:107E100010BD00000C1C00202DE9FE4F81460E46CF
:107E200015461F46DDE90EAB4FF000080124B9F1FD
:107E3000000F03D0B9F1010F21D10DE0CDE900AB66
:107E400039462846DDE90C23FEF7A3FC4FF47A718E
:107E500000FB01F82C4613E00D988DE8010C3A4622
:107E6000294630460C9BFEF7D9FC4FF47A7100FB93
:107E700001F80749885DFEF7A1FC044600E000BF59
:107E800000BF08EB0400401EB0FBF4F0BDE8FE8F1D
:107E900044D8000870B50446204601F089FA05462A
:107EA0000121284601F035FB01F080FB70BD000088
:107EB00010B5094991F85600012101F02AFB074845
:107EC0002D21426C4FF4D760904701F076FB0448B7
:107ED00001F056FB10BD00000C1C0020C0D70008AC
:107EE000FFFF0F0070B504460D462946204601F0FD
:107EF0004BFC70BD70B504460D4616463246294609
:107F0000204601F04DFC70BD70B50446FEF72CFB19
:107F100001280DD140F6231000F0FCFF054625F0A6
:107F2000060545EA040140F6231001F02DFC00BFD0
:107F300070BD70B50025002408252FE0FDF78EFFE9
:107F4000012291024FF09040FAF7F0FA032004F07A
:107F5000D7FB00224FF480614FF09040FAF7E6FA29
:107F6000032004F0CDFB6410012291024FF09040F9
:107F7000FAF7DCFA052004F0C3FBFCF7FEFE4FF431
:107F800080614FF09040FAF7BFFA012801D144F028
:107F900080043C2004F0B4FB681EC5B2002DCDDC8B
:107FA000204670BD2DE9FC5F00BF4FF0000BDA46A4
:107FB000FCF7F8FECC2003F0B9FD442003F0B6FD39
:107FC0004FF4FA7004F09CFBFCF7ECFECC2003F0BD
:107FD000ADFDBE2003F0AAFDFFF7ABFF8346FFF720
:107FE000A8FF8246BAF17F0F0CDD6FEA0B0000F0AC
:107FF000FF0B6FEA0A00401C00F0FF0A0120134942
:10800000087002E00020114908704FEA0A10F8F7E2
:108010002CFA804689465846F8F738FA0646002278
:108020000B4BF8F7AAF942464B46CDE90001F8F7A9
:10803000FDF804460D4605480078012801D185F079
:10804000004520462946BDE8FC9F0000A80100200D
:1080500000003040034603FB0210704710B5044691
:10806000207910B1012812D108E006220A482168BF
:10807000006800F5906000F0EAF90AE00622064880
:108080002168006800F28C4000F0E1F901E0002076
:1080900010BD00BF0120FBE7C00000202DE9FC4718
:1080A00005460E4617461C464FF00008052D01DA1E
:1080B000284600E00520607094F901000F4900F0A7
:1080C000B9FAA07094F901200C4B53F822100C4B14
:1080D000985C00F0A5FA80460A49C86D8047814641
:1080E00004F10C00011F4B463A46CDE90010314621
:1080F000404600F0FCF9BDE8FC870000B8D6000857
:10810000B0D60008C0D700081FB504460020039071
:1081100020783A2877D2DFE800F0D01D20D0D0D0E8
:1081200023D03AD03D4043464C5255595D61656974
:108130006D777A7D80868C8F9396999C26D0D0D04F
:10814000D0D0D0D0D0D0D0D0D0D09FA6B0B3D0B6E1
:10815000BDC0C3C900200390B0E000200390ADE093
:1081600000200390AAE0574A07CA8DE8070060780C
:108170008DF800005448006800F590600190524866
:1081800000680290684600F06BFA039096E00020C9
:10819000039093E00020039090E0402003908DE056
:1081A000202003908AE094F901004849085C03907C
:1081B00084E094F901004649085C03907EE00020C9
:1081C00003907BE040F6B830039077E04FF47A708C
:1081D000039073E04FF4FA6003906FE041F288304F
:1081E00003906BE041F27070039067E04FF48040C1
:1081F000039063E04FF47A71484204F013FE00F5F7
:10820000FA6003905AE058E00020039056E03148AD
:10821000039053E00020039050E02B48006800F5E5
:10822000906003904AE02848006800F28C40039078
:1082300044E06020039041E02348006803903DE063
:10824000002003903AE00020039037E0224803909A
:1082500034E02248039031E02079214A2149FFF798
:10826000F9FE03902AE013208DF80C0003208DF80E
:108270000D0001208DF80E0020E0022003901DE08B
:10828000082003901AE02079154A1649FFF7E2FE0C
:10829000039013E00220039010E0082003900DE00B
:1082A00094F901001049085C039007E094F901007B
:1082B0000E4900F0BFF9039000E000BF00BF039833
:1082C00004B010BDDCD60008C0000020D0D60008E5
:1082D000D6D6000820441E1E333399419A9909408E
:1082E000400D0300E00A4C1EB0D60008B8D60008C6
:1082F0002DE9F0438BB004460F4694F901504FF03E
:108300000008C146666828494868804718B10020BF
:108310000BB0BDE8F083E07C58B92078302190FBA9
:10832000F1F201FB120040F6354148431F4901EBD1
:1083300080161F48405D4FFA80F91B48C1683046DF
:108340008847A07C012100220692CDE907210990EF
:10835000208980B2CDE90202049208200592CDE97D
:108360000020A178104801234A46D0F818C01846CA
:10837000E047607C012803D10E4810F8058002E038
:108380000D4810F8058008F10D00C1B20648426D95
:1083900001209047E07C2A46314600F085F968B21A
:1083A00038700120B4E70000C0D70008E0F8D11D04
:1083B000B0D60008D6D60008D0D6000870B504465E
:1083C0000D46072D1DD005DC5DB1052D0DD0062D08
:1083D00030D10BE0092D20D00A2D1DD00F2D29D131
:1083E00026E0206803F074FB70BD00BF94F9000024
:1083F0000522002100F096F908B10120F4E70020E1
:10840000F2E794F900000522002100F08BF908B191
:108410000120E9E70020E7E700BF94F90000072208
:10842000002100F07FF908B10120DDE70020DBE743
:108430000020D9E70020D7E770B504460D46022C8E
:1084400003D12846FFF70AFE70BD0020FCE710B5F7
:10845000034653B149B1002005E031F8104023F83C
:108460001040441CE0B29042F7DB10BD2DE9F04F04
:1084700006460F4690469946DDF828A049464046F4
:10848000099A00F04FF910B90020BDE8F08F0025DF
:10849000AB4628E000241DE037F81B100120A04067
:1084A0000140A9B1281900EB40000AEB8000007AD6
:1084B000C0F30312281900EB40000AEB8000007A99
:1084C00000F00F01404600F02DF9012800D1DCE753
:1084D000601CC4B2102CDFDB05F11000C5B20BF13B
:1084E000010000F0FF0BB542D4DB0020CDE7F0B572
:1084F000DDE905454E00083E46434FF47A77574381
:108500004FF0020C0CFB076666B14E00083E464376
:108510004FF47A7757430CFB07660644761EB6FB8A
:10852000F0F60BE04E00083E46434FF47A7757438F
:108530004FF0020C0CFB0766B6FBF0F68E4224D916
:108540004E00083E46434FF47A7757434FF0020CF3
:108550000CFB076666B14E00083E46434FF47A773F
:1085600057430CFB07660644761EB6FBF0F60DE09B
:108570004E00083E46434FF47A7757434FF0020CC3
:108580000CFB0766B6FBF0F600E00E46266087009F
:108590002668464326B126684643761C760802E0E4
:1085A000266846437608BE1B03EB4307C7EBC31799
:1085B000A6EBC706002E19DD87002668464326B1C4
:1085C00026684643761C760802E02668464376080D
:1085D000BE1B03EB4307C7EBC317A6EBC70606F2A8
:1085E000E7364FF47A7796FBF7F616E087002668B1
:1085F000464326B126684643761C760802E0266884
:1086000046437608BE1B03EB4307C7EBC317A6EB35
:10861000C7064FF47A7796FBF7F62E60F0BD0000A0
:10862000024601209040024B5843B0FBF1F07047E6
:1086300040420F00024651F82200A0F5F4304838BD
:1086400040B1A0F5F430483830B1A0F5743090381E
:1086500020B100BF002070470120FCE70220FAE7AC
:108660003CB5044694F9005094F9000094F90210C6
:10867000884202D194F902003CBD00BF681E45B299
:1086800094F90200A8420DD094F90110A068CDE938
:10869000001094F90230E0782A466168FFF7E6FEA0
:1086A0000028EBD02846E7E7FEB504460D461646FF
:1086B000062C0CDA00BF0B4850F824000AA3012254
:1086C00000218DE86100022002F088FE09E000BF71
:1086D0000DA3012200210220CDE9005602F07EFE0A
:1086E00000BFFEBDC400002052585F2573206F6E8E
:1086F000206672657120256420487A2061742044C8
:10870000522025640D0A00005258206F6E206672B8
:10871000657120256420487A206174204452202508
:10872000640D0A0003468B4203DB934201DC012007
:1087300070470020FCE72DE9F04104460D4616463F
:108740001F46DDF81880022C06D143463A463146D2
:108750002846FFF7A3FC00E000BF00BFBDE8F081A2
:108760007CB504460D4600200190022C04D1284619
:10877000FFF7CAFC00907CBD0198FCE708B50248F1
:108780000090009808BD00000300010170B5044688
:108790000D461646022C04D131462846FFF7A8FDA7
:1087A00070BD0020FCE770B504460D461646022C4D
:1087B00004D131462846FFF701FE70BD0020FCE7DA
:1087C00010B500243A48D0F84003012801D0012018
:1087D00010BD24213748F8F7E5F904463548406ACA
:1087E000A04201D01720F3E7142132482830F8F7CF
:1087F000D9F904462F48C06BA04201D01720E7E703
:10880000DC212C484030F8F7CDF904462948D0F84F
:108810001C01A04201D01720DAE7BC212648F8F756
:10882000C1F904462348D0F8DC01A04201D017204A
:10883000CEE79C212048C030F8F7B4F904461D4823
:10884000D0F87C02A04201D01720C1E714211B48B8
:10885000F8F7A8F904461748D0F83007A04201D02D
:108860001720B5E740F234721249154804F014F9A4
:1088700040F2347200210F4804F01AF90C4890F8C5
:1088800015040B4981F8E0030D48C16E0848C0F893
:10889000E4130B4890F87510054880F8F013012197
:1088A00080F8F213022180F8F313002090E7000013
:1088B0004806002088120020A8130020A4190020D8
:1088C000540B0020034600221946080C000408B986
:1088D0001022090401F07F4018B902F10800C2B269
:1088E000090201F0704010B9101DC2B2090105481B
:1088F00000EB117000781044C2B2C2F11F00C0B288
:108900007047000047D800080849096821F0400175
:10891000064A116040F4417111604FF4B851516042
:108920001146096841F0400111607047000001588C
:1089300018B5024600201E4B1B68C3EBC303C3F3EC
:108940004C43642413FB04F3009300BF009B1BB94A
:1089500001200123936008E0009B5B1E0093154BF0
:108960009B6803F00203022BF0D100BFFF23114CE0
:1089700023730F4B1B68C3EBC303C3F34C43642443
:1089800013FB04F3009300BF009B1BB901200123DC
:10899000936008E0009B5B1E0093064B9B6803F00E
:1089A0000103002BF0D000BF024BDB680B7018BD39
:1089B000B40000200000015818B5024600201D4BED
:1089C0001B68C3EBC303C3F34C43642413FB04F3DE
:1089D000009300BF009B1BB901200123936008E0B6
:1089E000009B5B1E0093144B9B6803F00203022B59
:1089F000F0D100BF104B19730E4B1B68C3EBC303C0
:108A0000C3F34C43642413FB04F3009300BF009BA7
:108A10001BB901200123936008E0009B5B1E0093BB
:108A2000054B9B6803F00103002BF0D000BF024B05
:108A3000DB6818BDB40000200000015838B50446BA
:108A40002079012811D10B48006800EB4000C0F3E9
:108A50004F300090FCF776FA00BF0098401E00905F
:108A600000980028F9D1FCF781FA204600F00CF8B4
:108A700038BD0000B400002010B50248FBF766F9CD
:108A800010BD0000B402002018B502460020124BB1
:108A90001B6803EB4303C3F34B43642413FB04F34E
:108AA000009300BF00BF0D4B1B68C3F3800100BFE4
:108AB000009B1BB90120022393600AE0009B5B1E10
:108AC000009300BF054B1B68C3F340030B40002B12
:108AD000E8D100BF18BD0000B40000201404005805
:108AE00001B582B09DF80800C0F3801080019DF8A8
:108AF0000810C1F3401140EA41109DF80810C1F37D
:108B0000001140EA01109DF80810C1F3C00140EACD
:108B1000C1009DF80810C1F3800140EA81009DF872
:108B20000810C1F3400140EA41009DF8081001F02F
:108B3000010108430190012201A9892000F00EFEE5
:108B40000EBD000038B504461B48844206D9E1201A
:108B50008DF80000E9208DF8010026E017488442D6
:108B600006D9D7208DF80000DB208DF801001CE02D
:108B70001348844206D9C1208DF80000C5208DF825
:108B8000010012E00F48844206D975208DF80000DC
:108B900081208DF8010008E00B48844205D96B2044
:108BA0008DF800006F208DF80100022269469820A0
:108BB00000F0D4FD38BD000000E9A43580F8A932EA
:108BC0008044E52D000B6B1B40FC541938B504465E
:108BD000200A8DF80000E0B28DF8010002226946FB
:108BE000104600F0BBFD38BD2DE9FE4F06460F468E
:108BF00020A00068029040F6070000F08BF9804644
:108C000002A8C8F3C101405C019008F00700009081
:108C10000098401E012101FA00F0019948431649CD
:108C2000B1FBF0F9B9FBF6FA01250AFB05F00828BB
:108C300000D202250AFB05F0042800D2042509FB16
:108C400005FB4FF4D66000F065F90007040D40F213
:108C5000B16000F05FF9044304F40060B0F5006F08
:108C600001D1064804434FEA5B106043C0113860ED
:108C7000BDE8FE8F04080A0C0048E80100F0FFFF81
:108C800002460AB91F20704700210BE0074850F840
:108C90003100904204D9054800EBC1000079F2E7A9
:108CA000481CC1B21629F1D300BFFEE708D700085F
:108CB00001480078704700005C01002038B5044688
:108CC00003226946142000F00FF900F03DF82070EF
:108CD000207820B1012814D00F2828D128E09DF851
:108CE000000020719DF801004042401041B2A17186
:108CF0009DF802004042401041B261710021A16024
:108D00001EE09DF800004042401041B221739DF8E2
:108D1000010040B2801C811061739DF80200404246
:108D2000401041B2A17307480168216108E000BF0B
:108D300014220021204602F06FFC0F20207000BF9B
:108D400000BF38BD60010020014800787047000076
:108D50005D010020F8B505460C461646002000903F
:108D60006946204600F052F82078B04201DD01202B
:108D7000F8BD227829469DF8000000F09FF80020F9
:108D8000F6E70120704738B5002000900024002548
:108D900040F6E20000F0BEF8044624F0010140F67F
:108DA000E20000F0F1FC40F6E50000F0B3F8054603
:108DB00025F0800140F6E50000F0E6FC6FF07F4012
:108DC00000F016FB0422694640F6190000F0B0F8E6
:108DD000002000F083FB214640F6E20000F0D4FCC6
:108DE000294640F6E50000F0CFFC009838BD38B5C4
:108DF000002401226946152000F076F89DF8000055
:108E00004042401044B2204638BD000038B5044608
:108E10000D4602226946132000F066F8FFF794FF22
:108E2000012809D108480078012805D140F20270D4
:108E300000F070F8207002E09DF8000020709DF8AE
:108E40000100287038BD00005E01002038B50446DE
:108E50000CB117480460FCF79FFF0220FFF754F89D
:108E600000201449087000F039FBFDF781FB012850
:108E70000DD1402100F06DFB002140F6111000F0F3
:108E800083FC7F2000900098FFF72AFE09E0202154
:108E900040F6111000F078FC202140F6121000F08E
:108EA00073FCFDF75DFB01200349087038BD00002D
:108EB00068010020640100205C0100202DE9F041E0
:108EC00004460D46164602F0ABFE074672B6334620
:108ED0002A4621460348FBF70DF8384602F0BBFE50
:108EE000BDE8F081B40200202DE9F04104460D46B2
:108EF000164602F095FE074672B633462A462146CC
:108F00000348FAF785FE384602F0A5FEBDE8F08179
:108F1000B402002038B5044601236A4621460348BE
:108F2000FBF730F89DF8000038BD0000B4020020C7
:108F30002DE9F04104460D46164602F071FE074643
:108F400072B633462A4621460348FBF71BF83846DB
:108F500002F081FEBDE8F081B402002070B5054644
:108F60000E4614463146284600F0D8F9204600F057
:108F700007FB70BD38B505460C468DF800508DF8DE
:108F80000140022269468F2000F0E8FB38BD000056
:108F900010B500221146C52000F0E0FB0720014972
:108FA000087010BD5C01002038B50446200A8DF819
:108FB0000000E0B28DF80100FFF7C6FE30B90222D2
:108FC000694640F2BE6000F0EBFB00E000BF00BF6E
:108FD00038BD38B50446200A8DF80000E0B28DF89F
:108FE0000100FFF7B1FE30B90222694640F2BC60D1
:108FF00000F0D6FB00E000BF00BF38BD2DE9FC410A
:1090000007460C4615461E46380A8DF80000F8B291
:109010008DF80100200A8DF80200E0B28DF80300FF
:10902000280A8DF80400E8B28DF80500300A8DF8A2
:109030000600F0B28DF8070008226946104600F0DD
:109040008DFBBDE8FC81F1B501226946A02000F04E
:1090500085FB9DF80000402813DB9DF800004410BC
:109060000025002602E0A410681CC5B21F2CFADC03
:1090700005EBC400C6B2314640F2067000F084FB36
:1090800000BFF8BD2DE9FC410446002500200090FA
:109090000190207849490978884202D0207800F070
:1090A00027F9207802283BD003DC38B101287CD195
:1090B0004EE0032860D00F287BD17BE04FF00808FA
:1090C0003F496068B1FBF0F5280C8DF80000280AD4
:1090D0008DF80100E8B28DF80200207B8DF80300C6
:1090E000607B8DF8040000BF00214906A06841EABA
:1090F000D0114606334A00233046F7F73BF80546C1
:1091000000BF280C8DF80500280A8DF80600E8B28B
:109110008DF80700424669468B2000F01FFB4AE0AD
:109120004FF0040826492069B1FBF0F5280C8DF8B2
:109130000000280A8DF80100E8B28DF80200207DB9
:109140008DF80300424669468B2000F007FB32E0B1
:109150004FF00408207E8DF80000607E8DF801003D
:10916000A07E8DF80200E07E8DF80300424669463D
:109170008B2000F0F3FA1EE04FF0050810496068FC
:10918000B1FBF0F5280C8DF80000280A8DF80100DD
:10919000E8B28DF80200207B8DF80300607B8DF82B
:1091A0000400424669468B2000E002E000F0D6FA57
:1091B00001E000BF00BF00BFBDE8FC815D010020F1
:1091C0000000093D0048E801F8B504460D46164682
:1091D0001F468DF800408DF801508DF802608DF823
:1091E000037004226946952000F0B8FAF8BD00002B
:1091F000FEB50446002600200090019002902078E1
:1092000039490978884202D0207800F071F8207836
:10921000022842D003DC40B101285AD142E00328A1
:1092200002D00F2855D155E000BF607AF12809D14E
:109230004FF6FF70FFF7CDFE48F20500FFF7B4FED2
:1092400002260DE0607AF22809D141F60F50FFF7AF
:10925000C0FE41F22100FFF7A7FE062600E0667A75
:1092600009256088000A8DF80000A0788DF80100BB
:1092700020798DF8020060798DF80300A0798DF8CF
:109280000400E0798DF80500207A8DF806008DF84D
:109290000760A07A8DF808001DE00125207B8DF87D
:1092A000000018E00625E089000A8DF80000A07B88
:1092B0008DF80100207C0D4908708DF80200607C5B
:1092C0008DF80300A07C8DF80400E07C8DF805008B
:1092D00001E000BFFEBD00BF2A4669468C2000F0B9
:1092E0003DFA00BFF6E700005D0100205E010020AE
:1092F00001B59DF80000084908709DF8000020B9EC
:10930000002140F2AC6000F03FFA012269468A2059
:1093100000F024FA08BD00005D01002070B504468D
:109320000D462A462146002000F002FA70BD08B51D
:10933000FDF71AF9012802D100BF009001E00020DA
:10934000009001226946962000F008FA08BD00004E
:10935000F8B5044600251448007828B92046FFF7E0
:10936000F1FB01201049087000BF0020400640EAD0
:10937000D41166060D4A00233046F6F7FBFE05467B
:1093800000BF280E8DF80000280C8DF80100280A77
:109390008DF80200E8B28DF80300042269468620A9
:1093A00000F0DCF9F8BD0000640100200048E8018D
:1093B00070B504460125FDF7CFF8064626B1012E0B
:1093C00008D0022E0AD107E00F2C01DD022500E0B3
:1093D000012504E0012502E0022500E000BF00BFF6
:1093E00002222146284600F0EFF8284670BD000012
:1093F00038B50446052008490870200C8DF8000097
:10940000200A8DF80100E0B28DF8020003226946BF
:10941000822000F0A3F938BD5C01002038B5044675
:1094200005200B490870972140F6AC0000F0ACF91C
:10943000200C8DF80000200A8DF80100E0B28DF8B4
:10944000020003226946822000F088F938BD00003E
:109450005C0100207CB505460C46280C8DF8000008
:10946000280A8DF80100E8B28DF80200200C8DF872
:109470000300200A8DF80400E0B28DF805000622F2
:109480006946942000F06AF90620014908707CBD05
:109490005C01002001B582B00020FDF751F80220E8
:1094A000FEF732FD9DF80800C0F3800080009DF8B3
:1094B0000810C1F3400140EA41009DF8081001F096
:1094C000010108430190012201A9842000F046F91E
:1094D0000020014908700EBD5C01002001B5012289
:1094E0006946802000F03AF99DF8000018B9012083
:1094F0000349087002E002200149087008BD00001D
:109500005C01002001B5012269469F2000F026F988
:1095100008BD70B504460D460126012D09D1012C68
:1095200003D102260420FEF7EFFC022C03D1032610
:1095300001E005B901263046FDF702F870BD10B50F
:109540000446082221464FF4D86000F029F9002093
:1095500010BD38B505460C4605F007008DF8000033
:10956000200C8DF80100200A8DF80200E0B28DF881
:10957000030004226946972000F0F0F838BD00008F
:1095800038B50446042008490870200C8DF8000006
:10959000200A8DF80100E0B28DF80200032269462E
:1095A000832000F0DBF838BD5C01002010B50022FC
:1095B0001146D12000F0D2F810BD10B5002211469E
:1095C000D22000F0CBF810BD2DE9F84306460D4639
:1095D0001746012E35D10020FCF7B8FF0446A542FE
:1095E00000DD65B20E2C0AD101231A4600210420A9
:1095F000FFF7EAFD601BC0F10E0045B216E00A2C31
:109600000AD101231A4600211846FFF7DDFD601B31
:10961000C0F10D0045B209E001231A4600210620E1
:10962000FFF7D2FD601BC0F10E0045B215F1110F1E
:1096300001DA6FF01005182140F6E70000F0A4F8F9
:109640004CE040F6D800FFF765FC40F01E084146AC
:1096500040F6D80000F098F80120FCF777FF0446A8
:10966000A54200DD65B2142C0AD101230022052198
:109670000320FFF7A9FD601BC0F1160045B223E0EF
:10968000112C0AD10123002203210220FFF79CFDA7
:10969000601BC0F1160045B216E00E2C0AD1012362
:1096A000002202210846FFF78FFD601BC0F10E006B
:1096B00045B209E00123002207210420FFF784FDC1
:1096C000601BC0F1160045B215F1090F01DA6FF009
:1096D0000805382140F6E70000F056F8E8B28DF8AA
:1096E00000008DF80170022269468E2000F036F8E5
:1096F000BDE8F88370B504460025FFF725FB98B94F
:109700004FF4D760FFF706FC00F0FE05C4F300201D
:10971000054329464FF4D76000F036F8E1B240F235
:10972000B96000F031F800E000BF00BF70BD00007C
:109730002DE9F04104460D46164602F071FA07463F
:1097400072B633462A4621460348FAF78FFC38465C
:1097500002F081FABDE8F081B40200202DE9F04169
:1097600004460D46164602F05BFA074672B63346CB
:109770002A4621460348FAF78FFA384602F06BFA78
:10978000BDE8F081B402002013B50446012301AA0C
:1097900021460248FAF7A8FC1CBD0000B4020020D4
:1097A0002DE9F04104460D46164602F039FA074607
:1097B00072B633462A4621460348FAF795FC3846E6
:1097C00002F049FABDE8F081B402002070470000C1
:1097D00070B5002500240D48F7F718F9044604B9C0
:1097E00012E00B4800884FF6FF71884208D0084805
:1097F000008840F6E4414843B0FBF4F085B203E052
:109800000448B0FBF4F085B2284670BD002000B4D7
:10981000AA75FF1FD8084C0038B50020009000251D
:10982000FFF7D6FF04462448F7F7F0F8054623482B
:109830000088224920390988401A21D01F48008811
:109840001E4920390988401A15D005FB04F040F65E
:10985000E441B0FBF1F0194920390988401A64212C
:10986000484316490988154A203A1288891A90FBFC
:10987000F1F01E3001E047F6FF7000B2009013E0F7
:1098800005FB04F040F6FF71B0FBF1F000EB400186
:10989000C1EBC0100A49C1EBC00040F6C41190FBF7
:1098A000F1F01E3000B20090BDF80000000200B2DE
:1098B0000090BDF9000038BD001000B0C875FF1F52
:1098C000C0980B000148024908607047002401401D
:1098D000180200202DE9F043BFB005460C46914622
:1098E0001E4605B11EB902203FB0BDE8F083E11766
:1098F00004EB11710911A4EB011109B10520F3E783
:10990000F022002102A803F0D3F801A94846F7F796
:109910005FFC0746CFB902AA10210198401C03F052
:1099200001F84FF000080DE006EB080105EB080018
:1099300002AA02F0C9FF08F1100000F0FF08A4F12C
:10994000100084B2002CEFD100BF3846CCE72DE9DF
:10995000FF4107460D4616461FB9022004B0BDE878
:10996000F08106247F2E03D1042D01D00320F5E7DA
:10997000002000900190029003906B462A4610212F
:109980003846FFF7A7FF04460CB12046E6E76946D4
:10999000304600F033F804460CB12046DEE70020E4
:1099A000DCE700000148006870470000B8000020B4
:1099B0000148006808307047B800002010B5044620
:1099C0000CB9022010BD082221460348006803F0AC
:1099D00063F80020F6E70000B800002010B5044648
:1099E0000CB9022010BD0822214603480068083047
:1099F00003F052F80020F5E7B80000202DE9FF4100
:109A000005460E461EB9022004B0BDE8F0810024D0
:109A100032E004EB04111A4800681030405CA842A0
:109A200028D1802D19D106270020009001900290A6
:109A300003906B467F2210213046FFF74BFF07460D
:109A400004EB04120E49096810311144481C10221D
:109A5000694603F021F83846D6E704EB04120849BA
:109A6000096810311144481C1022314603F014F8E3
:109A70000020C9E7601CC4B20A2CCAD30320C3E784
:109A8000B800002070B504460325494890F8040149
:109A900020B1012876D0022872D17CE034B9444943
:109AA00044314348826E406EC1E90A02012C07D15D
:109AB0002046FBF7C1FB054615B93D4880F8044137
:109AC000022C5DD13A4880F804411422394901F151
:109AD0001400F6F780FB0221374880F8F3130020CA
:109AE00041E000EB400101EBC0023149D83101EB0C
:109AF00082018978012934D100EB400101EBC002D9
:109B00002B49D83101EB82018A692949CA6600EBE9
:109B1000400101EBC0022649D83101EB82010A7FE6
:109B2000234981F87020244991F81514224A82F8BB
:109B3000E0131F49CA6E2049C1F8E4231C4991F87B
:109B400075201D4981F8F023194991F880201A49A0
:109B500081F8F123032281F8F323012281F8F22313
:109B600003E0411C48B20128BBDB00BF00201249C2
:109B700081F814041149C86A8047FCF785FC002568
:109B800012E0FFE72046FBF757FB054615B90848EA
:109B900080F8044108E034B9054880F804410749D9
:109BA000C86A8047002500BF00BF284670BD00007E
:109BB000540B0020140A002048060020C0D70008DB
:109BC00070470FB40CB5002100910191069A0499D9
:109BD00011440091BDF81410BDF81C20114409B2C5
:109BE000ADF80410BDF90410B1F57A7F09DB0099D6
:109BF000491C0091BDF80410A1F57A7109B2ADF8C5
:109C00000410DDE90012C0E9001202B05DF814FB97
:109C100010B58AB00446002008900990069007907D
:109C20001048016909A8884708900E49C86880470C
:109C300000B2ADF814000B494868804704900998B9
:109C4000009002A8089BDDE90412FFF7BAFFDDE9E6
:109C50000201CDE90601DDE90601C4E900010AB00F
:109C600010BD000080D2000810B500204FF0B041B8
:109C7000896821F4004101434FF0B042916000BF78
:109C800001F058FE01200E490870F6F7ADFF01F013
:109C900013FC0C4801F036FC00BF4FF400400A49A9
:109CA000086100BF022001F033FCFFF70BFEF7F75D
:109CB00021F801F05DFC0121084601F063FC10BDB4
:109CC0000000002079A300080040005800B599B0BA
:109CD000482107A8F6F798FA182101A8F6F794FA90
:109CE000F8F748FD00201E49096821F018010143DA
:109CF0004FF0B042C2F8901000BF00BF1948006892
:109D000020F4C06040F400701649086008460068FE
:109D100000F4C060009000BF00BF242007908120A5
:109D20000A9001200F9000201090B0201190002088
:109D3000129007A8F9F74EF808B1F6F7FFFF4F2089
:109D4000019000200290039004900590069002215B
:109D500001A8F8F75DFE08B1F6F7F0FF19B000BDF5
:109D600090000058000400587047000010B50248E9
:109D7000F9F7A0FB10BD00007C02002010B5022105
:109D80000248F9F74BFB0446204610BD7C02002038
:109D900010B5002400210348F9F740FB0446204693
:109DA00010BD00007C02002010B5002401210348F2
:109DB000F9F734FB0446204610BD00007C02002069
:109DC00010B50446224602210148F9F72FFB10BDC9
:109DD0007C02002010B50446224600210148F9F714
:109DE00025FB10BD7C02002010B50446224601214F
:109DF0000148F9F71BFB10BD7C02002010B501469D
:109E000000204FF47A72A1FB0232940544EA9320B9
:109E100010BD2DE9F041044600250020800240EAF3
:109E20009451A6024FF47A7200233046F6F7A2F955
:109E300005462846BDE8F08170B504462046FFF788
:109E4000E8FF0546F7F7F0F9064600E000BFF7F730
:109E5000EBF9801BA842F9D370BD002003207047A6
:109E60002DE9F04780464FF00009F7F7DDF9074686
:109E7000FFF784FF04460021CD1944EB0106A80A30
:109E800040EA8659C5F309052846FFF7B7FFA8F849
:109E900000004846BDE8F0870148006870470000B0
:109EA0000800002010B50024F7F7BEF90249096840
:109EB000441A204610BD00000800002010B5002400
:109EC00004480078012802D1F7F7AEF9044620468D
:109ED00010BD00000400002010B500240F480078D9
:109EE000C8B9601E0E490863FBF7DEFE00F04CF8AF
:109EF0004FF480710A48F9F751FB601E0849086366
:109F00000846F9F79DFA0020FFF75AFF00F00AF81B
:109F1000012002490870204610BD00000400002006
:109F20007C02002010B5F7F77FF902490860084667
:109F3000006810BD0800002030B58BB00446002535
:109F40002C216846F6F760F900F01EF80C4800680E
:109F5000044400200790C4F1FF30019000200590D8
:109F60004FF00050069040150A90012269460548BE
:109F7000F9F718FC08B1F6F7E1FE28460BB030BD42
:109F8000080000207C02002010B5002401200549B3
:109F9000086001020448F9F701FB601E02490863EA
:109FA000204610BD5C2800407C02002010B50268ED
:109FB000184B984202D0B0F1804F03D122F07002CA
:109FC0004B681A43134B984208D0B0F1804F05D02C
:109FD000114B984202D0114B984203D122F44072A7
:109FE000CB681A4322F080034C6943EA0402026002
:109FF0008B68C3620B688362064B984205D0064BA0
:10A00000984202D0054B984201D10B6903630123AA
:10A01000436110BD002C0140004401400048014054
:10A020002DE9F04104460E464FF0FF3701F0FBFDED
:10A03000804672B62848408A2749098A884215D145
:10A040002548408AC0F5806085B2AC4230DB2248AA
:10A05000008AA0422CDD01201F4988700846408AF2
:10A0600008800846058A0020488221E01A48408A74
:10A070001949098A884215DD1748408AC0F5806071
:10A0800085B2AC4214DB1448008AA04210DD0120E6
:10A09000114988700846408A08800846058A0020D1
:10A0A000488205E00C48008A0B49498A401A85B26B
:10A0B000A5420ADD0848408A30800748408A20448B
:10A0C000C0F30900044948820027404601F0C6FD5C
:10A0D0003846BDE8F0810000981C00200348C08A83
:10A0E00008B1012070470020FCE70000981C002008
:10A0F00010B501F098FD044672B60448C08A401CB1
:10A100000249C882204601F0A9FD10BD981C00201C
:10A1100070B50024002501F086FD064672B6FFF7F3
:10A12000DDFF00284AD1FFF7E3FF2748008A2649D0
:10A13000498A88423CD024488078012810D122489E
:10A1400000882149098A401A1F49888202208870A4
:10A15000002008800846808A10B900208870088294
:10A160001948807898B91848408A1749098A88425E
:10A1700007DD1548408A1449098A401A1249888225
:10A1800005E01148008AC0F580600F4988820E48BA
:10A19000008A0E494518304601F060FD01F0ACF927
:10A1A0000948818A0A48C26828469047044608E060
:10A1B00000F07CF8304601F051FD02E0304601F03D
:10A1C0004DFD204670BD0000981C0020B01C0020F2
:10A1D0009CD2000870B50646002401F024FD054617
:10A1E00072B62F488078022804D100202C4988704C
:10A1F000088208E02A48008A2949898A0844C0F36D
:10A200000900274908822648008A2549498A884248
:10A210003DD02348C08A012839D1214880780128BF
:10A2200010D11F4800881E49098A401A1C4988829B
:10A2300002208870002008800846808A10B900201B
:10A24000887008821648807898B91548408A144961
:10A25000098A884207DD1248408A1149098A401A52
:10A260000F49888205E00E48008AC0F580600C49DD
:10A2700088820B48008A0B494418284601F0EEFCFE
:10A280000748818A0848C2682046904706E0284669
:10A2900001F0E4FC01F02AF900F008F870BD0000BC
:10A2A000981C0020B01C00209CD2000810B501F0C2
:10A2B000BAFC044672B60448C08A401E0249C882ED
:10A2C000204601F0CBFC10BD981C00200246064839
:10A2D000016804E0914201D10120704749690029D9
:10A2E000F8D10020F9E700009C01002070B5044679
:10A2F000054805680DB100202872656102480460B8
:10A30000006800F01DF870BD9C01002010B50B4BDB
:10A3100019681B685A6909E003681468A34202D9E6
:10A320001146526902E04861426110BD4B69002B41
:10A33000F2D14861436100BFF7E700009C010020B3
:10A3400070B504460B49086A804705460120207213
:10A3500008498869804728442168884204D905490A
:10A360008869804728442060024A206891688847AD
:10A3700070BD000054D200083EB505460C4601A849
:10A38000FFF746FCBDF90800009005A21021284601
:10A39000019B02F08DFD2846F5F741FF20803EBD70
:10A3A000256473253033643A0000000070B5456EB3
:10A3B0002DB90125A0F86A50A0F868501CE00823C8
:10A3C00008240568AD68C5F342610568AD686A0F89
:10A3D0000A4DAD5C15FB04F5094EB65C95FBF6F530
:10A3E000A0F86A50054D6D5C15FB03F5044E765CD4
:10A3F00095FBF6F5A0F8685070BD0000F7D2000894
:10A40000FFD2000807B50168496821F01001BDF8C6
:10A4100008201143026851609DF80A2001684968CC
:10A4200062F31F61026851600EBD90F8281001F0C0
:10A43000010139B10168496821F40031C26A114350
:10A440000268516090F8281001F00201022907D13A
:10A450000168496821F48031026B11430268516040
:10A4600090F8281001F00401042907D10168496817
:10A4700021F48021426B11430268516090F828104A
:10A4800001F00801082907D10168496821F4004159
:10A49000826B11430268516090F8281001F010019E
:10A4A000102907D10168896821F48051C26B1143DA
:10A4B0000268916090F8281001F02001202907D14E
:10A4C0000168896821F40051026C114302689160AF
:10A4D00090F8281001F04001402913D10168496823
:10A4E00021F48011426C114302685160416CB1F556
:10A4F000801F07D10168496821F4C001826C1143B3
:10A500000268516090F8281001F08001802907D17D
:10A510000168496821F40021C26C1143026851604E
:10A52000704738B504460020C4F88C00F8F704F8EA
:10A5300005462068006800F0080008280CD16FF07C
:10A540007E402B4600224FF400110090204600F080
:10A55000B7FE08B1032038BD2068006800F0040091
:10A5600004280CD16FF07E402B4600224FF480016E
:10A570000090204600F0A4FE08B10320EBE7202065
:10A58000C4F88400C4F888000020E06600BF84F8A6
:10A59000800000BF00BFDEE770B50546AC6A002052
:10A5A000A4F85E00A4F856002046F9F7F6FF70BD47
:10A5B0002DE9F0410546AC6AD4F88460D4F888707F
:10A5C0002068806800F08000802807D1212E05D106
:10A5D0000020A4F85600204600F002F920688068A8
:10A5E00000F04000402807D1222F05D10020A4F818
:10A5F0005E00204600F0A6F8D4F88C0040F0100071
:10A60000C4F88C002046F9F7C8FFBDE8F08170B5AA
:10A610000546AC6A2868006800F02000E0BB002016
:10A62000A4F85E0000BF00BF216851E8001F21F4BC
:10A630008070226842E800010029F5D100BF00BF08
:10A6400000BF2168083151E8001F21F00100216896
:10A65000083141E80002002AF3D100BF00BF00BF6B
:10A660002168083151E8001F21F0400021680831BD
:10A6700041E80002002AF3D100BF2020C4F888007E
:10A68000E06E01280ED100BF00BF216851E8001F15
:10A6900021F01000226800E004E042E800010029F7
:10A6A000F3D100BFE06E012805D1B4F85C1020465C
:10A6B000F9F788FE02E02046FAF75CFA70BD70B543
:10A6C0000546AC6AE06E012806D1B4F85C0041088A
:10A6D0002046F9F777FE02E02046FAF769FA70BDE6
:10A6E00070B50546AC6A2868006800F02000F0B933
:10A6F0000020A4F8560000BF00BF2168083151E8CF
:10A70000001F21F080002168083141E80002002A82
:10A71000F3D100BF00BF00BF216851E8001F41F026
:10A720004000226842E800010029F5D102E02046FD
:10A73000FAF710FB70BD70B50446A56A2846FAF713
:10A7400019FB70BD00BF00BF026852E8002F22F461
:10A750009071036843E80012002AF5D100BF00BFE2
:10A7600000BF0268083252E8002F104B02EA0301D2
:10A770000268083242E80013002BF2D100BFC16E1C
:10A7800001290CD100BF00BF026852E8002F22F05F
:10A790001001036843E80012002AF5D100BF202110
:10A7A000C0F888100021C16601677047FEFFFFEF07
:10A7B00010B5044600BF00BF216851E8001F21F01A
:10A7C0004000226842E800010029F5D100BF2020A6
:10A7D000C4F88400002060672046FAF7BBFA10BD79
:10A7E00000BF00BF026852E8002F22F0C0010368DA
:10A7F00043E80012002AF5D100BF00BF00BF026885
:10A80000083252E8002F22F400010268083242E8C0
:10A810000013002BF3D100BF2021C0F88410704733
:10A820002DE9F0410446B4F86070D4F8880022287D
:10A8300057D12068406A86B2A56D06EA07002880D5
:10A84000A06D801CA065B4F85E00401EA4F85E00F8
:10A85000B4F85E0000284AD100BF00BF216851E86B
:10A86000001F21F49070226842E800010029F5D110
:10A8700000BF00BF00BF2168083151E8001F21F070
:10A8800001002168083141E80002002AF3D100BF2D
:10A890002020C4F8880000202067E06E01281CD129
:10A8A0000020E06600BF00BF216851E8001F21F0D2
:10A8B0001000226842E800010029F5D100BF20689D
:10A8C000C069C0F3001010B1102021680862B4F80C
:10A8D0005C102046F9F776FD09E02046FAF74AF9C0
:10A8E00005E02068806940F0080021688861BDE8C3
:10A8F000F08100002DE9F84F0446B4F860B02068FC
:10A90000C5692068006800902068D0F808A0D4F8D5
:10A91000880022287ED1B4F8689096E02068406ACA
:10A920001FFA80F8A76D08EA0B003880A06D801C24
:10A93000A065B4F85E00401EA4F85E002068C569FA
:10A9400005F00700B0B305F0010060B1009800F415
:10A95000807040B1012021680862D4F88C0040F07A
:10A960000100C4F88C0005F0020058B10AF00100A3
:10A9700040B1022021680862D4F88C0040F0040045
:10A98000C4F88C0005F0040058B10AF0010040B191
:10A99000042021680862D4F88C0040F00200C4F85A
:10A9A0008C00D4F88C0028B12046F9F7F6FD002081
:10A9B000C4F88C00B4F85E0068BB00BF00BF21681B
:10A9C00051E8001F21F48070226842E8000100294C
:10A9D000F5D100BF00BF00BF2168083151E8001F5A
:10A9E000344A01EA02002168083141E80002002AE5
:10A9F000F2D100BF2020C4F8880000202067E06E5C
:10AA000001281FD10020E06600BF00BF216851E887
:10AA1000001F01E046E018E021F01000226842E843
:10AA200000010029F2D100BF2068C069C0F3001006
:10AA300010B1102021680862B4F85C102046F9F7C4
:10AA4000C1FC02E02046FAF795F8B9F1000F04D0F6
:10AA500005F0200000287FF461AFB4F85E6006B313
:10AA6000B4F86800B04223DD00BF00BF21680831A0
:10AA700051E8001F21F080502168083141E80002B0
:10AA8000002AF3D100BF0C48206700BF00BF216837
:10AA900051E8001F41F02000226842E8000100292F
:10AAA000F5D105E02068806940F0080021688861E0
:10AAB000BDE8F88FFEFFFFEF21A8000870B504463F
:10AAC000B4F86060D4F88800222857D12068406A22
:10AAD00085B2F0B22840A16D0870A06D401CA06541
:10AAE000B4F85E00401EA4F85E00B4F85E000028D2
:10AAF0004AD100BF00BF216851E8001F21F49070C7
:10AB0000226842E800010029F5D100BF00BF00BF64
:10AB10002168083151E8001F21F001002168083147
:10AB200041E80002002AF3D100BF2020C4F88800C9
:10AB300000202067E06E01281CD10020E06600BFE5
:10AB400000BF216851E8001F21F01000226842E890
:10AB500000010029F5D100BF2068C069C0F30010D2
:10AB600010B1102021680862B4F85C102046F9F793
:10AB700029FC09E02046F9F7FDFF05E0206880691F
:10AB800040F008002168886170BD00002DE9F05F89
:10AB90000446B4F860A02068C5692068D0F800B009
:10ABA0002068D0F80890D4F8880022287DD1B4F825
:10ABB000688095E02068406A87B20AF0FF0038405C
:10ABC000A16D0870A06D401CA065B4F85E00401E29
:10ABD000A4F85E002068C56905F00700A8B305F079
:10ABE000010058B10BF4807040B101202168086267
:10ABF000D4F88C0040F00100C4F88C0005F002008D
:10AC000058B109F0010040B1022021680862D4F86F
:10AC10008C0040F00400C4F88C0005F0040058B12A
:10AC200009F0010040B1042021680862D4F88C00CA
:10AC300040F00200C4F88C00D4F88C0028B1204603
:10AC4000F9F7ABFC0020C4F88C00B4F85E0068BBD8
:10AC500000BF00BF216851E8001F21F48070226806
:10AC600042E800010029F5D100BF00BF00BF216804
:10AC7000083151E8001F354A01EA02002168083115
:10AC800041E80002002AF2D100BF2020C4F8880069
:10AC900000202067E06E01281FD10020E06600BF81
:10ACA00000BF216851E8001F01E046E018E021F0F4
:10ACB0001000226842E800010029F2D100BF20689C
:10ACC000C069C0F3001010B1102021680862B4F808
:10ACD0005C102046F9F776FB02E02046F9F74AFFC0
:10ACE000B8F1000F04D005F0200000287FF462AF17
:10ACF000B4F85E6006B3B4F86800B04223DD00BF6C
:10AD000000BF2168083151E8001F21F08050216800
:10AD1000083141E80002002AF3D100BF0C48206747
:10AD200000BF00BF216851E8001F41F020002268E9
:10AD300042E800010029F5D105E02068806940F073
:10AD4000080021688861BDE8F09F0000FEFFFFEF6A
:10AD5000BDAA00082DE9FE4F044600200290BF491D
:10AD60002068884200D100E000BF2169A068084344
:10AD700061690843E16940EA010820680068B84950
:10AD8000084040EA0800216808602068406820F414
:10AD90004050E168084321684860D4F81880AF4902
:10ADA0002068884202D0206A40EA0808206880684B
:10ADB000AC49084040EA0800216888602068C06A01
:10ADC00020F00F00616A08432168C86200BFA649ED
:10ADD0002068884219D10320FAF7E0F8B0F5403F27
:10ADE00008D06FF44031084440B1012804D0022853
:10ADF00008D105E0012607E0022605E0042603E06D
:10AE0000082601E0102600BF3DE0984920688842EE
:10AE100019D10C20FAF7C2F8B0F5402F08D0A0F5F0
:10AE20004020001F40B1042804D0082808D105E0C4
:10AE3000002607E0022605E0042603E0082601E0DC
:10AE4000102600BF1FE08549206888421AD14FF4C0
:10AE5000406087490968014049B1B1F5806F0AD067
:10AE6000B1F5006F05D0B1F5406F08D105E00026BF
:10AE700007E0022605E0042603E0082601E010268C
:10AE800000BF00E0102600BF7449206888425FD1EF
:10AE900036B1022E08D0042E08D0082E0DD109E0BC
:10AEA000F7F7E8FE05460CE0724D0AE0F7F702FFFF
:10AEB000054606E04FF4004503E00025012002901E
:10AEC00000BF00BF002D10D06B49606A31F8100040
:10AED000B5FBF0F9606800EB4000484503D86068B6
:10AEE0000003484502D201200290ACE06249606A4A
:10AEF00031F810C06246002328461946F5F73AF9A2
:10AF00004FF4807C00230246A2FB0C0B01FB0CB12A
:10AF100002FB03136168490884461CEB010143F1FD
:10AF20000000CDE90010D4F804C0624600230846B2
:10AF30000199F5F71FF90746B7F5407F05D3B7F537
:10AF4000801F02D22068C7607DE0012002907AE075
:10AF5000E069B0F5004F40D1092E17D2DFE806F0C6
:10AF600005090D160F1616161300F7F783FE054692
:10AF700010E0F7F78FFE05460CE03E4D0AE0F7F7CC
:10AF800099FE054606E04FF4004503E00025012048
:10AF9000029000BF00BFFDB13749606A31F8100070
:10AFA000B5FBF0F04000616800EB5100B0FBF1F040
:10AFB00087B2102F0ED3B7F5803F0BD24FF6F0704B
:10AFC00007EA000AC7F342004AEA000A2068C0F80C
:10AFD0000CA038E00120029035E0092E17D2DFE8FE
:10AFE00006F005090D160F1616161300F7F742FEA8
:10AFF000054610E0F7F74EFE05460CE01D4D0AE051
:10B00000F7F758FE054606E04FF4004503E000253B
:10B010000120029000BF00BFADB11749606A31F84E
:10B020001000B5FBF0F0616800EB5100B0FBF1F0EF
:10B0300087B2102F05D3B7F5803F02D22068C760D2
:10B0400001E0012002900120A4F86A00A4F8680041
:10B050000020206760670298BDE8FE8F00800040F6
:10B06000F369FFCFFFF4FF110038014000440040B6
:10B07000880000580024F400D8D2000870B50446B7
:10B080000E46154644F8586FA580002060632220C4
:10B090002063606A583C08B32A48E16FC8622A48B6
:10B0A000E16F08632948E16F48630020E16F88631E
:10B0B000236803F124012B46A26DE06FF6F772FFBF
:10B0C00060B11020C4F88C0000BF002084F880001C
:10B0D00000BF2020C4F88800012070BD00BF002000
:10B0E00084F8800000BF206960B100BF00BF216804
:10B0F00051E8001F41F48070226842E800010029F5
:10B10000F5D100BF00BF00BF2168083151E8001F22
:10B1100041F001002168083141E80002002AF3D122
:10B1200000BF00BF00BF2168083151E8001F41F097
:10B1300040002168083141E80002002AF3D100BF35
:10B140000020CAE70FA60008BFA60008B1A50008A6
:10B1500030B503469965A3F85C20A3F85E20002073
:10B16000186700BF9868B0F5805F0AD1186920B9E8
:10B1700040F2FF10A3F8600020E0FF20A3F8600079
:10B180001CE0986848B9186918B9FF20A3F8600056
:10B1900014E07F20A3F8600010E09868B0F1805FB1
:10B1A00009D1186918B97F20A3F8600006E03F2094
:10B1B000A3F8600002E00020A3F8600000BF0020B8
:10B1C000C3F88C002220C3F8880000BF00BF1C68B1
:10B1D000083454E8004F44F001001C68083444E887
:10B1E0000005002DF3D100BF586EB0F1005F31D1E2
:10B1F000B3F8680090422DDC9868B0F5805F04D108
:10B20000186910B92A48186701E02A48186700BF72
:10B21000002083F8800000BF186960B100BF00BF44
:10B220001C6854E8004F44F480701D6845E8000431
:10B23000002CF5D100BF00BF00BF1C68083454E8E3
:10B24000004F44F080501C68083444E80005002D8D
:10B25000F3D12BE09868B0F5805F04D1186910B97C
:10B260001548186701E01548186700BF002083F8EB
:10B27000800000BF186960B100BF00BF1C6854E8BF
:10B28000004F44F490701D6845E80004002CF5D18F
:10B290000CE000BF00BF1C6854E8004F44F02000E1
:10B2A0001D6845E80004002CF5D100BF002030BD2A
:10B2B000F5A800088DAB000821A80008BDAA000869
:10B2C0002DE9F04104460D4617469846069E6AE071
:10B2D000701C002867D0F7F72FF9A0EB0800B042E8
:10B2E00000D846BB00BF00BF216851E8001F21F411
:10B2F000D070226842E800010029F5D100BF00BFEC
:10B3000000BF2168083151E8001F21F001002168C9
:10B31000083141E80002002AF3D100BF2020C4F820
:10B320008400C4F8880000BF002084F8800000BFBB
:10B330000320BDE8F0812068006800F0040088B3B5
:10B340002068C069C0F3C02060B34FF4006021687A
:10B35000086200BF00BF216851E8001F21F4D070CF
:10B36000226842E800010029F5D100BF00BF00BFFC
:10B370002168083151E8001F21F0010021680831DF
:10B3800041E80002002AF3D100BF202044F8840FD6
:10B390006060A060843C00BF002084F8800000BF93
:10B3A0000320C6E7FFE72068C0692840A84201D112
:10B3B000012000E00020B8428AD00020B9E7000058
:10B3C00010B50448F9F7EAF8642203490148F8F790
:10B3D000C0FF10BD74030020B40100200FB42DE99C
:10B3E000F04188B006460D46174600200290804680
:10B3F0002E48007AB04206D26FF0040008B0BDE8D3
:10B40000F0015DF814FB2948C0682840A84202D02A
:10B410006FF00500F2E72548406828B127B12348BE
:10B4200002A9426803A8904712A807904FF4007140
:10B430001F48079B119A01F04DFD1FFA80F8FEF797
:10B4400057FEBDF80810414488B201A9FEF7E8FD97
:10B45000401C18B300240CE003A8005D1549BDF89A
:10B4600004208854BDF80400401C80B20190601C88
:10B4700084B2BDF808008442EEDB0E49BDF804201A
:10B4800088184FF40071079B119A01F023FD0020EA
:10B490000790FEF70BFFFEF73BFEAFE7002007909B
:10B4A000FEF704FF6FF00200A8E70000981C0020E0
:10B4B000B0200020B01C002010B518220021074841
:10B4C00000F0AAF84FF480620021054800F0A4F8CB
:10B4D000044801680448884710BD0000981C0020FB
:10B4E000B01C00209CD20008D5A1000810B5002196
:10B4F000022000F065F810BD10B50121022000F017
:10B500005FF810BD0149486070470000981C00209A
:10B510000149087270470000981C002010B500F027
:10B5200088FB044672B60F48006830B10E490868BF
:10B5300080470D49486880470FE00C48006830B1EB
:10B540000949886880470849C868804705E0064976
:10B5500008698047044948698047204600F084FB19
:10B5600010BD0000A001002034D20008A40100207A
:10B57000002002490860024908607047A0010020CD
:10B58000A401002070B504460D4600F052FB0646AB
:10B5900072B63DB1012D0BD1084800682043074920
:10B5A000086006E005480068A0430449086000E020
:10B5B00000BF00BF304600F057FB70BDA401002063
:10B5C00070B504460D4600F034FB064672B63DB138
:10B5D000012D0BD10848006820430749086006E0A8
:10B5E00005480068A0430449086000E000BF00BFB0
:10B5F000304600F039FB70BDA001002070B5034655
:10B600000C4603E014F8015B03F8015B151EA2F180
:10B610000106B2B2F6D170BD30B5034601E003F8C1
:10B62000011B141EA2F10105AAB2F8D130BD10B55C
:10B63000FFF774FF10BD7047704700002DE9FC5FF5
:10B6400007465848D0F800B00068384055490860AF
:10B650005548D0F800805548D0F800905448056807
:10B6600054480068019069E0002400E0641C5248DE
:10B6700050F8340028404B49096808400028F5D0AC
:10B680004D4850F8340028404649096800EA010650
:10B69000494800EBC4004068304028B94FF0FF3003
:10B6A000454901EBC4014860434901EBC4014968C5
:10B6B00001EA0600FDF706F9404908603E4800EB44
:10B6C000C40040680A780121914088433A4901EB5F
:10B6D000C401486000F0AAFA824672B63748017881
:10B6E000012088403049096881432F4801600124C6
:10B6F0000DE0601E304951F8300030490A780121D0
:10B7000091408843611E2C4A42F83100641E002C8F
:10B71000EFD1504600F0A5FA2949284A126851F89D
:10B72000220080472048D0F800802048D0F80090C0
:10B730001F4805681F480068019000BF08EA05001F
:10B7400018490968084020B1019809EA000000285A
:10B750008AD04FF0FF3019490860FFF76DFF00F005
:10B7600065FA009072B61048D0F800800F48D0F803
:10B7700000900F48056808EA05000A490968084072
:10B7800030B90C48006809EA000008B9FFF74FFF1C
:10B79000009800F066FAFFF74EFF0248C0F800B0CC
:10B7A000BDE8FC9F840100207C010020880100206E
:10B7B000800100208C0100209401002090010020D5
:10B7C000B022002070B504460D4600F02FFA064660
:10B7D00072B608480068204306490860064850F8D9
:10B7E00035002043044941F83500304600F039FA6D
:10B7F00070BD00007C010020940100202DE9F04183
:10B8000004460E4617461D46DDF8188094B18DB1EA
:10B81000002020600848416A304688476060002068
:10B8200020726072A072E560C4F81080E7726061F7
:10B83000BDE8F0810120FBE754D2000810B50449AF
:10B84000C869804704460248816A2046884710BD7F
:10B8500054D2000870B504460649C86980470546B9
:10B860000448416A204688470646A81B014A916A57
:10B87000884770BD54D200082DE9F04100BFEFF3B6
:10B880001080054672B6294948698047074627490E
:10B89000086980478046A8EB07062548006870B114
:10B8A0002348046800BF2068B04203D92068801B89
:10B8B000206001E0002020606469002CF3D113E0D7
:10B8C0001B4804680068406919490860002020721C
:10B8D0006072D4E903108847E07A012804D1A07A85
:10B8E00010B9204600F04EF81148006860B11048C9
:10B8F000006800680028E3D00C49886980470C493B
:10B90000096809688842DBD80948006838B10848E6
:10B910000068007A18B906480068FEF711FD00BFFC
:10B9200085F3108800BFBDE8F081000054D2000804
:10B930009C01002010B500200249086002490868F7
:10B94000804710BD9C01002054D2000870B5044609
:10B950000D4600260CB901260FE00948416A284629
:10B96000884760602046FEF7B1FC30B1204600F009
:10B9700059F8204600F006F80646304670BD000033
:10B9800054D200082DE9F04704464FF00009002C7E
:10B990003ED02046FEF79AFC002839D1607A002874
:10B9A00036D100BFEFF31080804672B667681B493E
:10B9B000086A80470546AF4200D22F462760002024
:10B9C0002072012060720020A0721548006830B912
:10B9D0001249086980472046FEF788FC13E00F49AA
:10B9E0008869804706462168881920600C492068CC
:10B9F00009680968884203D22046FEF777FC02E016
:10BA00002046FEF783FC00BF88F3108800BF01E0EA
:10BA10004FF001094846BDE8F087000054D2000805
:10BA20009C0100202DE9F04105464FF00008002D53
:10BA300043D000BFEFF31080074672B62148066876
:10BA400004680120A8721F480068002830D0002038
:10BA500068721C480068A84218D10020194909687A
:10BA6000087218480068406948B116480068406983
:10BA70001449086008460068FEF762FC16E01249A7
:10BA8000C868804700200F4908600FE00BE0AC4217
:10BA900007D1606910B16469746101E000247461C8
:10BAA00003E026466469002CF1D100BF4FF0000886
:10BAB00000BF87F3108800BF01E04FF00108404647
:10BAC000BDE8F0819C01002054D2000800BFFEE7D1
:10BAD00010B504461048016A2046884708B900207E
:10BAE00010BD0E4884420AD30D48844207D80B4843
:10BAF000201A0C49B0FBF1F201FB120008B1002042
:10BB0000EEE70948844202D30548844201D9002067
:10BB1000E6E70120E4E70000C0D70008E0F8D11D07
:10BB2000A067611E400D03006035081C70B5044617
:10BB3000FAF794F90025082526E000224FF48061E9
:10BB40004FF09040F6F7F2FC0F2000F0D9FD04F022
:10BB5000010030B1012291024FF09040F6F7E6FC6F
:10BB600006E000224FF480614FF09040F6F7DEFCD3
:10BB70002D2000F0C5FD012291024FF09040F6F714
:10BB8000D5FC6410681EC5B2002DD6DC462000F03E
:10BB9000B7FD70BD0FB4054B10B503A9044A029858
:10BBA00000F028F910BC5DF814FB0000ADC80008D7
:10BBB000B00100200FB47CB50C0009AD01D0611EAE
:10BBC00000E00021CDE90001064B6A4629460898AD
:10BBD00000F010F9002C02D0009A002111707CBCFA
:10BBE0005DF814FBFBC4000802480068C0F30220A3
:10BBF000704700000CED00E010B5002804DB0A07D8
:10BC0000130E054A135406E00A07140E034A00F007
:10BC10000F031B1FD45410BD00E400E018ED00E03A
:10BC2000EFF310807047EFF310807047EFF3108050
:10BC30007047EFF31080704702E008C8121F08C178
:10BC4000002AFAD170477047002001E001C1121F9D
:10BC5000002AFBD1704780F31088704780F310886A
:10BC6000704780F31088704780F310887047000099
:10BC70002DE9FF5F82B00021DDE90430020DDDF81F
:10BC800040B0034318D044F61050A2F2FF324243B2
:10BC90001514119801281FD0A5EB0B00401C5FEA7A
:10BCA000000A4FF000064E4FDFF83891B04650467C
:10BCB00015D5CAF1000413E0119801244AA3012804
:10BCC00001D16FEA0B010298119AC0E90031C0E975
:10BCD000024206B0BDE8F09FCBF10000DFE704466A
:10BCE0000021404A491842EB0450CDE9001012E00F
:10BCF000E00707D032463B4640464946F4F7C7FCCA
:10BD00008046894632463B4610461946F4F7BFFC4A
:10BD100006460F466410002CEAD1DDE90401DDE996
:10BD20000023BAF1000F06DAF4F7B1FC42464B46A5
:10BD3000F4F7ADFC05E0F4F720FB42464B46F4F780
:10BD40001CFB04460E460022284BF4F72BFD03D8BB
:10BD50004FF0FF30014607E00022254B20463146D8
:10BD6000F4F764FAF4F705FD102409E0002C0ADB6F
:10BD70000A220023F4F7FEF9039B30321A55641EA1
:10BD800050EA0102F2D1641C039AC4F11103144475
:10BD9000119A012A03D0012208430DD10AE0084379
:10BDA00004D000204FF0110B119072E7A3EB0B05AC
:10BDB0006D1E0DE05B4504DD4FF0000205F101054D
:10BDC00004E003DA4FF00002A5F10105002AECD0EF
:10BDD00002981199C0E90231C0E9004579E70000F5
:10BDE000000014400000F03F300000000000F0436D
:10BDF0000000E03F2DE9FF4F95B09A468846064681
:10BE00000025EEE1252877D100242746F94A0121B3
:10BE1000039400E0044316F8013F203B01FA03F0CD
:10BE20001042F7D130782A2811D06FF02F033078E4
:10BE3000A0F13002092A16D8039A44F0020402EB5A
:10BE4000820203EB42021044761C0390EFE758F89D
:10BE5000042B0392002A03DA504244F40054039066
:10BE600044F00204761C30782E2816D116F8010F03
:10BE700044F004042A280DD06FF02F023078A0F18E
:10BE80003003092B09D807EB870302EB4303C718DC
:10BE9000761CF3E758F8047B761C30786C280FD0BA
:10BEA00006DC4C2817D068280DD06A2814D104E08D
:10BEB000742810D07A280FD10DE044F400140AE061
:10BEC00044F4801401E044F440147278824202D1B8
:10BED00004F58014761C761C307866280BD013DCB1
:10BEE000582877D009DC002875D04528F6D0462898
:10BEF000F4D047281AD193E118E0632835D064289C
:10BF000079D0652812D18BE1702873D008DC6728BE
:10BF1000F1D069286FD06E280DD06F2806D1ACE023
:10BF200073282CD0752874D0782853D0524617998E
:10BF300090476D1C54E1C4F30250022809D0032835
:10BF40000DD0D8F8001004280DD00D6008F10408B9
:10BF500046E1D8F80010EA17C1E90052F6E7D8F830
:10BF600000100D80F2E70D70F0E718F8041B8DF853
:10BF7000001000208DF80100EB46012003E058F886
:10BF800004BB4FF0FF3061074FF0000102D40DE019
:10BF900009F101018946B9420FDA8145F8DB1BF846
:10BFA00009100029F4D108E009F101018946814214
:10BFB000FADB1BF809100029F6D103985346A0EBD1
:10BFC000090721463846179A00F080FA284400EB0A
:10BFD000090507E044E008E10DE01BF8010B5246BB
:10BFE00017999047B9F10109F7D2534621463846CF
:10BFF000179AF2E039E00A21C4F302524FF0000B25
:10C000000091022A06D058F8040BC117032A09D060
:10C010000AE023E008F1070020F00702F2E802013D
:10C02000904605E000B2C117042A01D140B2C11701
:10C03000002906DA0A460021404261EB02012D2266
:10C0400002E0220504D52B228DF80420012203E012
:10C05000E20701D02022F7E7914657E00A2100E0ED
:10C0600010214FF0000B00910BE010214FF0000B5E
:10C0700044F004040827009103E008204FF0000B6F
:10C080000090C4F30252022A05D058F8040B002194
:10C09000032A08D008E008F1070020F00702F2E8C0
:10C0A0000201904603E080B2042A00D1C0B24FF0F2
:10C0B000000922072AD53278702A07D0DDF800C09F
:10C0C0008CF0100C5CEA0B0C05D00EE040228DF8D1
:10C0D0000420012208E050EA010306D030238DF845
:10C0E00004308DF8052002229146009B83F008035E
:10C0F00053EA0B030AD150EA010201D1620705D5C8
:10C1000030228DF804204FF001097F1E3278582A22
:10C1100004D039A20C920CAA02920BE03BA2F9E7E0
:10C120005B46009AF4F726F80C9B9B5C029A521E21
:10C130000292137050EA0102F2D1029804A9081A7F
:10C1400000F1200B600702D524F4803400E00127C1
:10C150005F4502DDA7EB0B0000E0002000EB0B01C8
:10C16000009003984944401A0390E00306D45346D4
:10C170002146179A039800F0A9F90544002706E024
:10C1800001A85246C05D179990476D1C7F1C4F4512
:10C19000F6DBE0030CD553462146179A039800F0CE
:10C1A00095F9054404E030205246179990476D1CDC
:10C1B0000099481E00900029F5DC08E002980299D9
:10C1C00052460078491C0291179990476D1CBBF1AB
:10C1D0000001ABF1010BF1DC5BE100F065F9054416
:10C1E000761C307800287FF40DAE19B02846BDE8E3
:10C1F000F08F0000092801003031323334353637F2
:10C2000038396162636465660000000030313233A2
:10C210003435363738394142434445460000000042
:10C22000600700D4062708F1070020F00700F0E8B7
:10C230000223804603F0004C5FEA0C0001D097A077
:10C2400009E0200501D596A005E0E00701D095A002
:10C2500001E0AFF24C001390307823F000436528E2
:10C260000CD006DC452809D046281DD047287FD1B0
:10C270003BE0662818D067287AD136E00021112FDC
:10C2800001DB112000E0781CCDE9000104A90CA815
:10C29000FFF7EEFCDDE90D010C9A4FF0000B07F102
:10C2A0000109109200914EE04FF000400097CDE957
:10C2B000011004A90CA8FFF7DBFCDDE90D020C9BC3
:10C2C0000F994FF0000B91461093009211B9791C11
:10C2D00000EB0109B7EB090003D4C0F1FF3B07F104
:10C2E0000109A9EB0700019042E0012F00DA0127C4
:10C2F0000021112F01DD112000E03846CDE90001B9
:10C3000004A90CA8FFF7B4FCDDE90D010C9A00911B
:10C310004FF0000BB946109221070FD4009A4A45FE
:10C3200003DA914601E0A9F10109B9F1010F05DD38
:10C33000109AA9F10101515C3029F4D0B84202DA17
:10C3400010F1040F03DA0121CDE9011010E00028FB
:10C3500003DC8344A9EB000102E0411C494500DDF8
:10C360008946A0EB0B00401C01904FF0004002906A
:10C37000200705D40198484502DB4FF0FF300190BB
:10C3800000208DF84B0002980DF14B07B0F1004FE3
:10C3900025D002200C902B200D90029800280CDA5A
:10C3A000404202902D200D9007E00A210298F4F7F8
:10C3B00093F83031029007F8011D0C99481E0C903B
:10C3C0000029F2DC02980028EFD1791E0D98087040
:10C3D000307800F0200040F0450007F8020D11A869
:10C3E000C01BC01D02901398007800B1012000EB23
:10C3F0000901019801EBE071029801440398401A89
:10C40000401E0390E00306D453462146179A039832
:10C4100000F05CF805441398007818B1524617995B
:10C4200090476D1CE00323D553462146179A039885
:10C4300000F04CF805441BE0BBF1000F07DB00984F
:10C44000584504DD1098179910F80B0001E0179972
:10C4500030205246904701980BF1010B401E05F128
:10C460000105019004D12E205246179990476D1C6A
:10C47000B9F10001A9F10109DEDC05E017F8010BB3
:10C480005246179990476D1C0299481E0290002948
:10C49000F4DC53462146179A03989EE62D000000CF
:10C4A0002B000000200000002DE9F041044600258B
:10C4B0001E461746880404D405E039462020B047BC
:10C4C0006D1C641EF9D52846BDE8F0812DE9F041C8
:10C4D000044600251E469046C80301D5302700E0DB
:10C4E0002027880404D505E041463846B0476D1C36
:10C4F000641EF9D52846BDE8F0814A68002A06D0B6
:10C500000A68531C0B6010704868401E48607047F2
:10C5100070B504460D462946204600F045FE70BD24
:10C520001CB5F9F7BDFA41F288340025002651E028
:10C53000FBF738FD28A2CDE9000140212B48FFF789
:10C5400039FB4FF47A70F5F790FD2848F3F767FE52
:10C5500000F0FF0900202649087026490870494666
:10C560002248F9F7E3FAF5F7E7FF0546F5F7E4FFA8
:10C57000064608E0F5F7E0FF06461F49086E8047CB
:10C580000A20F5F772FD1A48007828B93220B4FB6A
:10C59000F0F0711B8842EDD81548007858B900BFFB
:10C5A00016A3002211460220FEF718FF00BF124911
:10C5B000086B804709E000BF144815A3002211460C
:10C5C00000900220FEF70AFF00BF4FF4FA60F5F773
:10C5D0004CFD00BFACE7000074656D70657261745E
:10C5E0007572653A20252E32660000000023002077
:10C5F000AD010020AE010020C0D7000854582054DF
:10C60000696D656F7574210A00000000C02200206A
:10C61000545820446F6E653A2025730A00000000CC
:10C6200010B50B781478634003704B7854786340EE
:10C6300043708B78947863408370CB78D478634070
:10C64000C3700B791479634003714B79547963405B
:10C6500043718B79947963408371CB79D47963404A
:10C66000C3710B7A147A634003724B7A547A634035
:10C6700043728B7A947A63408372CB7AD47A634024
:10C68000C3720B7B147B634003734B7B547B63400F
:10C6900043738B7B947B63408373CB7BD47B6340FE
:10C6A000C37310BD0A7802704A7842708A7882702B
:10C6B000CA78C2700A7902714A7942718A798271A4
:10C6C000CA79C2710A7A02724A7A42728A7A82728C
:10C6D000CA7AC2720A7B02734A7B42738A7B827374
:10C6E000CA7BC273704710B503E011F8013B00F834
:10C6F000013B131EA2F10104E2B2F6D110BD00000D
:10C7000070B504464FF6FF70001B401F85B2094804
:10C71000F7F78AFD07480068456203E005480068AE
:10C72000406A85B24FF6FA708542F7DB0148F7F7A9
:10C73000ABFD70BDC00200202DE9F04F91B0044662
:10C740001546DDE91BC71A9E4B48D0F800A007F03C
:10C75000400010B14948D0F800A0022B01DB242B87
:10C7600003DD002011B0BDE8F08F07F0010008B133
:10C77000302000E0202081464FF0000807F0020042
:10C7800028B1002D03DA4FF02D086D42761E0022ED
:10C7900035B94FF0300B1046521C0DF800B00EE0CA
:10C7A0000BE0B5FBF3F003FB10501AF800B0104695
:10C7B000521C0DF800B0B5FBF3F5002DF1D1624528
:10C7C00000DD9446A6EB0C0607F0010068B908E00E
:10C7D00000BF202004F8010B491E09B92046C1E71B
:10C7E00000BF301EA6F10106F2DCB8F1000F07D041
:10C7F00000BF04F8018B491E09B92046B2E700BF0B
:10C8000007E000BF04F8019B491E09B92046A9E7CB
:10C8100000BF301EA6F10106F3DC08E000BF3020A7
:10C8200004F8010B491E09B920469BE700BF60468A
:10C83000ACF1010C9042F1DC09E000BF1DF80200F0
:10C8400004F8010B491E09B920468BE700BF101EF2
:10C85000A2F10102F1DC08E000BF202004F8010B86
:10C86000491E09B920467DE700BF301EA6F101062A
:10C87000F2DC204676E700007401002078010020F9
:10C880000146002009E00B685A1C0A601A7800EB88
:10C89000800302EB4302A2F130000A681278302ACA
:10C8A00003DB0A681278392AEDDD704713B50C46B0
:10C8B00040F6FF73012269460248F8F77AF90098BA
:10C8C0001CBD0000740300202DE9FF4106460F4601
:10C8D000154695F8F000F0B12A4631466846FFF754
:10C8E0009FFE012409E0684600F0ECF805EB041116
:10C8F0006846FFF70DFE601CC4B295F8F000A04238
:10C90000F1DC684600F09CFA05EB041269463846F3
:10C91000FFF786FE03E0FF2004B0BDE8F0810020B1
:10C92000FAE700002DE9F05F81460E461446102E0E
:10C9300004D0182E03D0202E03D101E000BF00BF89
:10C9400005E0002084F8F000FF20BDE8F09F00BF64
:10C95000324649462046FFF7C6FE06F11C00800617
:10C960004FEA10680120C0EB2810C0B284F8F00034
:10C97000354601276EE0A5F1040A14F80AC0A5F1B6
:10C98000030A14F80A10A5F1020A14F80A20A5F106
:10C99000010A14F80A3095FBF6FA06FB1A5ABAF1A6
:10C9A000000F19D16046DFF8B4A01AF801A08AEA96
:10C9B000070CDFF8A8A01AF802101AF803201AF8DA
:10C9C00000304FEAD71A4FF01B0B0AFB0BFA8AEA2A
:10C9D000470A0AF0FF0712E0182E10DD95FBF6FA61
:10C9E00006FB1A5ABAF1100F09D1DFF870A01AF835
:10C9F0000CC01AF801101AF802201AF80330A5EB3F
:10CA0000060A0AF0FF0014F800A08AEA0C0A04F8EB
:10CA100005A000F1010A14F80AA08AEA010A05F14A
:10CA2000010B04F80BA000F1020A14F80AA08AEA2C
:10CA3000020A05F1020B04F80BA000F1030A14F836
:10CA40000AA08AEA030A05F1030B04F80BA0281DCB
:10CA5000C0B2054645458EDB002076E7B0D300081E
:10CA6000F5F788FDFDF732F9F9F7C8F8F9F712F98B
:10CA7000F9F7A0F9F9F7B8F9FFF752FD6422044974
:10CA80000448F7F766FC01E0F9F708F9FCE7000055
:10CA9000B40100207403002010B503E011F8013B3D
:10CAA00000F8013B131EA2F10104A2B2F6D110BDA1
:10CAB00010B501E000F8011B131EA2F10104A2B29F
:10CAC000F8D110BD1FB5044621466846FFF7EAFDC0
:10CAD0009DF800009949085C9DF80510984A515C42
:10CAE00048409DF80A10974A515C48409DF80F1045
:10CAF000515C484020709DF800001146085C9DF88C
:10CB000005108E4A515C48409DF80A108C4A515CD1
:10CB100048409DF80F108B4A515C484060709DF86A
:10CB200000001146085C9DF80510515C48409DF8D6
:10CB30000A10824A515C48409DF80F10804A515CAF
:10CB40004840A0709DF800001146085C9DF8051053
:10CB50007C4A515C48409DF80A10515C48409DF861
:10CB60000F10764A515C4840E0709DF80400114671
:10CB7000085C9DF80910724A515C48409DF80E10FF
:10CB8000704A515C48409DF80310515C4840207148
:10CB90009DF804001146085C9DF80910674A515C35
:10CBA00048409DF80E10664A515C48409DF80310BD
:10CBB000644A515C484060719DF804001146085C6D
:10CBC0009DF80910515C48409DF80E105B4A515C7D
:10CBD00048409DF803105A4A515C4840A0719DF8A6
:10CBE00004001146085C9DF80910564A515C484003
:10CBF0009DF80E10515C48409DF803104F4A515C5F
:10CC00004840E0719DF808001146085C9DF80D1041
:10CC10004B4A515C48409DF802104A4A515C4840DA
:10CC20009DF80710515C484020729DF8080011469D
:10CC3000085C9DF80D10414A515C48409DF8021077
:10CC40003F4A515C48409DF807103E4A515C4840BD
:10CC500060729DF808001146085C9DF80D10515C4B
:10CC600048409DF80210354A515C48409DF8071035
:10CC7000334A515C4840A0729DF808001146085C98
:10CC80009DF80D102F4A515C48409DF80210515CF0
:10CC900048409DF80710294A515C4840E0729DF8D1
:10CCA0000C001146085C9DF80110254A515C484073
:10CCB0009DF80610234A515C48409DF80B10515CCA
:10CCC000484020739DF80C001146085C9DF8011047
:10CCD0001A4A515C48409DF80610194A515C484078
:10CCE0009DF80B10174A515C484060739DF80C008A
:10CCF0001146085C9DF80110515C48409DF80610F3
:10CD00000E4A515C48409DF80B100D4A515C48405A
:10CD1000A0739DF80C001146085C9DF80110094AAB
:10CD2000515C48409DF80610515C48409DF80B103E
:10CD3000024A515C4840E0731FBD0000B0D40008B7
:10CD4000B0D50008B0D300082DE9F04703460C46E3
:10CD50000021002000BF05E0265CF6432654002693
:10CD60001E54401C9042F7DB002033E006464FEA99
:10CD7000E07A00EB5A7A4FEAEA0AA0EBCA0ACAF153
:10CD8000070A0AF0FF0C4FEAE07A00EB5A7ACAF37E
:10CD9000C708461C4FEAE67A06EB5A7A4FEAEA0AD7
:10CDA000A6EBCA0ACAF1070A0AF0FF094FEAE67AB7
:10CDB00006EB5A7ACAF3C70514F8086046FA0CF66F
:10CDC00006F0010779405E5D01FA09FA46EA0A06B3
:10CDD0005E55401CB0EBC20FC8DBCE0146EA81169F
:10CDE00011B94FF0010A01E04FF0000A0AF0010A00
:10CDF00046EA4A169E54BDE8F087000007480068DE
:10CE00000749484343F239010844044908606FF078
:10CE10000041B0FBF1F201FB120070475801002005
:10CE20006D4EC64170B504460D46FFF7E7FF291B5E
:10CE3000491C90FBF1F201FB1200204470BD000080
:10CE400002781A4B9A5C027002799A5C0271027A3B
:10CE50009A5C0272027B9A5C0273417842799A5C16
:10CE60004270427A9A5C4271427B9A5C42721A46E4
:10CE7000525C42738178827A9A5C82701A46525C64
:10CE800082728179827B9A5C82711A46525C8273CB
:10CE9000C17BC27A9A5CC273C2799A5CC272C27850
:10CEA0009A5CC2711A46525CC2707047B0D30008D7
:10CEB0000FB438B504460D4607A800902946204611
:10CEC000009B069A00F006F80020009038BC5DF840
:10CED00014FB00002DE9FF4F87B005460E46002EDB
:10CEE00003DC00200BB0BDE8F08F2C46C4E0611BD2
:10CEF000701E814200DBC9E009980078252804D023
:10CF00000998007804F8010BB3E000270998401C49
:10CF1000099009980078302801D147F001074FF0B7
:10CF2000FF3A09980078302807DB099800783928FB
:10CF300003DC09A8FFF7A4FC82464FF0FF30049001
:10CF400003900A20059009980078692847D006DCEC
:10CF500058283DD0632809D0642844D13EE0732886
:10CF600014D075283ED078283DD134E002E020204E
:10CF700004F8010BAAF10100B0F1000AF7DC0A98ED
:10CF800010F8041B0A9004F8011B72E00A9850F88C
:10CF9000049B0A90B9F1000F01D10FF2FC09484639
:10CFA000F3F73DF9804602E0202004F8010B5046DB
:10CFB000AAF1010A4045F7DC4FF0000B05E019F833
:10CFC000010B04F8010B0BF1010BC345F7DB50E03B
:10CFD00047F0400700BF1020059021E000BF47F058
:10CFE000020700BF1CE009980078252802D0252000
:10CFF00004F8010B611B701E814200DB10E00998F0
:10D00000007820B10998007804F8010B02E0099833
:10D01000401E0990611B701E814200DB00E028E089
:10D0200000BF03986C2806D10A98006806900A98F9
:10D03000001D0A900FE007F0020030B10A98006866
:10D0400006900A98001D0A9005E00A98006806906C
:10D050000A98001D0A900498CDE900A00297701E5E
:10D06000621B811A2046DDE90532FFF765FB0446A5
:10D0700000BF0998401C09900998007800287FF4A7
:10D0800036AF611B701E8142BFF631AF00BF00207A
:10D090002070601B26E700003C4E554C4C3E0000C3
:10D0A00010B54FF400304FF0B041896B01434FF0A1
:10D0B000B042916300BF00BF1146896B8143916309
:10D0C00000BF0448F7F76EFC0F20F5F76DFA00205B
:10D0D00010BD00007403002010B50446074804602A
:10D0E000F8F774FDF8F780FE4FF000600449096816
:10D0F0000143034A116000BF002010BD1000002052
:10D10000800800581CB50446154804604FF4001010
:10D1100000901448DDE90012F7F7F5F900BF114857
:10D120000068C069C0F300400028F8D100BF0D4876
:10D130000068C069C0F380500028F8D00948006832
:10D14000806840F480000749096888600548F7F75F
:10D15000E0F8012204490348F7F7D2FC00201CBD87
:10D1600014000020740300200C00002010B50648B5
:10D17000F7F7DCFB08B1F3F7E1FD0448F4F7A2FE92
:10D1800008B1F3F7DBFD10BD740300200404002098
:10D1900070B504460D462A4621460248F7F774FD4D
:10D1A000002070BD7403002002780B785A40027092
:10D1B00042784B785A40427082788B785A4082701D
:10D1C000C278CB785A40C27002790B795A4002710A
:10D1D00042794B795A40427182798B795A408271F7
:10D1E000C279CB795A40C271027A0B7A5A400272E4
:10D1F000427A4B7A5A404272827A8B7A5A408272D1
:10D20000C27ACB7A5A40C272027B0B7B5A400273BD
:10D21000427B4B7B5A404273827B8B7B5A408273AA
:10D22000C27BCB7B5A40C27370470000081C30445D
:10D23000586C8000FB6400082B6500080D65000831
:10D2400033650008F964000829650008081C3044AB
:10D25000586C8000D99E000800000000399F00082B
:10D26000899F0008259F0008999E0008A59E000838
:10D27000BD9E00085B9E0008139E0008FD9D0008EF
:10D28000D59D0008919D0008E99D0008A99D000812
:10D29000619E0008081C3044586C8000D9D00008FA
:10D2A000A1D0000805D1000891D10008081C304425
:10D2B000586C8000120024003000000006000C00B2
:10D2C000100000000000000001000000020000004B
:10D2D000081C3044586C8000010002000400060065
:10D2E00008000A000C00100020004000800000012F
:10D2F000081C3044586C800101010307010000083C
:10D300000402040801010100081C3044586C80002C
:10D310000100000003000000050000000100000003
:10D3200001000000060000000A00000020000000CC
:10D3300002000000040000000800000010000000CF
:10D34000400000008000000000010000000200001A
:10D3500000000000000000000000000000000000CD
:10D3600001000000020000000300000004000000B3
:10D37000A0860100400D0300801A060000350C0055
:10D3800040420F0080841E0000093D0000127A0018
:10D390000024F40000366E010048E801006CDC0255
:10D3A000000000000000000000000000000000007D
:10D3B000637C777BF26B6FC53001672BFED7AB7652
:10D3C000CA82C97DFA5947F0ADD4A2AF9CA472C0FD
:10D3D000B7FD9326363FF7CC34A5E5F171D831156A
:10D3E00004C723C31896059A071280E2EB27B2758B
:10D3F00009832C1A1B6E5AA0523BD6B329E32F8403
:10D4000053D100ED20FCB15B6ACBBE394A4C58CFFA
:10D41000D0EFAAFB434D338545F9027F503C9FA8CE
:10D4200051A3408F929D38F5BCB6DA2110FFF3D29C
:10D43000CD0C13EC5F974417C4A77E3D645D197350
:10D4400060814FDC222A908846EEB814DE5E0BDB4A
:10D45000E0323A0A4906245CC2D3AC629195E47981
:10D46000E7C8376D8DD54EA96C56F4EA657AAE08DB
:10D47000BA78252E1CA6B4C6E8DD741F4BBD8B8A76
:10D48000703EB5664803F60E613557B986C11D9EDC
:10D49000E1F8981169D98E949B1E87E9CE5528DF53
:10D4A0008CA1890DBFE6426841992D0FB054BB167F
:10D4B000C6F8EEF6FFD6DE916002CE56E7B54DEC2B
:10D4C0008F1F89FAEFB28EFB41B35F452353E49B74
:10D4D00075E13D4C6C7EF5836851D1F9E2AB622A6F
:10D4E0000895469D30370A2F0E241BDFCD4E7FEA6C
:10D4F000121D583436DCB45BA476B77D52DD5E1362
:10D50000A6B900C140E379B6D48D67729498B0850E
:10D51000BBC54FED869A66118AE904FEA078254BBB
:10D52000A25D80053F2170F16377AF4220E5FDBF2A
:10D53000811826C3BE35882E9355FC7AC8BA32E6C8
:10D54000C0199EA344543B0B8CC76B28A7BC16ADD7
:10D55000DB647414920C48B89FBD43C43931D3F2D4
:10D56000D58B6EDA01B19C49D8ACF3CFCAF4471021
:10D570006FF04A5C38577397CBA1E83E96610D0F68
:10D58000E07C71CC9006F71CC26AAE6917993A2705
:10D59000D9EB2B22D2A907332D3C15C987AA50A558
:10D5A0000359091A65D784D082295A1E7BA86D2C8D
:10D5B000A584998D0DBDB1545003A97D1962E69AD9
:10D5C000459D408715EBC90BEC67FDEABFF7965BFD
:10D5D000C21CAE6A5A41024F5CF434089373533F45
:10D5E0000C52655E28A10FB509369B3D2669CD9F7B
:10D5F0001B9E742E2DB2EEFBF64D61CE7B3E7197D5
:10D60000F568002C601FC8EDBE46D94BDED4E84A51
:10D610006B2AE516C5D75594CF100681F044BAE3BE
:10D62000F3FEC08AADBC4804DFC17563301A0E6DCD
:10D630004C14352FE1A2CC3957F28247ACE72B9539
:10D64000A098D17F667EAB83CA29D33C79E21D7650
:10D650003B564E1EDB0A6CE45D6EEFA6A8A4378B2A
:10D66000324359B78C64D2E0B4FA0725AF8EE9187B
:10D67000D5886F7224F1C751237C9C21DDDC86851F
:10D680009042C4AAD8050112A35FF9D0915827B9D6
:10D690003813B333BB7089A7B622922049FF787A3A
:10D6A0008FF88017DA31C6B8C3B07711CBFCD63A01
:10D6B0000C0B0A090807000048E8010048E80100CF
:10D6C00048E8010048E8010048E8010048E8010096
:10D6D00033333373F2F233333373DEDE000500602D
:10D6E0000000000000000000010000000000000039
:10D6F000000000000000000000000000000000002A
:10D70000081C3044586C8000C01200001F0000004C
:10D71000A816000017000000841C00000F00000085
:10D72000E42500001E000000B42D000016000000DB
:10D73000083900000E0000002C4C00001D00000005
:10D74000685B000015000000747200000D0000000E
:10D75000589800001C00000034B7000014000000BE
:10D76000E8E400000C000000783101001B0000001C
:10D77000686E01001300000034CA01000B000000B5
:10D78000286202001A00000040DB020012000000C4
:10D790003C9303000A000000C0C20400190000000E
:10D7A00060B30500110000003820070009000000E8
:10D7B00020A1070000000000081C3044586C8000C5
:10D7C000FD680008CD680008617100081971000843
:10D7D000316D0008316E0008357200086578000868
:10D7E0008D670008197E0008556F0008C57D000888
:10D7F000E57D0008756E0008F17D0008197A0008C3
:10D800006B6E0008E57E00084B6E0008F57E000890
:10D81000576E000825710008F1710008F1680008D2
:10D82000A5690008E56E000865750008B17E00086E
:10D83000957E00089D750008657A00089D660008C1
:10D8400083660008040506040302020101010100C9
:10D8500000000000000000000D0A232323232323DF
:10D8600020424541434F4E20524543454956454489
:10D87000207C2044523A2564207C20525353493A5C
:10D880002564207C20534E523A2564207C2046514A
:10D890003A2564207C2054494D453A2564207C205B
:10D8A000444553433A2564207C20494E464F3A3044
:10D8B00032582530325825303258202530325825FC
:10D8C000303258253032580D0A000000232323231C
:10D8D000232320442F4C204652414D453A253034D5
:10D8E00064207C20504F52543A2564207C204452BE
:10D8F0003A2564207C20534C4F543A2573207C20D9
:10D90000525353493A2564207C20534E523A2564A1
:10D910000D0A00003100000032000000435F4D435B
:10D9200000000000505F4D43000000004300000075
:10D93000500000004D756C74695F43004D756C7448
:10D94000695F50003031323334353637383941422F
:10D95000434445464748494A4B4C4D4E4F5051521F
:10D96000535455565758595A00000000303132333D
:10D970003435363738396162636465666768696A69
:10D980006B6C6D6E6F707172737475767778797A6F
:10D9900000000000B4D9000800000020B40100001D
:10D9A000F807000860DA0008B4010020EC29000044
:10D9B00048BC000801181314D91B0818041A2C04B9
:10D9C0001A1C041A30041A24043202136D111408AC
:10D9D0000D121B0851041AA50C13DD6014082162F6
:10D9E0001B0871081A7D0441138D5F1B08C1141AAE
:10D9F000F5101A510C4B895E18133D641B08310455
:10DA00001AD1181A69201202830101320463401FDF
:10DA100063102713F40482203210392D0B17093DAF
:10DA2000AC5A34AC1A3C04510008148182800103C2
:10DA300002841A0A4F797D7122E812209AFF0C01A4
:10DA400017A91C592F2122F24B181A18E958A92896
:10DA50001A6C9C5A44A05AFF010120A950000000F2
:0400000508000139B5
:00000001FF
