:020000040800F2
:10000000A02D002015020008C1920008215500080B
:10001000619100081D0C0008092101080000000082
:1000200000000000000000000000000029F00008AF
:100030002511000800000000899D0008DD0101086D
:100040002F0200082F020008DD0401082F0200081B
:100050002F0200082F0200082F0200082F020008BC
:100060002F0200082F0200082F0200082F020008AC
:100070002F0200082F0200082F0200085910000864
:100080002F0200082F0200082F0200082F0200088C
:10009000000000002F0200082F0200082F020008B5
:1000A0002F0200082F0200082F0200082F0200086C
:1000B0002F0200082F0200082F0200082F0200085C
:1000C0002F0200082F0200082F0200082F0200084C
:1000D000191901082F0200082F0200082F0200083A
:1000E0002F0200082F020008FDB100082F020008AF
:1000F0002F02000800000000000000002F0200088E
:100100002F0200082F020008F1E200082F02000869
:100110002F0200082F0200082F0200082F020008FB
:100120002F0200082F0200082F0200082F020008EB
:100130002F0200082F02000800F002F800F05AF821
:100140000AA090E8000C82448344AAF10107DA4532
:1001500001D100F04FF8AFF2090EBAE80F0013F02A
:10016000010F18BFFB1A43F0010318474C48010068
:100170006C4801000A444FF0000C10F8013B13F0EA
:10018000070408BF10F8014B1D1108BF10F8015BF0
:10019000641E05D010F8016B641E01F8016BF9D1E3
:1001A00013F0080F1EBF10F8014BAD1C0C1B09D13A
:1001B0006D1E58BF01F801CBFAD505E014F8016BAC
:1001C00001F8016B6D1EF9D59142D6D3704700003E
:1001D0000023002400250026103A28BF78C1FBD850
:1001E000520728BF30C148BF0B6070471FB51FBD05
:1001F00010B510BD00F020F91146FFF7F7FF12F01F
:10020000CBFA00F03EF903B4FFF7F2FF03BC00F0B5
:1002100045F900000948804709480047FEE7FEE726
:10022000FEE7FEE7FEE7FEE7FEE7FEE7FEE7FEE7A6
:1002300004480549054A064B70470000D9040108E7
:1002400039010008A0230020A02D0020A0250020B7
:10025000A025002053EA020C00F069802DE9F04B44
:100260004FF00006002B1FBFB3FA83F503FA05F425
:1002700024FA05F65E4012BF1643B2FA82F502FA7E
:1002800005F4C5F120051EBF22FA05FC44EA0C0462
:10029000203556EA044C4FEA144418BF641C4FF052
:1002A00000084FF00009904271EB030C39D300298C
:1002B00019BFB1FA81F701FA07F6B0FA80F700FA30
:1002C00007F6C7F120071EBF20FA07FC46EA0C0616
:1002D0002037B6FBF4FCA7EB0507103F07F01F0B18
:1002E000CBF120060CFA0BFB2CFA06F644BFB34602
:1002F0000026202FA4BF5E464FF0000B5BEA060CE1
:1003000008BF4FF0010B19EB0B09ABFB027C48EB6C
:100310000608C01B06FB02CC0BFB03CC71EB0C01E7
:10032000C1E70B46024641464846BDE8F08B13B58F
:100330004FF000004FF00001AFF30080BDE81C401B
:10034000704710B5431C02E010F8011B71B1810722
:10035000FAD14FF0013202C88C1A8C4314EAC21150
:10036000F9D0C01A0A0603D0C01E10BDC01A10BDB5
:100370000A0401D0801E10BD0902FCD0401E10BD31
:1003800010B5203AC0F00B80B1E81850203AA0E830
:100390001850B1E81850A0E81850BFF4F5AF5FEA64
:1003A000027C24BFB1E81850A0E8185044BF18C917
:1003B00018C0BDE810405FEA827C24BF51F8043BBE
:1003C00040F8043B08BF7047D20728BF31F8023B12
:1003D00048BF11F8012B28BF20F8023B48BF00F8A6
:1003E000012B70474FF0000200B513469446964625
:1003F000203922BFA0E80C50A0E80C50B1F1200138
:10040000BFF4F7AF090728BFA0E80C5048BF0CC0E5
:100410005DF804EB890028BF40F8042B08BF704743
:1004200048BF20F8022B11F0804F18BF00F8012BB5
:100430007047704770477047754600F02BF8AE461E
:1004400005006946534620F00700854618B020B5E0
:10045000FFF7EEFEBDE820404FF000064FF000072A
:100460004FF000084FF0000B21F00701AC46ACE85C
:10047000C009ACE8C009ACE8C009ACE8C0098D46C9
:10048000704710B50446AFF300802046BDE8104029
:10049000FFF7B9BE004870474023002001491820EB
:1004A000ABBEFEE7260002007047000070B50446B0
:1004B000206805F05BFA50B3206805F043FA40B9B4
:1004C00020688168134A114041F01001816000BF2B
:1004D00000BF02F0A3FB054613E002F09FFB401BA8
:1004E00002280ED92068806800F0040048B1A06D91
:1004F00040F01000A065E06D40F00100E0650120D3
:1005000070BD2068806800F004000028E5D100205C
:10051000F6E70000E8FFFF7F70B50446206805F0AD
:1005200011FA0646206805F012FA78B376BB206807
:10053000806800F00500012806D1206805F0F2F976
:1005400003202168086009E0A06D40F01000A0655C
:10055000E06D40F00100E065012070BD02F05EFB3F
:10056000054614E002F05AFB401B02280FD9206810
:10057000806800F0010050B1A06D40F01000A0654F
:10058000E06D40F00100E0650120E6E705E020684D
:10059000806800F001000028E4D10020DDE70000C1
:1005A00038B5044600200090206805F0D0F90028F6
:1005B0004FD1206880682849084048B1A06D40F0BC
:1005C0001000A065E06D40F00100E065012038BD3D
:1005D000206805F0AFF900BF2048006800F0E07027
:1005E00000F4000068B11E4800681E49B0FBF1F03D
:1005F000401C009002E00098401E009000980028E7
:10060000F9D1607E012824D002F008FB05461AE0EB
:10061000206805F09CF910B9206805F08BF902F00C
:10062000FDFA401B02280ED92068006800F0010086
:1006300048B9A06D40F01000A065E06D40F00100E9
:10064000E0650120C3E72068006800F00100002891
:10065000DED00020BBE70000170000800827014023
:10066000BC000020400D03003EB5044600250020DC
:1006700000900190029008F0EBFB144801F0CEF9D5
:1006800008B100F0E3FD009400200190029069465B
:100690000E4801F06FFA08B100F0D8FD0B4801F0E8
:1006A000C3FD08B100F0D2FD4FF0FF31074801F063
:1006B00055FD064801F0EBFD044801F0D1FB05466D
:1006C000024801F06FFB28463EBD0000F401002007
:1006D00030B589B005460C461022002105A812F05D
:1006E00085F8224605A905A811F08AFF9DF8140097
:1006F00000F08000E8B100BF00200AE005A9095C15
:100700004A0005AB411C595C42EAE11105AA1154AB
:10071000401C0F28F2DB9DF823104906090E8DF8C6
:10072000231000BF9DF8230080F087008DF8230080
:1007300016E000BF00200AE005A9095C4A0005ABED
:10074000411C595C42EAE11105AA1154401C0F28D2
:10075000F2DB9DF823104906090E8DF8231000BF27
:10076000D4F8140110280FD100BF002009E004F2D2
:100770000111095C05AA125C514004F201121154E6
:10078000401C1028F3DB5DE09DF8140000F08000B1
:10079000E8B100BF00200AE005A9095C4A0005ABEA
:1007A000411C595C42EAE11105AA1154401C0F2872
:1007B000F2DB9DF823104906090E8DF8231000BFC7
:1007C0009DF8230080F087008DF8230016E000BF1D
:1007D00000200AE005A9095C4A0005AB411C595CF0
:1007E00042EAE11105AA1154401C0F28F2DB9DF8E2
:1007F00023104906090E8DF8231000BF802104F252
:100800000110D4F81421815405E0002104F20110F4
:10081000D4F814218154D4F81401401CC4F81401F4
:100820001028F2D300BF002009E004F20111095C96
:1008300005AA125C514004F201121154401C102808
:10084000F3DB00BF00BF00200AE004F1F101095C06
:1008500004F20112125C514004F1F1021154401CE7
:100860001028F2DB00BF102204F1F10101A811F001
:10087000A3FF2246294601A811F0C2FE1022002142
:1008800005A811F0B3FF09B030BD10B50446102221
:10089000002104F1F10011F0A9FF0020C4F81401B7
:1008A000F0220021204611F0A1FF10BD70B50446D2
:1008B0000D4622461021284611F0D0FE70BD2DE9CC
:1008C000FF4104460F461546D4F81401002846D0CF
:1008D000D4F81401C0F11000A84204D2D4F81401D5
:1008E000C0F1100000E028460646B2B204F2011141
:1008F000D4F814315818394611F05EFFD4F81401B9
:100900003044C4F81401D4F81401102801D3B542BE
:1009100001D1BDE8FF8100BF00200AE004F1F10130
:10092000095C04F20112125C514004F1F10211540D
:10093000401C1028F2DB00BF102204F1F1016846D0
:1009400011F03AFF22466946684611F059FE10221E
:10095000694604F1F10011F02FFF3744AD1B21E08F
:1009600000BF002008E004F1F101095C3A5C51404D
:1009700004F1F1021154401C1028F4DB00BF1022D6
:1009800004F1F101684611F017FF224669466846F6
:1009900011F036FE1022694604F1F10011F00CFF4F
:1009A0001037103D102DDBD8AAB2394604F20110E1
:1009B00011F002FFC4F8145100BFAAE70EB51048A9
:1009C00090F83C04B0B902208DF808000D48009062
:1009D000A0300190A0F5207191F8400069460DF01B
:1009E0006FF90020064981F814040021044880F8BA
:1009F0003C1400BF024890F8121480F83D140EBD5C
:100A0000A8050020940C00200EB5194890F8120497
:100A1000174991F81114884229DA154890F8120400
:100A2000401C134981F8120491F8120400EBD071B4
:100A30004910A0EB4101012919D122208DF80400B1
:100A40000C4890F874008DF806000A4890F83900B8
:100A50008DF80500074991F8400001A90DF019F93A
:100A60000090009841B2034880F8391000BF0EBDD5
:100A7000A8050020B40A002070B504460D461646AD
:100A800004B10DB9002070BD65602670204600F0ED
:100A900039F80120F7E730B502463124FF2012E093
:100AA00012F8013B584000230BE000F0800525B10F
:100AB000312585EA4005EDB201E045062D0E2846B8
:100AC0005B1C082BF1DB0B1EA1F10101E8D130BD4D
:100AD00010B50446204612F051F820B9002108460E
:100AE00013F056F810BDA068FCE710B50446204688
:100AF00012F044F820B90021084613F049F810BD5F
:100B0000E068FCE710B5044643F2A201204612F06B
:100B100073FA0A2001F04DFE10BD10B5044634B141
:100B2000012C12D0022C1DD0032C36D127E000223C
:100B300002214FF0904002F06BF800224FF48071D8
:100B40004FF0904002F064F828E0012202214FF0BB
:100B5000904002F05DF8012211024FF0904002F047
:100B600057F81BE0012202214FF0904002F050F8AC
:100B7000012211024FF0904002F04AF80EE00122EB
:100B800002214FF0904002F043F800224FF48071B0
:100B90004FF0904002F03CF800E000BF00BF0020A2
:100BA00010BD014609B90F2000E016207047022051
:100BB000704700B585B014216846FFF713FC042088
:100BC00004F01AFF042004F017FF4FF48070009027
:100BD00001200190002002900320039069464FF00D
:100BE000904001F055FF0220009069464FF0904080
:100BF00001F04EFF00224FF480714FF0904002F060
:100C000007F8002202214FF0904002F001F8002086
:100C100005B000BD012070470020704700BFFEE70F
:100C20002DE9F04F87B00446884691461F464FF0A5
:100C3000000A94F9105094F911B0A06838606079F6
:100C4000012858D102208DF81400A07C8DF81600E0
:100C5000E07C05A90DF01DF80490049846B2B54259
:100C600001DD284600E030460546B54203D10020AC
:100C7000386082463FE0A189A068884202D34FF0E5
:100C8000010A01E04FF0000AA089E1890844A16847
:100C9000884230D808208DF81400E07C05A90CF0BB
:100CA000F8FF049004984FFA80FBE189A068B0FB3C
:100CB000F1F201FB120001281DD122208DF8140051
:100CC0008DF81550A07C8DF81600E07C05A90CF07D
:100CD000E0FF0490049845B2B5420CD14FF0000AF1
:100CE0002079012807D102208DF80C00E07C01A9B1
:100CF0000CF0E6FF00BF88F8005089F800B05046BD
:100D000007B0BDE8F08F00000848006B60B90848E4
:100D1000D0F818040549B1F80A1148430449D1F83C
:100D20001814411A0148016370470000B40A0020FA
:100D3000A805002010B504460748D0F8480350B174
:100D40000548D0F84803C06828B10348D0F84803E4
:100D5000C1682046884710BDA805002038B5054663
:100D60000C46002000906946284600F075FD08B149
:100D7000002038BD0098844202D80098401C08B971
:100D80000120F6E70020F4E710B505F067FE08B192
:100D90000E2010BD084890F80401012809D105F083
:100DA00063FE08B10F20F4E705F05CFE08B10F20E8
:100DB000EFE70020EDE70000B40A00200B4890F8B0
:100DC00012040A4991F81114884201DB012070478E
:100DD000064890F88504C0F3400028B1034890F815
:100DE0003C04012800D1F2E70020F0E7A80500202C
:100DF0000E4890F810140E4890F86000814201DB14
:100E000001207047094890F88504C0F3400058B1AC
:100E1000074890F8040108B90120F2E7034890F868
:100E2000830408B90120ECE70020EAE7A8050020C8
:100E3000B40A00202DE9F043CBB004460E4691469B
:100E40001F46DDF8488116B1B8F1000F03D102202A
:100E50004BB0BDE8F08301A8FFF717FD694638469F
:100E600000F0DCFC05461DBB0099491C01A8FFF7FA
:100E70001DFD24B11022214601A8FFF720FD4A469E
:100E8000314601A8FFF71BFD01A947A8FFF720FC89
:100E90009DF81F0100069DF81E1140EA01409DF8D3
:100EA0001D1140EA01209DF81C110843C8F80000FC
:100EB0002846CDE72DE9F04F87B005460C4616468B
:100EC0001F46DDE911ABDDF84090DDF84C8015B12F
:100ED000B8F1000F03D10A2007B0BDE8F08FB4F5D8
:100EE000807F01DD0E20F7E703A84B463A463146E6
:100EF000CDE900AB0290204608F047FF334622467A
:100F0000294603A8CDF800800EF0DFF908B10F20C4
:100F1000E2E70020E0E7000038B5284D95F8615081
:100F20006BB2264D95F9392095F8751095F840006B
:100F30000BF0C2FD44B22248294600904B6C91F858
:100F4000482091F8400021460CF083FE1C481430E4
:100F50002C460090636C94F8482094F8684061B285
:100F60002C4694F840000CF074FE2046016D1548A4
:100F7000D0F8C40308441349C1F8B0032046416DBA
:100F80001048D0F8D80308440E49C1F8B4032046ED
:100F900090F8180188B92046816D0A48D0F8C4033A
:100FA00008440849C1F8B0032046C16D0548D0F88F
:100FB000D80308440349C1F8B40338BDB40A00207B
:100FC00060090020A805002030B50246002300205B
:100FD0000AE001248440144001258540AC4201D13F
:100FE0005C1CE3B2441CE0B28842F2DB184630BD20
:100FF00070B502460B464FF0FF310AB9002070BDB4
:10100000002010E0145C6140002408E001F00105BC
:101010006D1E074EAE4386EA5101651CACB2082C2A
:10102000F4DB441CA0B29842ECDBC843E7E70000C5
:101030002083B8ED10B54FF480400649096801439C
:10104000044A116000BF01F047F901F05DF901F0B9
:101050004FF910BD9008005810B5024801F044FA4D
:1010600010BD000078030020124B02689A420BD298
:10107000426C9208104B03EB820282640278083AB9
:101080001423B2FBF3F10CE0426C92080A4B1C33C0
:1010900003EB820282640278083A1423B2FBF3F273
:1010A000D11D054A8032C26401F01F0301229A401B
:1010B000026570470804024000080240027902F00D
:1010C0007F014A1E064B03EB82024265044A40320E
:1010D00082654A1E02F0030301229A40C2657047EE
:1010E0000009024030B5D0E913546C60446D14B16E
:1010F000D0E916546C6090F8444004F01C050124BB
:10110000AC40056C6C60046863608468102C04D18A
:101110000468A2600468E16003E00468A1600468F8
:10112000E26030BD70472DE9FF4106460C4615468A
:101130001F4600200090019002900390022E02D0E2
:10114000032E08D103E001208DF8000007E0022003
:101150008DF8000003E00B2004B0BDE8F08100BF73
:10116000E0B28DF80100200A8DF80200200C8DF805
:101170000300E8B28DF80400280A8DF80500280C59
:101180008DF80600F8B28DF80700380A8DF80800CF
:101190003246012168460EF0AEF808B10F20DBE7B9
:1011A0000020D9E7024602B109B903207047107B3D
:1011B00000F00F00002806DD92F82000002802DD74
:1011C000002008701CE092F8280010B90120087077
:1011D00016E0107B00F00F0028B992F8200010B93B
:1011E000022008700CE0107B00F00F0030B992F87C
:1011F0002000002802DD0320087001E01820D5E758
:101200000020D3E7002070472DE9F04104460A4D45
:101210000A4E0B4F0DF02EFF4FEA2028404612F0E9
:10122000B5FD0646A560666027600648E060064892
:1012300020610020BDE8F08100004842000090419C
:1012400000007A440D093E00AB03050072B600BFF2
:10125000FEE700000348406940F2FA318843014943
:1012600048617047004000581D48006800F4007055
:10127000012816D11A48006820F400701849086047
:1012800000BF0846006840F4006008600846006837
:1012900020F40060086000BF0846006840F4007059
:1012A00008600F48006800F48060012816D10C48DF
:1012B000006820F480600A49086000BF08460068A2
:1012C00040F4805008600846006820F480500860B0
:1012D00000BF0846006840F4806008607047000066
:1012E000004000582DE9FF4105460E4617460220F2
:1012F00001900295039627B101A801F0A7FA0446D0
:1013000004E0694601A801F059FA04461CB900201E
:1013100004B0BDE8F081022C01D10120F8E76FF0A4
:101320000100F5E7F0B5024606E012F8015BFF2D7B
:1013300001D00120F0BD491E02F007000028F4D1C1
:10134000134600240BE0D3E9005008334FF0FF3779
:101350007D407840054301D00120EBE7641CB4EBED
:10136000D10FF0D3082000FB14111A4606E012F842
:10137000015BFF2D01D00120DCE7491E0029F6D1D9
:101380000020D7E72DE9FE4F0546894617469846C7
:1013900000200290A5F100603F49098809048909ED
:1013A000B0FBF1F201FB1200C00A0190E819401EE7
:1013B000A0F100603849098809048909B0FBF1F2FD
:1013C00001FB1200C00A00903E46AA46CB46B9F186
:1013D000000F05D007F0070010B905F0070018B19D
:1013E0006FF00400BDE8FE8F2C48406900F000401B
:1013F00010B16FF00300F5E7DDE90010884203D07B
:10140000C5F30A00C0F50066019C3FE03146504636
:10141000FFF788FF60B3B8F1000F02D16FF004004E
:10142000E0E74FF0006000EBC4210214404610F0EA
:1014300097FBB2B2CAF30A0101EB0800594610F05B
:101440008FFB002201212046FFF74CFF18B16FF0FF
:10145000010002901DE04FF0006101EBC4200A146E
:10146000414600F039F868B16FF00200029010E0D8
:1014700032465946504600F02FF818B16FF002007E
:10148000029006E0B244B344BE1B641C0098844240
:10149000BCD900BF0298A5E7E075FF1F00400058C7
:1014A00070B5064614461D460DE000BF00BF094852
:1014B0000069C0F3C0400028F8D122462B463146CF
:1014C000012001F00FFAD6E90001604069400843AD
:1014D000EBD170BD004000582DE9FC4704460D4695
:1014E00016462F464FF00008C1461AE0082239463A
:1014F000684610F035FB4FF0FF33DDE9001059402E
:101500005840014305D02046DDE90023FFF7C8FF1E
:10151000804608340837B8F1000F00D004E009F124
:101520000109B9EBD60FE1D300BF4046BDE8FC8707
:101530000348406903490843014948617047000076
:1015400000400058040001000649496921F47E71F9
:10155000022202EBC00242F480321143014A51617F
:10156000704700000040005810B50849496941F033
:101570000101064C6161026000BF00BF00BFBFF304
:101580006F8F00BF00BF00BF436010BD0040005818
:10159000F0B50246402314460D46104E766946F4D7
:1015A00080260E4F7E6100BFEFF31086304672B684
:1015B00000BF2E682660241D2D1D5E1EF3B2002B79
:1015C000F7D100BF054E3669C6F30046002EF9D1AB
:1015D00000BF80F3108800BFF0BD0000004000583D
:1015E00070B5054601F01AFB064606E001F016FB51
:1015F000801BA84201D3032070BD1E48006900F47F
:101600008030B0F5803FF1D01A48046904F0010041
:1016100020B100BF01201749086100BF4CF2FA3029
:10162000044000BF04F0404030B11248806904F02B
:10163000404108430F49886124F0404018B124F02C
:1016400040400C49086100BF1CB10B4844600120B8
:10165000D2E706E001F0E2FA801BA84201D30320A2
:10166000CAE70448006900F48020B0F5802FF1D06B
:101670000020C1E7004000586405002010B5044672
:101680000CB9002010BD10220021204611F0AEF848
:101690000120F7E770B500250DF0C8FC044640F6C0
:1016A000B830844201D9FE250EE0B4F5E16F01DACD
:1016B000002509E0A4F5E160C0EBC01040004FF444
:1016C0009661B0FBF1F0C5B2284670BD70B500243C
:1016D00000BF084800680446601C48B901F0AAFA37
:1016E000054601F0ADFA454001F0B0FA85EA000484
:1016F000204670BD8075FF1F3FB504462088C1B9E4
:1017000042F21072029BB3F5616F01D2642209E0CC
:1017100049F6B025029BAB4202D24FF47A7201E047
:1017200042F21072904201DD034600E01346184673
:1017300000BF00B9012004B030BD00002DE9F04128
:1017400004460D4690462E460E4991F8200004F0BE
:10175000ABF810B10020BDE8F08100270AE0307836
:10176000A04201D13046F6E7304604F093F8064631
:10177000781CC7B2034890F82000B842EFDC002084
:10178000E9E70000281A00202DE9FF4707460D462B
:101790001646DDE90C94DDF838801EB114B1B8F1BD
:1017A000000F03D10A2004B0BDE8F0878FB1012FEC
:1017B00012D19DF80E00012808D10DB1032D02D1E0
:1017C0000220207004E00120207001E0032020703E
:1017D00004E00420207001E00520E4E700BFF28966
:1017E00020784346494605F0A3FBDCE702460B465A
:1017F00000210CE0084810F82100904205D106486D
:1018000000EB8100186000207047481CC1B202291B
:10181000F0DB0C20F8E700002C01002010B5024698
:101820000B46002112E001EB01140A480068103059
:10183000005D904208D101EB0114064800681030A9
:1018400020441860002010BD481CC1B20A29EAD308
:101850000320F8E7FC000020024609B90A2070477F
:10186000012A06D0022A0FD0032A18D0042A26D132
:1018700020E01548006800690860134800680069A6
:10188000114B1B6818621CE00F4800684069086033
:101890000D48006840690C4B1B68186211E00A484B
:1018A000006880690860084800688069064B1B680A
:1018B000186206E004480068C069086001E005207D
:1018C000CDE700BF0020CAE7280100203EB504464E
:1018D0000D4890F874008DF806008DF805400D2035
:1018E0008DF80400084890F88000012802D10E20ED
:1018F0008DF80400044991F8400001A90CF0C9F9E1
:1019000000900098C0B23EBDB40A002010B586B069
:1019100000246846FFF778FC019812F0FBF904B246
:10192000204606B010BD00002DE9FF4104460D46DB
:101930000C48005D46B20C4920460BF066FF80461D
:101940000121E8B200220823CDE90032CDE90201ED
:1019500006480B4632464146476A0120B84704B064
:10196000BDE8F081D0450108D8450108F4460108DA
:1019700000BF08488068014603E000BF0548806852
:10198000014600BF034880688842F6D1C1F1FF30AC
:1019900070470000002800402DE9F0410446002572
:1019A00000BF1D4800680546681CC0B901F042F937
:1019B000804601F04BF908EB000601F041F90746BB
:1019C000300EE071300CA071300A60712671380E53
:1019D000E070380CA070380A607027701AE0E5716A
:1019E000280AA071280C6071280E207100BF0A48D7
:1019F000001D00780546E57000BF0748001D00681F
:101A00006FF07F4101EA10200546A570280A60703A
:101A1000280C2070BDE8F0818075FF1F2DE9F84388
:101A2000044600200090002600BF94F854000128CE
:101A300002D10220BDE8F883012084F8540000BFE1
:101A40002046FEF769FD8146206803F085FF0028E7
:101A50007DD1A06D20F4807040F00200A065206868
:101A6000C06848F2030100EA01082068C0688843A2
:101A70002168C860002528E0206881683C4A114040
:101A800041F00041816000BF13E00098401C0090CD
:101A90000098B0F52E3F0CD3A06D20F0020040F06E
:101AA0001000A06500BF002084F8540000BF012092
:101AB000C0E720688168C90F0029E6D12068D0F806
:101AC000B41001F07F010E446D1C082DD4D3B6FB79
:101AD000F5F620688168264A1140491C816000BFE4
:101AE00031462068D0F8B42022F07F020A43C0F8C3
:101AF000B42000BF206881681D4A1140891C8160A4
:101B000000BF01F08BF8074612E001F087F8C01B18
:101B100002280DD9206803F01FFF48B1A06D40F0E6
:101B20001000A065E06D40F00100E065012081E754
:101B3000206803F011FF0028E7D12068C06840EA60
:101B400008002168C860A06D20F0020000E003E0FA
:101B500040F00100A06503E0A06D40F01000A0651A
:101B600000BF002084F8540000BF484662E7000030
:101B7000E8FFFF7F2DE9F84305460C4600270020CB
:101B800000902869B0F1004F03D07E49286988424F
:101B900000D100E000BF00BF95F85400012802D139
:101BA0000220BDE8F883012085F8540000BF2868B2
:101BB00003F0DCFE00287DD1606802287BD0286914
:101BC000B0F1004F03D06F492869884208D12868D6
:101BD0002168826AC1F311031A43826200BF37E0B1
:101BE000207900F01F020F209040296E8143206869
:101BF000C0F3110018B92068C0F3846004E02068C5
:101C000090FAA0F0B0FA80F0227902F01F02904022
:101C1000014329660121606801EB9001E869814276
:101C200016D82868D4E90021836A01F01F084FF014
:101C30000F0C0CFA08FC23EA0C0301F01F08C2F396
:101C4000836C0CFA08FC43EA0C03836200BF00BFFC
:101C50002868A2682168436923EA0123DFF828C1C4
:101C600002EA0C0C0CEA012C43EA0C03436100BFAE
:101C7000206800F0004000287DD000BF4348006885
:101C800000F0E07600BF4249206888421BD106F48C
:101C90000000C0B946F400013C4803F07DFE3D4819
:101CA00000683D49B0FBF1F0401C00EB40008000B3
:101CB000009004E05AE020E00098401E0090009858
:101CC0000028F9D157E035492068884208D106F04C
:101CD000807028B946F080712C4803F05DFE4AE020
:101CE0002F492068884246D106F4800048BB46F45C
:101CF0008001264803F050FE3DE02869B0F1004F16
:101D000003D020492869884208D128682168826A5E
:101D1000C1F311039A43826200BF00BF206800F044
:101D2000004070B100BF1948006800F0E07600BFC5
:101D300017492068884205D126F40001134803F0B2
:101D40002BFE18E015492068884205D126F08071E5
:101D50000E4803F021FE0EE01149206888420AD1A6
:101D600026F48001094803F017FE04E0A86D40F056
:101D70002000A865012700BF002085F8540000BF9F
:101D800038460EE70400008000FFFF0308270140EB
:101D9000001000B0BC000020400D0300004000B85F
:101DA000002000B470B504460CB9012070BDA06DD0
:101DB00040F00200A0652046FEF778FB05466DB9AD
:101DC0002046FEF7A9FB05460DB90120A065206855
:101DD0008168204A1140816000BF00BF20684068D0
:101DE00040F29F3188432168486040F29F3021686B
:101DF00008602068C068184908402168C8602068E9
:101E0000006920F04040216808612068406920F0A6
:101E10000700216848612068006A00F0F02021680E
:101E200008622068806A0020216888620B48006888
:101E300020F0FE7009490860204600F065F9002096
:101E40002066E065A06500BF84F8540000BF284606
:101E5000ACE70000E8FFFF6F00023E830827014067
:101E600001460868006C70472DE9F84304464FF0BE
:101E70000008002500260020009014B90120BDE8CC
:101E8000F88394F83C00012800D100BF206920B1FC
:101E90002069B0F5001F00D100BFA06D30B9204609
:101EA00000F044F90020E06584F85400206803F055
:101EB00058FDB0B9206881688C4A114041F08051CA
:101EC000816000BF8A4800688A49B0FBF1F0401C7D
:101ED0004000009002E00098401E0090009800280A
:101EE000F9D1206803F03DFD48B9A06D40F0100025
:101EF000A065E06D40F00100E0654FF0010820684A
:101F000003F034FD0746A06D00F0100000287DD1DD
:101F1000002FFCD1A06D20F4807040F00200A0657D
:101F2000206803F014FD002878D1207EA16841EAE2
:101F30008031607E41EAC031A07E41EA4030216BB1
:101F400011B14FF4805100E000210843E1680843DB
:101F5000216901F0004119B1216921F0004101E03E
:101F60004FF40011084394F82C1040EA4100054357
:101F70002020005D01280CD1A07E10B945F48035E9
:101F800007E0A06D40F02000A065E06D40F001008A
:101F9000E065606A28B1A08C00F4E070A16A084393
:101FA00005432068C0685449084028432168C86038
:101FB000606800F04040E16C0843064394F83C0040
:101FC00001280BD1606800F0404040F00100216C16
:101FD0000843616C0843A16C08430643206800690C
:101FE000464908403043216808616068B0F1404FBD
:101FF00014D06068B0F1804F10D06068B0F1004F2D
:102000000CD03F48006820F4701001E066E005E065
:10201000616801F470110843394908600021626B5E
:10202000206803F0BFFC3749A26B206803F0BAFCBC
:10203000206930B92068806A60F00F0021688862EA
:1020400029E02069B0F5001F25D1002008E08200BA
:10205000216ED14001F00F010F2900D102E0401C98
:102060000828F4D300BF012806D12168896A61F0ED
:102070000F01226891620DE0217F491E1F2202EAB2
:1020800081026FF00F019140226E11432268926A23
:102090002268916200BF002021684A6984460723B4
:1020A00003FA0CF31A4022FA0CF2606B824208D158
:1020B0000020E065A06D20F0020040F00100A06566
:1020C00012E0A06D20F0020040F01000A065E06D6D
:1020D00040F00100E0654FF0010805E0A06D40F020
:1020E0001000A0654FF001084046C8E6E8FFFF7FFA
:1020F000BC000020400D03000102FEFF02FCFF1F98
:102100000827014004FFFF03074A0168914209D1F3
:1021100049154FF0B042126E8A434FF0B0431A6631
:1021200000BF00BF704700000024014008B5014611
:10213000094A086890420ED140154FF0B042126E25
:1021400002434FF0B0431A661A46126E02400092E4
:1021500000BF00BF00BF08BD002401402DE9F041D1
:1021600004460D466069082801D108260CE0206865
:10217000C06800F0010030B1A06D40F02000A06503
:102180000120BDE8F081042600F048FD074616E076
:10219000681CA0B100F042FDC01BA84200D875B970
:1021A00020680068304050B9A06D40F00400A06580
:1021B00000BF002084F8540000BF0320E1E720683E
:1021C000006830400028E3D0A06D40F40070A065A6
:1021D000206803F0D0FB00B3A07EF0B9206800684F
:1021E00000F00800082818D1206803F0BFFB60B990
:1021F0002068406820F00C0021684860A06D20F441
:10220000807040F00100A06507E0A06D40F0200064
:10221000A065E06D40F00100E065207E10B90C2063
:10222000216808600020ACE770B50446206803F020
:102230009DFB48BB00BF94F85400012801D1022047
:1022400070BD012084F8540000BF2046FEF7A8F9B5
:102250000546A5B9A06D40F60161884340F4807041
:10226000A0650020E0651C202168086000BF0020F8
:1022700084F8540000BF206803F086FB05E000BF2F
:10228000002084F8540000E002252846D8E770B505
:10229000044600BF94F85400012801D1022070BD0B
:1022A000012084F8540000BF2046FEF7FFF80546E1
:1022B00055B92046FEF730F905462DB9A06D20F43A
:1022C000807040F00100A06500BF002084F8540039
:1022D00000BF2846E3E7000000BF0448406840F024
:1022E00001000249486000BF70470000002004E080
:1022F00000BF0448406840F004000249486000BF45
:1023000070470000002004E000BF0448406840F02F
:1023100002000249486000BF70470000002004E04E
:10232000014609B90120704791F82500022808D01C
:102330000420C86300BF002081F8240000BF0120F2
:10234000F1E70868006820F00E000A681060886CE9
:10235000006820F480708A6C10600868006820F0C3
:1023600001000A68106091F8440000F01C0201208E
:1023700090400A6C5060D1E913205060486D40B124
:10238000486D006820F480704A6D1060D1E9162015
:102390005060012081F8250000BF002081F8240052
:1023A00000BF00BFBFE770B50446002594F82500C4
:1023B000022803D00420E063012534E0206800688F
:1023C00020F00E00216808602068006820F00100FD
:1023D00021680860A06C006820F48070A16C08601F
:1023E00094F8440000F01C0101208840216C4860F2
:1023F000D4E913104860606D40B1606D006820F44E
:102400008070616D0860D4E916104860012084F87E
:10241000250000BF002084F8240000BFA06B10B18D
:102420002046A16B8847284670BD000010B50446C1
:102430000CB9012010BD2068006820F0010021685F
:1024400008602749206888420BD226492068401A34
:102450001421B0FBF1F08000606422480838206449
:102460000AE01F492068401A1421B0FBF1F08000F7
:1024700060641B480838206400202168086094F8D4
:10248000440000F01C0101208840216C4860204677
:10249000FEF7EAFD0020A16C0860D4E91310486043
:1024A000606858B16068042808D82046FEF706FE28
:1024B0000020616D0860D4E9161048600020606556
:1024C000A065E065E06220636063A063E06384F878
:1024D000250000BF84F8240000BF00BFAAE7000069
:1024E000080402400800024070B50446206C0568EC
:1024F0002068066894F8440000F01C01042088401D
:102500002840E0B106F00400C8B12068006800F07F
:10251000200028B92068006820F0040021680860C5
:1025200094F8440000F01C0104208840216C4860AD
:10253000206B002865D02046216B884761E094F825
:10254000440000F01C0102208840284088B306F0B7
:10255000020070B32068006800F0200040B92068D5
:10256000006820F00A0021680860012084F8250036
:1025700024492068884208D994F8440000F01C01DE
:10258000022088402049086008E094F8440000F0E8
:102590001C01022088401B498039486000BF002090
:1025A00084F8240000BFE06A58B32046E16A8847F7
:1025B00027E0FFE794F8440000F01C010820884061
:1025C0002840F0B106F00800D8B12068006820F07B
:1025D0000E002168086094F8440000F01C010120FE
:1025E0008840216C48600120E06384F8250000BF2A
:1025F000002084F8240000BF606B10B12046616B9E
:10260000884770BD800002400404024010B50446B3
:102610000CB9012010BD3349206888420BD23249E1
:102620002068401A1421B0FBF1F0800060642E484D
:10263000083820640AE02B492068401A1421B0FBB6
:10264000F1F080006064274808382064022084F894
:1026500025002068006847F6F0718843216808600B
:10266000D4E9020108432169084361690843A1696B
:102670000843E1690843216A08432168096808435F
:10268000216808602046FEF7EFFCA068B0F5804F97
:1026900001D100206060207900F07F00A16C08600B
:1026A000D4E913104860606860B16068042809D8F4
:1026B0002046FEF703FD0020616D0860D4E9161086
:1026C000486003E000206065A065E0650020E063ED
:1026D000012084F8250000BF002084F8240000BFFA
:1026E00000BF97E708040240080002402DE9F041CE
:1026F00004460D4616461F464FF0000800BF94F8EA
:102700002400012802D10220BDE8F081012084F8D4
:10271000240000BF94F8250001283FD1022084F84E
:1027200025000020E0632068006820F00100216897
:1027300008603B46324629462046FEF7D3FC206B14
:1027400030B12068006840F00E00216808600BE09E
:102750002068006820F00400216808602068006894
:1027600040F00A0021680860A06C006800F4803026
:1027700028B1A06C006840F48070A16C0860606DA6
:1027800028B1606D006840F48070616D0860206859
:10279000006840F001002168086008E08020E063E4
:1027A00000BF002084F8240000BF4FF0010840461D
:1027B000AAE701B500980DF0F7FE08BD2DE9F0413C
:1027C00004460F4600BF20480078012802D10220AD
:1027D000BDE8F08101201C49087000BF002048605E
:1027E0004FF47A70FEF7FCFE06462EBB20680428E4
:1027F00007D1FEF79DFE4FF47A70FEF7F1FE064614
:1028000018E04FF0FF30386065680BE02846FEF7AF
:102810009BFE4FF47A70FEF7E3FE06460EB13D6074
:1028200005E06D1CD4E901010844A842EED800BFC0
:10283000FEF710FDFEF718FD00BF002002490870EA
:1028400000BF3046C4E700006405002070B50446B0
:1028500000BF1A480078012801D1022070BD012074
:102860001649087000BF00204860206888604FF457
:102870007A70FEF7B5FE054625B100BF00200F496E
:10288000087018E000BF0E48406940F040700C49E5
:10289000486100BF2068042805D10020074908616D
:1028A000FEF746FE07E00549A068486160680861D8
:1028B0006068FEF749FE2846D0E700006405002066
:1028C0000040005800200649496941F00041044A8F
:1028D00051611146496901F0004101B90120704779
:1028E000004000582DE9F0410646884614461D4632
:1028F00000BF18480078012802D10220BDE8F0810D
:1029000001201449087000BF002048604FF47A701D
:10291000FEF766FE0746AFB9012E05D122462B46CB
:102920004046FEF721FE03E021464046FEF730FE1A
:102930004FF47A70FEF754FE074607484069B043EB
:102940000549486100BF00200249087000BF3846B1
:10295000D4E700006405002000400058002008492A
:10296000496901F0004151B10649054A91600649A3
:1029700091601146496901F0004101B101207047A1
:102980000040005823016745AB89EFCDF0B5024602
:102990000B4600206EE00125854005EA0301002971
:1029A00067D0374D860855F8264085072E0F072536
:1029B000B5402C40B2F1904F01D100250AE0314DD5
:1029C000AA4201D1012505E02F4DAA4201D10225DD
:1029D00000E007258607360FB540A54223D12B4DD1
:1029E0002D688D43294E3560351D2D688D43361D6C
:1029F0003560264D803D2D688D43244E803E3560E8
:102A0000351D2D688D43361D356085072E0F072532
:102A100005FA06F41A4D860855F82650A543184EB7
:102A2000870846F82750156847000326BE403543FF
:102A30001560C60802F1200555F826504607F70E26
:102A40000F26BE40B543C70802F1200646F82750BE
:102A5000956847000326BE40B5439560556801263A
:102A60008640B5435560D56847000326BE40B54350
:102A7000D560401C23FA00F5002D8CD1F0BD00007C
:102A80000800014000040048000800488008005881
:102A900070B503460A460021ACE001268E40156859
:102AA00005EA0604002C6ED0157905F00305012D0A
:102AB00004D0157905F00305022D13D198684E0056
:102AC0000325B540A8434E00D568B540284398601B
:102AD000586801258D40A8431579C5F300158D4030
:102AE00028435860157905F00305032D09D0D868EF
:102AF0004E000325B540A8434E009568B5402843D5
:102B0000D860157905F00305022D13D1CE0803F125
:102B1000200555F826004D07EE0E0F25B540A843B9
:102B20004E07F60E1569B5402843CE0803F120057F
:102B300045F8260018684E000325B540A8431579CE
:102B400005F003054E00B54028431860556805F4AC
:102B50004035002D4DD02A4D8E0855F826008D07A2
:102B60002E0F0725B540A843B3F1904F01D10025A2
:102B70000BE0244DAB4201D1012506E0224DAB42D2
:102B800002D1022501E034E007258E07360FB5405B
:102B900028431B4D8E0845F826001C4D2868A0438D
:102BA000556805F4801505B12043184D28602D1D8A
:102BB0002868A043556805F4001505B12043134D5E
:102BC0002D1D2860114D80352868A043556805F4F7
:102BD000803505B120430D4D803528602D1D2868B6
:102BE000A043556805F4003505B12043074D8435F1
:102BF0002860491C1568CD40002D7FF44EAF70BD94
:102C0000080001400004004800080048000800587F
:102C10000AB1816100E081627047000010B50024B4
:102C20000348007810B10DF001FD0446204610BDA8
:102C30000000002001480068704700009075FF1FE9
:102C400001480068704700009475FF1F0148006844
:102C5000704700009875FF1F024692F84100202837
:102C60002DD100BF92F84000012801D10220704709
:102C7000012082F8400000BF242082F84100106843
:102C8000006820F00100136818601068006820F4E4
:102C90008050136818601068006808431368186053
:102CA0001068006840F0010013681860202082F866
:102CB000410000BF002082F8400000BFD7E702209B
:102CC000D5E710B502460B4692F8410020282AD1DC
:102CD00000BF92F84000012801D1022010BD012060
:102CE00082F8400000BF242082F84100106800688C
:102CF00020F00100146820601068016821F4706100
:102D000041EA0321106801601068006840F001008A
:102D100014682060202082F8410000BF002082F863
:102D2000400000BFDAE70220D8E7000010B50446F3
:102D30000CB9012010BD94F8410028B9002084F896
:102D40004000204600F0B6F9242084F841002068B5
:102D5000006820F0010021680860606820F0706061
:102D6000216808612068806820F40040216888603C
:102D7000E068012805D1A06840F40040216888601F
:102D800004E0A06840F4044021688860E0680228FC
:102D900002D18002216848602068406813490843D6
:102DA000216848602068C06820F400402168C8603D
:102DB000D4E904010843A16940EA01202168C86000
:102DC000D4E907010843216808602068006840F0E2
:102DD00001002168086000206064202084F8410020
:102DE0000020206384F8420000BFA3E700800002B7
:102DF0002DE9F8430446894616461F46DDF8208033
:102E000094F84100202873D100BF94F840000128B5
:102E100002D10220BDE8F883012084F8400000BF01
:102E2000FFF7FCFE054619230122D1032046009539
:102E300002F04CFC08B10120ECE7222084F84100AC
:102E4000102084F842000020606466626785606339
:102E5000608DFF280CD9FF2020853C48009094F815
:102E600028204FF080734946204602F013FC0BE007
:102E7000608D20853548009094F828204FF000732D
:102E80004946204602F006FC3FE02A4641462046DD
:102E900002F04CFC08B10120BCE72068406A616A7E
:102EA0000870606A401C6062208D401E2085608D25
:102EB000401E6085608D40B3208D30BB43460022AC
:102EC00080212046009502F001FC08B10120A1E715
:102ED000608DFF280DD9FF2020850020009094F8F8
:102EE00028204FF080734946204602F0D3FB0CE0C7
:102EF0002AE0608D20850020009094F828204FF073
:102F000000734946204602F0C5FB608D0028BCD105
:102F10002A464146204602F065FC08B1012079E7C7
:102F200020202168C861206840680949084021685C
:102F30004860202084F84100002084F8420000BF4F
:102F400084F8400000BF65E7022063E700240080AA
:102F500000E800FE2DE9F8430446894616461F4660
:102F6000DDF8208094F84100202871D100BF94F84A
:102F70004000012802D10220BDE8F883012084F836
:102F8000400000BFFFF74AFE054619230122D10386
:102F90002046009502F09AFB08B10120ECE72120C1
:102FA00084F84100102084F84200002060646662CA
:102FB00067856063608DFF280BD9FF2020853B4823
:102FC000009094F82820C3024946204602F062FB94
:102FD0000AE0608D20853548009094F8282003038E
:102FE0004946204602F056FB3FE02A46414620462D
:102FF00002F023FC08B10120BEE7606A0078216876
:103000008862606A401C6062608D401E6085208D11
:10301000401E2085608D40B3208D30BB434600228A
:1030200080212046009502F051FB08B10120A3E762
:10303000608DFF280DD9FF2020850020009094F896
:1030400028204FF080734946204602F023FB0CE015
:103050002AE0608D20850020009094F828204FF011
:1030600000734946204602F015FB608D0028BCD154
:103070002A464146204602F0B5FB08B101207BE715
:1030800020202168C86120684068094908402168FB
:103090004860202084F84100002084F8420000BFEE
:1030A00084F8400000BF67E7022065E70020008049
:1030B00000E800FE10B594B0044614210FA8FDF7F7
:1030C00091F9382101A8FDF78DF91F492068884240
:1030D00037D1802001904FF44020079001A800F0E4
:1030E00069F908B1FEF7B2F801204FF0B041C96CA0
:1030F00001434FF0B042D1641146C96C01400091C8
:1031000000BF00BF4FF4C0500F901220109000205D
:1031100011901290042013900FA94FF09040FFF7E8
:10312000B7FC4FF480004FF0B041896D01434FF080
:10313000B04291651146896D0140009100BF00BF0A
:1031400000BF14B010BD00000058004010B50024AE
:10315000032000F089F800F067FB064908600F20A3
:1031600000F00AF808B1012401E000F008F8204658
:1031700010BD0000BC0000200146002070477047D1
:1031800010B501460846002817DB00F01F03012296
:103190009A400B4B440943F8242000BF00BF00BFF6
:1031A000BFF34F8F00BF00BF00BF00BF00BF00BF15
:1031B000BFF36F8F00BF00BF00BF00BF10BD000096
:1031C00080E100E00146084600280DDB00BF00BF9B
:1031D00000F01F0301229A4043099B0003F1E02302
:1031E000C3F8002100BF00BF00BF70472DE9F05FAA
:1031F00080460D4616460FF02FF8074639462A46F8
:10320000334601F00700C0F1070ABAF1040F02D9F2
:103210004FF0040A01E0C0F1070AD14600F1040AA8
:10322000BAF1070F02D24FF0000A01E0A0F1030A41
:10323000D4464FF0010A0AFA09FAAAF1010A0AEA89
:10324000020A0AFA0CFA4FF0010B0BFA0CFBABF175
:10325000010B0BEA030B4AEA0B04214640460FF030
:1032600003F8BDE8F09F000000BF00F00702064B26
:1032700019684FF6FF031940044B0B4343EA022140
:10328000014B196000BF70470CED00E00000FA052B
:103290001248006820F48040104A1060104800680E
:1032A000322250430F4AB0FBF2F100E0491E0B48B6
:1032B0001430006800F40070B0F5007F01D10029DF
:1032C000F4D106481430006800F40070B0F5007FB7
:1032D00001D1032070470020FCE7000000040058E3
:1032E000BC00002040420F000348006840F48040CA
:1032F0000149086070470000000400580D49096842
:1033000021F00701891C0B4A11600B49096841F043
:103310000401094A1160012801D130BF02E040BF19
:1033200020BF20BF0449096821F00401024A11604E
:10333000704700000004005810ED00E002480068EB
:1033400000F4C060704700000004005803480068A3
:1033500040F4807001490860704700000004005884
:1033600070B504460D4654B91048006800F400706A
:10337000B0F5007F0AD1FFF78BFF38B170BD0B4865
:10338000006800F4007008B9FFF7AEFF0848006855
:1033900020F0040006490860012D01D130BF02E091
:1033A00040BF20BF20BF00BFE8E700001404005862
:1033B00010ED00E02DE9F041044600270026B0465C
:1033C000206800F48030B0F5803F5FD1FFF7BEFF8A
:1033D000FFF724FC054606E0FFF720FC401B02280F
:1033E00001D9032606E07E48006800F48070B0F53D
:1033F000807FF1D100BF002E47D100BF794800681F
:1034000000F44070616B88421AD07648006820F45E
:10341000407700BF4FF0B040D0F8900040F48030CB
:103420007049086000BF00BF4FF0B040D0F8900076
:1034300020F48030086000BF4FF0B040C0F89070BA
:1034400007F00200022811D1FFF7E8FB054608E06B
:10345000FFF7E4FB401B41F28831884201D9032683
:1034600003E002F055FB0128F2D100BF5EB9606BAA
:103470005C49096821F4407101434FF0B042C2F841
:10348000901000BF02E0B04600E0B046207800F0A7
:10349000010010B1606802F0B5FB207800F0020076
:1034A000022802D1A06802F0ADFB207800F02000D5
:1034B00020280CD120694B490839096821F4406162
:1034C00001434FF0B042C2F8881000BF00BF20880F
:1034D00000F40070B0F5007F02D1206A02F084FB96
:1034E000208800F48060B0F5806F02D1606A02F03D
:1034F0007BFB208800F40060B0F5006F02D1A06A69
:1035000002F072FB207800F04000402802D1606990
:1035100002F056FB207800F08000802802D1A069DC
:1035200002F04EFB208800F48070B0F5807F02D15D
:10353000E06902F045FB207800F01000102815D15A
:10354000E06828490839096821F4407101434FF0C7
:10355000B042C2F8881000BFE068B0F5807F05D1A6
:103560001046C06840F080701146C860208800F4A2
:103570000040B0F5004F13D1206B1A490839096893
:1035800021F0404101434FF0B042C2F8881000BF23
:10359000206B28B91046C06840F080701146C860A2
:1035A000208800F48040B0F5804F15D1E06A0D49C5
:1035B0000839096821F0405101434FF0B042C2F888
:1035C000881000BFE06AB0F1005F05D11046C06806
:1035D00040F480301146C8604046BDE8F0810000EC
:1035E000000400589000005870B504460E460CB90F
:1035F000012070BD8848006800F00700B04217D273
:103600008548006820F00700304383490860FFF7D1
:1036100005FB054606E0FFF701FB401B022801D928
:103620000320E6E77C48006800F00700B042F2D1D2
:10363000207800F0020002281DD1A0684FF0B041B0
:10364000896821F0F00101434FF0B042916000BF62
:10365000FFF7E4FA054606E0FFF7E0FA401B022810
:1036600001D90320C5E700BF4FF0B0408068C0F328
:1036700000400028F0D0207800F0400040281DD104
:1036800060696649096821F00F0141EA10114FF0A5
:10369000B042C2F8081100BFFFF7C0FA054606E0C5
:1036A000FFF7BCFA401B022801D90320A1E700BFA5
:1036B0005A480068C0F300400028F1D0207800F09C
:1036C000040004281DD1E0684FF0B041896821F45E
:1036D000E06101434FF0B042916000BFFFF79EFAF6
:1036E000054606E0FFF79AFA401B022801D903209D
:1036F0007FE700BF4FF0B0408068C0F34040002833
:10370000F0D0207800F0080008281ED12169C800F8
:103710004FF0B041896821F4605101434FF0B0424D
:10372000916000BFFFF77AFA054606E0FFF776FAE8
:10373000401B022801D903205BE700BF4FF0B040D7
:103740008068C0F380400028F0D0207800F00100AD
:1037500098B36068022804D102F0B2F9A8B9012038
:1037600047E76068032804D102F023FA68B9012012
:103770003FE7606820B902F0F6F930B9012038E778
:1037800002F0A4F908B9012033E760684FF0B041B6
:10379000896821F0030101434FF0B042916000BFFE
:1037A000FFF73CFA054609E0FFF738FA401B41F203
:1037B0008831884202D903201BE705E002F058F95E
:1037C0006168B0EB810FEFD11348006800F007008B
:1037D000B04217D91048006820F0070030430E4966
:1037E0000860FFF71BFA054606E0FFF717FA401BD3
:1037F000022801D90320FCE60748006800F0070012
:10380000B042F2D100F010F80549086005480068A0
:10381000FFF7B2FCEDE60000004000580801005838
:10382000BC000020B400002010B500F02FF84FF0CD
:10383000B041896801F0F0010909034A52F82110EA
:10384000B0FBF1F010BD00002042010810B5FFF7F9
:10385000EBFF4FF0B041896801F4E061090A024AC8
:1038600012F82110C84010BD6042010810B5FFF7E2
:10387000DBFF4FF0B041896801F46051C90A024A88
:1038800012F82110C84010BD604201082DE9F04136
:103890004FF00008002702F0EBF8044602F07DF933
:1038A00006461CB10C2C35D1012E33D102F055F94E
:1038B000B0B902F052F9012806D100BF4FF0B04074
:1038C000006800F0F00005E000BF3448006800F434
:1038D000706000BFC0F30320314951F8200015E0AB
:1038E00002F03BF9012806D100BF4FF0B04000685C
:1038F00000F0F00005E000BF2848006800F47060A8
:1039000000BFC0F30310264951F8200007468CB9C8
:10391000B8460FE0042C02D1DFF888800AE0082CBA
:1039200008D102F0C7F8012802D1DFF8788001E061
:10393000DFF8748002F09CF80C282BD102F02DF9EE
:103940000646012E0FD0022E02D0032E0AD101E02E
:10395000144D0AE002F0AEF8012801D1114D00E04B
:10396000114D02E000BF3D4600BF00BF02F01BF951
:1039700068434FF0B041C96801F07001012202EBC9
:103980001111B0FBF1F14FF0B040C06802EB507084
:10399000B1FBF0F84046BDE8F0810000940000580B
:1039A000804201080024F4000048E8012DE9F047B6
:1039B000044614B90120BDE8F08702F059F8074623
:1039C00002F0EBF80646207800F0200020286ED1A7
:1039D0001FB10C2F63D1012E61D102F0C4F818B1D0
:1039E000206A08B90120E6E74FF0B040A16A0068FC
:1039F00000F0080028B14FF0B040006800F0F0007F
:103A000004E0FD48006800F47060000981421CD9A0
:103A1000A06A07F0AFFB08B10120CCE700BF4FF070
:103A2000B040006840F008004FF0B0410860084620
:103A3000006820F0F000A16A08434FF0B041086030
:103A400000BF606A02F095F81BE000BF4FF0B04085
:103A5000006840F008004FF0B04108600846006878
:103A600020F0F000A16A08434FF0B041086000BFA9
:103A7000606A02F07EF8A06A07F07CFB08B10120C2
:103A800099E7FFF7D1FEDD490860DD480068FFF7E0
:103A900073FB8146B9F1000F45D048468BE7206A99
:103AA00040B302F051F8FFF7B9F8054607E03AE0F5
:103AB000FFF7B4F8401B022801D903207BE702F08E
:103AC00052F80028F4D000BF4FF0B040006840F03A
:103AD00008004FF0B04108600846006820F0F00090
:103AE000A16A08434FF0B041086000BF606A02F06D
:103AF00040F818E000BF4FF0B040006820F001002F
:103B00004FF0B041086000BFFFF788F8054606E0B7
:103B1000FFF784F8401B022801D903204BE702F08D
:103B200022F80028F4D1207800F0010000285ED0AF
:103B3000082F03D00C2F08D1032E06D101F0C0FFAF
:103B4000C8B36068B8BB012035E74FF0B0400068EB
:103B500020F48010A16808434FF0B041086000BF16
:103B60006068B0F5803F02D101F09BFF1CE0606807
:103B7000B0F5041F0CD100BF4FF0B040006840F416
:103B800000104FF0B041086000BF01F08AFF0BE069
:103B900000BF4FF0B040006820F480304FF0B041DB
:103BA000086000BF01F074FF00BF606880B1FFF7DC
:103BB00035F8054607E01AE0FFF730F8401B6428A7
:103BC00001D90320F7E601F07BFF0028F4D00EE0D6
:103BD000FFF724F8054606E0FFF720F8401B6428AD
:103BE00001D90320E7E601F06BFF0028F4D120782B
:103BF00000F00200022848D1042F03D00C2F0CD172
:103C0000022E0AD101F062FF18B1206908B9012023
:103C1000D1E6606901F060FF37E02069E0B100BFE4
:103C20004FF0B040006840F480704FF0B041086041
:103C300000BFFEF7F3FF054606E0FEF7EFFF401B6F
:103C4000022801D90320B6E601F040FF0028F4D095
:103C5000606901F041FF18E000BF4FF0B04000681C
:103C600020F480704FF0B041086000BFFEF7D6FF2F
:103C7000054606E0FEF7D2FF401B022801D90320CB
:103C800099E601F023FF0028F4D1207800F0080025
:103C900008285CD1A069E0B35748D0F8008008F04C
:103CA0001001E069884226D008F00200022804D101
:103CB00008F0010008B901207DE608F0010080B19C
:103CC00001F02EFFFEF7AAFF054606E0FEF7A6FF6D
:103CD000401B112801D903206DE601F02DFF0028BB
:103CE000F4D14548006820F01000E16908434FF026
:103CF000B041C1F8940000BF3F48006840F00100A7
:103D00004FF0B041C1F8940000BFFEF787FF0546B1
:103D100007E00BE0FEF782FF401B112801D90320CA
:103D200049E601F009FF0028F4D010E001F0F8FEA8
:103D3000FEF774FF054606E0FEF770FF401B1128F2
:103D400001D9032037E601F0F7FE0028F4D12078EE
:103D500000F00400042868D101F05CFE80B9FFF790
:103D6000F5FAFEF75BFF054606E0FEF757FF401B3E
:103D7000022801D903201EE601F04CFE0028F4D0F1
:103D8000E068F8B3E068852802D0E068052808D12B
:103D90001948001F006840F004004FF0B041C1F81E
:103DA0009000FEF73BFF05461348001F006840F0F7
:103DB00001004FF0B041C1F8900008E0FEF72EFF7F
:103DC000401B41F28831884201D90320F3E501F01C
:103DD00097FE0028F2D0E068812802D0E0688528AC
:103DE00024D1FEF71BFF05460348001F006840F082
:103DF00080004FF0B04106E094000058BC00002065
:103E0000B40000202EE0C1F8900008E0FEF706FFA5
:103E1000401B41F28831884201D90320CBE571482B
:103E2000006800F400600028F0D04FE0FEF7F6FED6
:103E300005466C48006820F080004FF0B041C1F8A2
:103E4000900008E0FEF7EAFE401B41F2883188420C
:103E500001D90320AFE56348006800F40060002842
:103E6000F0D133E0FEF7DAFE05465E48006820F048
:103E700080004FF0B041C1F8900008E0FEF7CEFEA0
:103E8000401B41F28831884201D9032093E555480F
:103E9000006800F400600028F0D1FEF7BFFE054680
:103EA0005048006820F001004FF0B041C1F8900088
:103EB00008E0FEF7B3FE401B41F28831884201D989
:103EC000032078E501F01CFE0028F2D1E06AD0B3AF
:103ED0000C2F66D0E06A022842D101F055FEFEF7B1
:103EE0009DFE054606E0FEF799FE401B0A2801D913
:103EF000032060E501F05DFE0028F4D1D4E90C0157
:103F00000843A16B40EA0120E16B0843216C0843A0
:103F1000616C08434FF0B041C968334A114008430F
:103F20004FF0B041C86000BF0846006840F08070A4
:103F3000086000BF0846C06840F08050C860FEF7C7
:103F40006DFE054607E04AE0FEF768FE401B0A28C2
:103F500001D903202FE501F02CFE0028F4D03EE02B
:103F600001F012FE4FF0B040C06820F003004FF0A7
:103F7000B041C8600846C0681C4908404FF0B041D5
:103F8000C860FEF74BFE054606E0FEF747FE401B05
:103F90000A2801D903200EE501F00BFE0028F4D118
:103FA0001DE0E06A012800D105E54FF0B040C66889
:103FB00006F00301206B81420FD106F07001606BA7
:103FC00081420AD106F4FE41A06BB1EB002F04D16F
:103FD00006F06041606C814201D00120EBE40020DA
:103FE000E9E40000900000588C80C111FFFFFEEE54
:103FF000704700000346024A02EB810210687047D6
:1040000000B1004010B50346024800EB8100026099
:1040100010BD000000B10040014600BF91F82C0027
:10402000012801D102207047012081F82C0000BF37
:10403000022081F82D0000BFCA200E4A10605320D4
:10404000106000BF0B480C38006840F02000094A9F
:104050000C3A106000BFFF20064A106000BF01202C
:1040600081F82D0000BF002081F82C0000BF00BFA8
:10407000D9E700002428004070B505460CF036FA58
:104080000446601C0CF054FA70BD000010B50446E4
:104090000748006800F0400030B140200449083172
:1040A00008602046FFF7E8FF012084F82D0010BDCE
:1040B00054280040014600BF91F82C00012801D18E
:1040C00002207047012081F82C0000BF022081F8F7
:1040D0002D0000BFCA20114A10605320106000BF9D
:1040E0000E480C38006840F080000C4A0C3A106012
:1040F0000B48006840F48020094A106000BFFF2090
:10410000064A106000BF012081F82D0000BF00208A
:1041100081F82C0000BF00BFD3E700002428004036
:104120008008005810B504460DF06EFE10BD00006A
:1041300070B504460E480068216B00EA010505F0E1
:10414000010030B101200A49083108602046FFF71C
:10415000E9FF05F0020030B102200549083108608E
:104160002046FFF745FF012084F82D0070BD0000B8
:1041700054280040024600BF92F82C00012801D1CB
:1041800002207047012082F82C0000BF022082F834
:104190002D0000BFCA20244B18605320186000BFB8
:1041A000B1F5807F18D120480C38006820F4885081
:1041B0001D4B0C3B18601C482030006820F000406C
:1041C000194B20331860106B20F0010010630120A0
:1041D000154B3833186017E013480C38006820F48A
:1041E0000850114B0C3B18600F482830006820F035
:1041F00000400D4B28331860106B20F00200106354
:104200000220094B3833186000BFFF20064B1860AE
:1042100000BF012082F82D0000BF002082F82C0092
:1042200000BF00BFADE700002428004070B5044681
:104230000125002C5AD094F82D0028B9002084F8CC
:104240002C00204600F058F8022084F82D0000BF12
:10425000CA20274908605320086000BF204606F0A6
:10426000E3FF0546CDBB22480C38006821490840D1
:104270001F490C390860216960680843A169084337
:104280001B490C390968084319490C390860208911
:10429000E16841EA0040164914390860D4E909018F
:1042A000084313491839096821F4F85108431049A3
:1042B00018390860204606F0DFFF05466DB9D4E9DD
:1042C000071008436169084309490C39096821F05E
:1042D0006041084306490C39086000BFFF200449CB
:1042E000086000BF15B9012084F82D00284670BD74
:1042F00024280040BFFF8FFB10B590B00446382142
:1043000002A8FCF76FF81B492068884230D180135F
:10431000029000120F9002A8FFF74CF808B1FCF7CA
:1043200095FF00BF1448006840F400404FF0B041D2
:10433000C1F8900000BF4FF48060896D01434FF0D9
:10434000B04291651146896D0140019100BF00BFE7
:10435000002211460220FEF749FF0220FEF732FF3D
:10436000002211462A20FEF741FF2A20FEF72AFFED
:1043700010B010BD00280040900000582DE9F04317
:1043800005460C4617464FF0000800BF95F82C0074
:10439000012802D10220BDE8F083012085F82C001D
:1043A00000BF022085F82D006E48006800F44076BA
:1043B000B6F5807F57D07FBB6A480C30006800F0AC
:1043C000400000B102E00020E07000BF6069B0F181
:1043D000004F03D0206A00B900E000BF207806F04B
:1043E00015FF4FEA0049607806F010FF49EA0029FE
:1043F000A07806F00BFF49EA0009E07849EA805905
:1044000094F8240006F002FF49EA0060216A08439C
:10441000616940EA010826E0FFE76069B0F1803F8A
:104420000ED06069B0F5000F09D04E480C3000681E
:1044300000F0400000B102E00020E07000BF00BFCB
:1044400020780004617840EA0120A1780843E178EF
:1044500040EA815094F8241040EA0160216A084340
:10446000616940EA010800BFCA203E49183108606E
:104470005320086000BFA06AB0F5807F2ED1394874
:104480000C30006820F4885036490C310860012057
:10449000344950310860B6F5807F06D1D4E9060171
:1044A000084330493831086007E02E483430C0F8FE
:1044B00000802C493831A06908602A49643160685D
:1044C0000860286B40F00100286326480C30006823
:1044D00040F4885023490C3108602DE021480C300D
:1044E000006820F408501F490C31086002201D4963
:1044F00050310860B6F5807F06D1D4E90601084343
:1045000018494031086007E016483C30C0F8008088
:1045100014494031A0690860124968316068086038
:10452000286B40F0020028630E480C30006840F40D
:1045300008500C490C3108600B48006840F400300A
:104540000949086000BFFF2006491831086000BF14
:10455000012085F82D0000BF002085F82C0000BF49
:1045600000BF18E70C2800408008005870B50546C9
:104570000C48006820F020000A490860FEF74EFB56
:10458000044607E0FEF74AFB001BB0F57A7F01D92D
:10459000032070BD0348006800F020000028F1D01F
:1045A0000020F6E70C2800404FF0E020006940F0C2
:1045B00002004FF0E02108617047000070B5054629
:1045C0000C4614B1012C0BD104E080200649096887
:1045D000884706E04FF4807003490968884700E087
:1045E00000BF00BF70BD0000B401002010B504463C
:1045F000402002490968884710BD0000B40100202E
:104600002DE9F04704468A4616461F46B046A07973
:10461000012837D100BF6079012802D10220BDE80E
:10462000F0870120607100BF204609F043FE01F0D1
:10463000F9F95146204609F0FBFD0021204609F01A
:10464000F7FD4FF0000909E04146204609F0ACFDB6
:1046500008F1010809F101001FFA80F9B945F3DBFF
:1046600001F0F4F9204609F04BFEA06808B10125DD
:1046700000E000250120A07100BF0020607100BF94
:104680002846CCE70220CAE72DE9F04704460D464C
:1046900090469946A07901283AD100BF6079012857
:1046A00002D10220BDE8F0870120607100BF2046E2
:1046B00009F000FE842D01D0942D02D1012020713B
:1046C00001E00020207101F0ADF92946204609F0F3
:1046D000AFFD002706E018F80710204609F0A8FDF6
:1046E000781C87B24F45F6DB01F0B0F9842D02D07B
:1046F000204609F005FEA06808B1012600E000266A
:104700000120A07100BF0020607100BF3046C9E7E2
:104710000220C7E710B504462020024909688847EF
:1047200010BD0000B401002010B50446102002495D
:104730000968884710BD0000B401002038B505465F
:104740000020009002236A4612212846FFF758FFF6
:104750009DF800409DF8010040EA042404F00100A7
:1047600010B1284600F070F9C4F3400010B128469B
:1047700000F04CF9C4F3800010B1284600F0A8F80E
:10478000C4F3C00010B1284600F054F9C4F300107F
:1047900010B12846FFF7C8FFC4F3401010B12846F7
:1047A000FFF7B8FFC4F3801010B12846FFF71EFFD3
:1047B000C4F3C01058B1C4F3002020B10121284631
:1047C000FFF7FCFE03E000212846FFF7F7FEC4F3E5
:1047D000402010B1284600F023F902236A4619460A
:1047E0002846FFF751FF38BD38B5044614B90125F6
:1047F000284638BD0025A07920B9002060712046E8
:1048000000F04CF80220A07100BF2048006820F49E
:1048100000404FF0B041C1F8940000BF1C48006850
:10482000C0EBC000C0F34C40642110FB01F00090CD
:1048300000BF009818B901250120A06006E000988B
:10484000401E009001F054F90028F2D100BF01F0A1
:10485000FDF84FF480500F49096801430D4A11607B
:1048600000BF401001F0E8F800BF4FF400600A49B3
:10487000086000BF35B9206809F082FC0120207172
:104880000020A0600120A0712846B2E794000058E3
:10489000BC000020900800581804005838B50446A1
:1048A00001204FF0B041496E01434FF0B0425166D4
:1048B0001146496E0140009100BF00BF0022114621
:1048C0003220FEF793FC3220FEF77CFC38BD00005E
:1048D00010B50446042002490968884710BD00004D
:1048E000B40100202DE9F04704468A4616461F46CB
:1048F000B046A07901283BD100BF6079012802D1E0
:104900000220BDE8F0870120607100BF204609F059
:10491000D1FC01F087F81E21204609F089FC5146A0
:10492000204609F085FC0021204609F081FC4FF06B
:10493000000909E04146204609F036FC08F101086B
:1049400009F101001FFA80F9B945F3DB01F07EF8A7
:10495000204609F0D5FCA06808B1012500E000253B
:104960000120A07100BF0020607100BF2846C8E789
:104970000220C6E72DE9F04704460D461746984643
:10498000B946A07901283FD100BF6079012802D142
:104990000220BDE8F0870120607100BF204609F0C9
:1049A00089FC01F03FF81D21204609F041FC290A4D
:1049B000204609F03DFCE9B2204609F039FC00210F
:1049C000204609F035FC4FF0000A09E04946204630
:1049D00009F0EAFB09F101090AF101001FFA80FA66
:1049E000C245F3DB01F032F8204609F089FCA068EB
:1049F00008B1012600E000260120A07100BF0020C0
:104A0000607100BF3046C4E70220C2E710B504461B
:104A1000022002490968884710BD0000B401002047
:104A200010B504464FF4007001490968884710BD6D
:104A3000B401002010B504460820024909688847DF
:104A400010BD0000B401002010B504460120024949
:104A50000968884710BD0000B40100202DE9F04727
:104A60000446894617469846A079012832D100BFEE
:104A70006079012802D10220BDE8F0870120607131
:104A800000BF204609F016FC00F0CCFF0E212046A6
:104A900009F0CEFB4946204609F0CAFB002605E096
:104AA000B95D204609F0C4FB701C86B24645F7DBB1
:104AB00000F0CCFF204609F023FCA06808B10125D6
:104AC00000E000250120A07100BF0020607100BF40
:104AD0002846D1E70220CFE72DE9F04704460D46EE
:104AE00090469946A079012839D100BF6079012804
:104AF00002D10220BDE8F0870120607100BF0220D2
:104B0000A071204609F0D6FB00F08CFF0D21204655
:104B100009F08EFB290A204609F08AFBE9B22046FB
:104B200009F086FB002706E018F80710204609F078
:104B30007FFB781C87B24F45F6DB00F087FF2046ED
:104B400009F0DEFBA06808B1012600E00026012084
:104B5000A07100BF0020607100BF3046CAE702208C
:104B6000C8E74FF0E020006920F002004FF0E0219C
:104B70000861704770B5044600BF94F880000128B2
:104B800001D1022070BD012084F8800000BF2420E4
:104B9000C4F88400206805682068006820F00100DF
:104BA0002168086045F000554FF0005060662068AD
:104BB000056020460BF078FF2020C4F8840000BF79
:104BC000002084F8800000BF00BFDBE7014600BF83
:104BD00091F88000012801D102207047012081F85E
:104BE000800000BF00BF00BF0A6852E8002F42F0FB
:104BF00002000B6843E80002002AF5D100BF00BFA5
:104C0000002081F8800000BF00BFE6E770477047D2
:104C100070B504460D4600BF94F88000012801D10C
:104C2000022070BD012084F8800000BF2420C4F859
:104C30008400206806682068006820F00100216870
:104C400008602068806820F06060284321688860E0
:104C500020460BF029FF206806602020C4F884005D
:104C600000BF002084F8800000BF00BFD9E770B506
:104C700004460D4600BF94F88000012801D10220AF
:104C800070BD012084F8800000BF2420C4F8840097
:104C9000206806682068006820F00100216808602C
:104CA0002068806820F060402843216888602046A2
:104CB0000BF0FAFE206806602020C4F8840000BFD4
:104CC000002084F8800000BF00BFD9E777B581B02D
:104CD0000446002500BF94F88000012802D102207C
:104CE00004B070BD012084F8800000BF2420C4F807
:104CF00084002068006820F00100216808602068B6
:104D0000806820F440100299084321688860029866
:104D100020B92046DDE902120BF0F2FE206800689F
:104D200040F0010021680860FDF778FF06466FF04B
:104D30007E40334600224FF48001009020460CF064
:104D40006BFD08B1032502E02020C4F8840000BFF9
:104D5000002084F8800000BF2846C1E770477047F4
:104D6000704700002DE9F04704462068C5692068B7
:104D700006682068876840F60F0005EA0009B9F167
:104D8000000F0FD105F0200060B106F0200010B92F
:104D900007F0805030B1206F10B12046216F884756
:104DA000BDE8F087B9F1000F7ED0CF48384018B980
:104DB000CE4830400028F7D005F0010058B106F485
:104DC000807040B1012021680862D4F88C0040F066
:104DD0000100C4F88C0005F0020058B107F0010092
:104DE00040B1022021680862D4F88C0040F0040031
:104DF000C4F88C0005F0040058B107F0010040B180
:104E0000042021680862D4F88C0040F00200C4F845
:104E10008C0005F0080070B106F0200010B9B2480F
:104E2000384040B1082021680862D4F88C0040F076
:104E30000800C4F88C0005F4006060B106F08060E2
:104E400048B14FF4006021680862D4F88C0040F04B
:104E50002000C4F88C00D4F88C0000284ED005F057
:104E6000200050B106F0200010B907F0805020B1AA
:104E7000206F10B12046216F8847D4F88CA020689D
:104E8000806800F04000402802D00AF0280070B38B
:104E900020460BF06DFF2068806800F0400040283D
:104EA00021D100BF00BF00E029E02168083151E8AE
:104EB000001F21F040002168083141E80002002A6B
:104EC000F1D100BFE06F50B18948E16F8863E06FB6
:104ED000FDF769FA90B1E06F816B88470EE02046DC
:104EE000FFF73EFF0AE02046FFF73AFF06E0FFE744
:104EF0002046FFF735FF0020C4F88C0050E7E06E35
:104F0000012870D105F0100000286CD006F01000C8
:104F10000028FAD01020216808622068806800F01C
:104F20004000402860D1E06F006840681FFA80F8B8
:104F3000B8F1000F56D0B4F85C00404552DDA4F83B
:104F40005E80E06F0068006800F02000F0BB00BFEA
:104F500000BF216851E8001F21F48070226842E8F8
:104F600000010029F5D100BF00BF00BF2168083152
:104F700051E8001F21F001002168083141E80002DA
:104F8000002AF3D100BF00BF00BF2168083151E8FB
:104F9000001F21F040002168083141E80002002A8A
:104FA000F3D100BF2020C4F888000020E06600BFD5
:104FB00000BF216851E8001F21F01000226842E87C
:104FC00000010029F5D100BFE06F00E001E0FDF72E
:104FD000A7F9B4F85C00B4F85E20801A81B22046CC
:104FE000FFF714FEDCE641E034F85C0F6188401AFC
:104FF0001FFA80F860885C3CB8B3B8F1000F34D079
:1050000000BF00BF216851E8001F21F490702268A2
:1050100042E800010029F5D100BF00BF00BF2168B0
:10502000083151E8001F304AD24301EA02002168EA
:10503000083141E80002002AF1D100BF2020C4F865
:1050400088000020E066206700BF00BF216851E8AB
:10505000001F21F01000226842E800010029F5D16C
:1050600000BF41462046FFF7D1FD99E605F48010C8
:1050700050B107F4800038B14FF480102168086205
:105080002046FFF76CFE8BE605F0800058B106F075
:10509000800010B907F4000028B1606F10B12046FD
:1050A000616F88477CE605F0400030B106F04000B3
:1050B00018B120460BF092FE72E605F4000030B104
:1050C00006F0804018B12046FFF748FE68E605F07C
:1050D000807030B106F0004018B12046FFF797FD10
:1050E0005EE600BF5CE60000010000102001000445
:1050F000950C010810B504460CB9012010BDA0693B
:1051000000B100E000BFD4F8840028B9002084F882
:105110008000204600F04AF82420C4F8840020686B
:10512000006820F001002168086020460CF028F992
:10513000012800D1E2E7A06A10B120460BF0F3FC91
:105140002068406820F490402168486020688068AA
:1051500020F02A00216888602068006840F0010083
:105160002168086020460BF05AFDC7E710B50446D9
:105170000C492068884213D14FF480404FF0B04171
:10518000096E81434FF0B042116600BFC02106484E
:10519000FDF7FCFBA06FFDF749F92420FDF7F0FFB8
:1051A00010BD0000003801400004004810B594B064
:1051B000044614210FA8FBF715F9382101A8FBF7C5
:1051C00011F92D492068884254D1012001904FF4F3
:1051D0004030029001A8FEF7EDF808B1FCF736F870
:1051E0004FF480404FF0B041096E01434FF0B042A0
:1051F00011661146096E0140009100BF00BF0220F8
:105200001146C96C0143D1641146C96C014000913B
:1052100000BF00BFC0200F9002201090002011900E
:105220001290072013900FA91448FDF731FC144881
:105230001449086012204860102112488160002142
:10524000C16080210161002141618161C161016210
:10525000FDF7DCF908B1FBF7F9FF00BF0948A067CB
:10526000846200BF002202212420FDF7BFFF24201A
:10527000FDF7A8FF14B010BD00380140000400483D
:10528000580002407803002070B504460D461646CB
:10529000D4F8880020282CD105B10EB9012070BDAA
:1052A00000BF94F88000012801D10220F7E7012017
:1052B00084F8800000BF0020E0660F492068884223
:1052C00011D02068406800F4000060B100BF00BF4A
:1052D000216851E8001F41F08060226842E8000127
:1052E0000029F5D100BF3246294620460CF0DCF9F2
:1052F000D5E70220D3E700000080004010B5044647
:105300000A492068884210D10948006840B1D4F8A1
:105310008C0028B9002201210648054B1B689847DC
:10532000012204492046FFF7AFFF10BD00380140BD
:10533000140000200C00002070B504460E461546EF
:10534000D4F88400202854D106B10DB9012070BDD5
:1053500000BF94F88000012801D10220F7E7012066
:1053600084F8800000BF44F8506FA580E5800020DD
:10537000E06321206063A06A503C08B31E48A16F1F
:10538000C8621E48A16F08631D48A16F48630020D2
:10539000A16F8863236803F128022B46216DA06F5B
:1053A000FDF7A4F960B11020C4F88C0000BF002004
:1053B00084F8800000BF2020C4F884000120C6E7E4
:1053C00040202168086200BF002084F8800000BFF0
:1053D00000BF00BF2168083151E8001F41F0800084
:1053E0002168083141E80002002AF3D100BF002003
:1053F000ADE70220ABE700000B0D0108610D0108CD
:10540000AD0C010810B5044604492068884203D158
:10541000002003490968884710BD0000003801409A
:10542000100000207047000070B505460C460026AD
:10543000374890F80401022802D03649C86A8047EC
:1054400001F00CFB30B1022001F021FB002001F043
:10545000FEFA01262E4890F80401012813D101F02C
:1054600003FB30B1002001F015FB002001F009FB27
:10547000012601F0F7FA30B1002001F009FB00200D
:1054800001F0FAFA01262EBB234890F8840410BBE1
:10549000214890F81404012802D11F4880F839549B
:1054A000284601F0F5FC1A49C86A0CF09BFC1A4921
:1054B000D1F8B413884227D300BF18480CF07AFD06
:1054C00000BF154890F8850420F0200020301249D4
:1054D00081F8850418E0104890F81404012802D1DE
:1054E0000D4880F83944204601F0D2FC084890F875
:1054F0000401022808D0084890F8850420F0200014
:105500002030054981F885040CF0C6FD70BD00000F
:10551000B40A0020F4460108A80500204009002034
:1055200000BFFEE701688969C1F3400111B10021A4
:10553000026891620168896901F0010129B9016875
:10554000896941F001010268916170472DE9F74FC7
:1055500004460E4600272068D0F818800025DDF8A4
:10556000089008F01000102850D12168C8613FE071
:10557000701C00283CD0FDF751FBA0EB0900B042A5
:1055800000D8AEBB2068406800F4804A94F842B06E
:1055900020688069C0F3C03070B1BAF5804F0BD07D
:1055A000BBF1200F08D02068406840F4804021689B
:1055B0004860FDF733FB814614E0FDF72FFBA0EBBD
:1055C000090019280ED9606C40F02000606420208A
:1055D00084F84100002084F8420000BF84F84000B5
:1055E00000BF012720688069C0F340100028E4D084
:1055F00020688069C0F3401008B9002FB8D017B9EF
:1056000020202168C86145F0040501272068D0F8F2
:10561000188008F48070B0F5807F06D145F0010550
:105620004FF480702168C861012708F48060B0F5EC
:10563000806F06D145F008054FF480602168C8618D
:10564000012708F40070B0F5007F06D145F002058F
:105650004FF400702168C8610127AFB12046FFF701
:1056600061FF206840680A49084021684860606C12
:1056700028436064202084F84100002084F8420020
:1056800000BF84F8400000BF3846BDE8FE8F000030
:1056900000E800FEF0B5059CC1F309064FF47F0752
:1056A00007EA02473E431E43264326F000450668AC
:1056B00076684FF4806707EA545767F0FC2747F491
:1056C000C047BE432E4307687E60F0BD2DE9F04120
:1056D00004460E4617461D46DDF8188019E0681C82
:1056E000B8B1FDF79BFAA0EB0800A84200D885B935
:1056F000606C40F020006064202084F841000020AD
:1057000084F8420000BF84F8400000BF0120BDE8DB
:10571000F081206880693040B04201D1012000E072
:105720000020B842DBD00020F1E7000070B504464D
:105730000D4616464BE0324629462046FFF706FF47
:1057400008B1012070BD20688069C0F3401050B3DB
:1057500020688069C0F3800018B1208D08B1002056
:10576000F0E720688069C0F3001028B1102021689C
:10577000C8610420606401E000206064202021688A
:10578000C8612068406816490840216848602020A8
:1057900084F84100002084F8420000BF84F84000F3
:1057A00000BF0120CEE7FDF739FA801BA84200D8E0
:1057B0006DB9606C40F020006064202084F84100E6
:1057C00000BF002084F8400000BF0120BAE7206835
:1057D0008069C0F380000028ADD00020B2E700004F
:1057E00000E800FE70B504460D4616461DE0324640
:1057F00029462046FFF7AAFE08B1012070BDFDF73B
:105800000DFA801BA84200D87DB9606C40F02000E2
:105810006064202084F84100002084F8420000BF2A
:1058200084F8400000BF0120E8E720688069C0F3E9
:1058300040100028DBD00020E0E770B504460D469C
:1058400016461FE0324629462046FFF77FFE08B184
:10585000012070BD681CA8B1FDF7E0F9801BA842CB
:1058600000D87DB9606C40F020006064202084F88E
:105870004100002084F8420000BF84F8400000BFCF
:105880000120E6E720688069C0F340000028D9D0F5
:105890000020DEE70349884202D1A1F1100000E0B8
:1058A000001D7047441A0020014609B901207047C5
:1058B0000020FCE70146052901DB0120704700209C
:1058C000FCE70000074890F88504C0F3800028B981
:1058D000044890F8850400F0010008B101207047E9
:1058E0000020FCE7A805002002461346002105E041
:1058F000585C08B100207047481C81B21029F7D3CA
:105900000120F8E70146052906D0082905D0092914
:1059100004D00A2904D100BF00BF00BF0120704796
:105920000020FCE78168024A1140891C81607047B1
:10593000E8FFFF7F8168024A1140491C816070477F
:10594000E8FFFF7F01468868C0F3400070470146CA
:10595000886800F0010070470146886800F0010087
:10596000704701468868C0F3007070470146886838
:10597000C0F3800070470146C86800F4406008B971
:10598000012070470020FCE78168024A1140091D90
:1059900081607047E8FFFF7F026822F0E0720A43EF
:1059A0000260704730B5436901F004050724AC403C
:1059B000A34301F0040402FA04F42343436130BD1D
:1059C00008B54FF0B041896C01434FF0B04291648B
:1059D0001146896C0140009100BF08BD08B54FF029
:1059E000B041C96C01434FF0B042D1641146C96C5B
:1059F0000140009100BF08BD08B54FF0B041C96C2F
:105A000001434FF0B042D1641146C96C014000918E
:105A100000BF08BD02480068C0F3002070470000C6
:105A2000000400580348006820F400400149086061
:105A300070470000900400580349096821F4006190
:105A40000143014A11607047080400580348006888
:105A500040F400400149086070470000900400587D
:105A6000024800680007000E704700000801005857
:105A70004FF0B040806800F00C00704701460348CA
:105A80000068084040EA0140704700008800005864
:105A90004FF0B040006820F400104FF0B0410860B3
:105AA00070474FF0B040006840F480304FF0B04194
:105AB000086070474FF0B0400068C0F30050704776
:105AC0004FF0B0400068C0F3404070474FF0B04026
:105AD0000068C0F3802070474FF0B041496821F062
:105AE000FE4141EA00614FF0B04251607047000052
:105AF00002480068C0F380307047000094000058EE
:105B000002480068C0F34000704700009000005851
:105B100002480068C0F34000704700009000005841
:105B20000448006820F001004FF0B041C1F8940033
:105B3000704700009400005802480068C0F340001D
:105B400070470000940000584FF0B040006840F0EB
:105B500001004FF0B041086070474FF0B04000685E
:105B6000C0F3C00070474FF0B0400068C0F3400081
:105B700070474FF0B041496821F47F4141EA00216C
:105B80004FF0B042516070474FF0B040006820F0D5
:105B900080704FF0B041086070474FF0B040C0686F
:105BA00000F0030070474FF0B040C068C0F306201B
:105BB00070474FF0B0400068C0F34060704700008D
:105BC000084909684FF47F2202EA101291434FF40A
:105BD0007F2202EA001211434FF0B042C2F888104F
:105BE000704700008800005805490968020C12043B
:105BF000914341EA00414FF0B042C2F8881070472B
:105C0000880000580549096821EA104182B2114311
:105C10004FF0B042C2F8881070470000880000586A
:105C2000024602B109B900207047106800B911603E
:105C3000506808B150680160002008605160012080
:105C4000F2E703460A4603B10AB900207047196813
:105C50008A4206D000E0096821B108689042FAD172
:105C600000E000210846F1E7014609B9002070472D
:105C70000020086048600120F9E770B505460C4631
:105C800005B10CB9002070BD21462846FFF7D9FFA9
:105C900006462868A04201D1206828606868A042B2
:105CA00000D16E600EB120683060002020600120BD
:105CB000E9E7000030B591B00446142221467E4841
:105CC0000BF04EFF03F098F805467B480178012061
:105CD00088406968084048B900BF784B012200211C
:105CE00008460BF021FE00BF00BFFEE772480278B5
:105CF0007349744801F076FD18B14FF0FF3011B0D0
:105D000030BD26208DF8200008A802F055F918B9FA
:105D100001206D49087023E027208DF820006B4892
:105D20000068006948B108A802F054F8674909986A
:105D300009680A6940F23471904726208DF82000E6
:105D400008A802F039F958B901208DF8200008A8F8
:105D500002F040F89DF8240010B101205A49087063
:105D600059480078012825D158480068C06920B1F9
:105D700056480068C1690020884706208DF8200039
:105D800008A802F027F852490998486126208DF8A2
:105D9000200008A802F01EF8099890F84000464933
:105DA0000870099890F804014870099890F8060165
:105DB000887016E005208DF820000020099008A8C2
:105DC00002F0FAF841490968C868804740494861CB
:105DD00006208DF8200008464069099008A802F0C6
:105DE000EBF802208DF8200008A801F0F3FF08224C
:105DF000374809990CF0E0FC03208DF8200008A832
:105E000001F0E8FF08223248083009990CF0D4FC70
:105E100009F0DAFA00BF2E48007D2D49497D2C4A51
:105E2000927D2B4BDB7DCDE90032CDE9021029A319
:105E30000022114602200BF077FD00BF0F208DF8E5
:105E4000200001208DF8240008A802F0B5F81020E9
:105E50008DF8200000208DF8240008A802F0ACF88E
:105E600004208DF82000144880788DF8240008A8BC
:105E700002F0A2F837208DF820000F480069099041
:105E800008A802F099F80F208DF818000A49087840
:105E900006A907F0FEFE0590059808B1012000E074
:105EA000002005498871142000F058FB02498879C8
:105EB00002F056FE002022E7601A00201C4901086B
:105EC000841A0020741A0020A0010020580100202C
:105ED00034010020232323232323204465764164B7
:105EE00064723A2020202020253032583A25303262
:105EF000583A253032583A253032580D0A00000001
:105F000010B586B00A208DF8040001A802F07CFAD2
:105F1000044605490598086014B9002006B010BD74
:105F20004FF0FF30FAE700009401002010B58AB06E
:105F300004461CB94FF0FF300AB010BD00208DF8A8
:105F4000040001A801F046FF10B14FF0FF30F3E765
:105F50009DF8080020700020EEE70000014800686E
:105F6000704700009401002010B58AB004461CB9A7
:105F70004FF0FF300AB010BD1F208DF8040001A8BB
:105F800001F028FF10B14FF0FF30F3E79DF8080053
:105F900020702078014908710020EBE7601A00208A
:105FA000024611B94FF0FF30704712B1012A06D1F5
:105FB00002E00548086003E00448086000E000BF14
:105FC00000BF0020F0E70000000300010300010112
:105FD00010B501F007FA08B9002010BD6FF00100FC
:105FE000FBE7000070B504460D46144804601448F1
:105FF0001449086014484860144888601448C86010
:106000000E4800680068134908600C480068406842
:1060100048600A480068806888600F48C860074880
:106020000068806908610D49002000F0E3F810B1B4
:106030004FF0FF3070BD0020FCE700005801002049
:106040007D900008741A0020BD900008659100083A
:1060500039920008841A0020C59200084C010020E3
:1060600030B58FB005460C4601208DF828002A482F
:1060700001790AA84171022D0CD102208DF82C0063
:10608000264988710846C47102F04CFD0AA802F046
:10609000BBF93EE001208DF82C00204988711E4894
:1060A00000790871002048710846C4711C480078C6
:1060B000D8B91E208DF80400174800798DF8080023
:1060C00001A801F079FF1F208DF804001248007923
:1060D0008DF8080001A801F06FFF28208DF804005A
:1060E0001048029001A801F067FF02F01BFD01209B
:1060F0008DF804008DF8080001A801F05DFF0A4842
:106100000068416A054888470349487800F030F93B
:1061100000BF0FB030BD0000601A00205C010020FD
:10612000A0010020000300015801002010B58AB032
:1061300001208DF8040001A801F04CFE04463CB992
:106140009DF8080010B900200AB010BD0120FBE73F
:106150000020F9E7F0B589B000240027FFF738FFE9
:10616000044624BB03F0AFF80746B81C10B96FF023
:10617000070417E01FB914480068406910B94FF0D0
:10618000FF340FE026208DF80000684601F022FE63
:10619000019D4FF4E7660C48006831464269284685
:1061A000904700BF03F092F808B14FF0FF3444B9B4
:1061B00005480068C06920B103480068C169012032
:1061C0008847204609B0F0BD5801002010B50446AC
:1061D000052C0ADA064850F82400806828B10449E2
:1061E00051F824108868804710BD0020FCE70000AB
:1061F0004C1A002070B504460D4600261CB900F06C
:1062000071FB064600E000BF00BF1EB3134840F814
:1062100024601348114951F82410886211480F492D
:1062200051F82410C86210480C4951F82410086332
:106230000E4800688069094951F8241048610C48EB
:1062400042784168054850F824004368284698473A
:10625000002070BD4FF0FF30FBE700004C1A00201B
:106260006160000825640008015F000858010020F3
:106270009801002070B506460D4600244DE02848E0
:1062800050F82400002846D036B1012E10D0022E3E
:1062900027D0032E3DD130E0214850F824008069FA
:1062A00028B11F4850F8240081692846884731E00A
:1062B0001B4850F82400C06990B1194850F82400D8
:1062C0000078E978884205D054B915490968C8684A
:1062D000804728B1124850F82400C16928468847F1
:1062E00018E00F4850F82400006A28B10C4850F814
:1062F0002400016A284688470CE0094850F8240029
:10630000406A28B1064850F82400416A2846884768
:1063100000E000BF00BF601C44B2052CAFDB70BDC5
:106320004C1A002010B5002413E00B4850F824004C
:1063300068B1094850F82400006940B1E0B2FFF7A5
:1063400045FF20B1044951F8241008698047601CBA
:1063500044B2052CE9DB10BD4C1A002001464FF079
:10636000FF30704710B502F035FAFFF7DBFF10BDC4
:1063700070B58AB00446002601F04CFC10B1B01E86
:106380000AB070BDFFF7D2FE012802D06FF0020004
:10639000F6E700208DF8040001A801F01BFD10B104
:1063A0004FF0FF30ECE79DF80850A54235D024B1FE
:1063B000012C16D0022C2ED116E08DB18DF808409C
:1063C00001A801F0F9FD48B915480068006B38B123
:1063D00013480068016B2046884701E04FF0FF3604
:1063E0001AE04FF0FF3617E015B14FF0FF3611E01D
:1063F0008DF8084001A801F0DFFD48B908480068A1
:10640000006B38B106480068016B2046884701E000
:106410004FF0FF3600E000BF00BF3046B0E700009D
:10642000580100202DE9F04186B004460E4617467B
:106430004FF0FF3801F0EEFB20B16FF0010006B025
:10644000BDE8F081FFF772FE012807D03E4AD179FE
:106450009079FFF705FE6FF00200F0E73B4909680D
:10646000C868804701280AD1207838490968097826
:10647000884204D0207810B16FF00300DFE7344881
:1064800006720EB1012000E000208DF804003148B2
:1064900001798DF812106078694602F0E7F948B189
:1064A00000208DF8040000210391ADF810106FF06A
:1064B000060807E020788DF808006178ADF8101024
:1064C000616803912248D4E90012C0E9041221480E
:1064D00000791F498872394601A801F0ABFB0546D7
:1064E0001D4905980860142D20D2DFE805F00A1038
:1064F00020211F1F1F1627241F1C262512131119C8
:10650000232208F1070008B14FF0000819E000BF8E
:1065100000BF00BF6FF0010813E06FF0020810E049
:106520006FF004080DE06FF005080AE000BF00BF3F
:1065300000BF00BF00BF00BF00BF00BF4FF0FF386B
:1065400000BF00BF40467AE75C0100204C1A0020E3
:1065500064010020601A00209401002010B58AB068
:10656000044622208DF80400029401A801F024FDC5
:1065700018B14FF0FF300AB010BD0020FBE710B596
:1065800000F000FF08B9002010BD6FF00100FBE72C
:1065900010B548B141B1074B1860074B99605A716B
:1065A0000123054C237004E00023024C2360024CBD
:1065B000237010BDC0000020940500200148007821
:1065C00070470000940500200348007808B90020B7
:1065D000704701484078FBE7940500200949097895
:1065E00001B9704707494978012909D10178012982
:1065F00006D1017921B103498989491C014A918158
:1066000000BFEEE79405002010B58AB00446A54807
:10661000007808B90AB010BD607B00B9FAE7A1485C
:106620004078012806D1A07B20B99E488089401C73
:106630009C498881E078E02800D0EBE799484078D1
:10664000002849D1207B042845D1A0680078012882
:10665000FAD1A06840780128F6D1A0688078012896
:10666000F2D1A068C0780128EED100208D49C87011
:10667000E020087102208871002088818873C87327
:10668000087401204870887004208DF804000120EF
:106690008DF8080001A801F08FFC002002F060FADC
:1066A00081480068406818B17F4909684868804798
:1066B00000BF00207D4B0246411E00907C480BF03D
:1066C00065FB00BF00BF41F2883179480BF006FC42
:1066D00000BF00F00DF9E3E0A06800787149887010
:1066E000084680780B287DD2DFE800F006282C31A0
:1066F00037555C85BBC2CD0000BF6D480BF05AFC1E
:1067000000BF002067498881487004208DF804008C
:106710006548006800788DF8080001A801F04CFC7D
:1067200061490968487802F01BFA5F480068806890
:1067300018B15D49096888688047B0E0022059496E
:106740008871ACE001205749C8708870A7E000202C
:106750005449C87001208870A1E0207B514988719C
:10676000042089680870012007E0A168095C491CC1
:106770004C4A92681154411CC8B24A498979494A25
:106780005279914202DA4749897901E045494979CC
:106790008142EADC83E004208DF8140005A801F0B2
:1067A00033FE7CE000BF42480BF004FC00BF002039
:1067B0003C498881487004208DF804003A480068FC
:1067C00000788DF8080001A801F0F6FB3649096849
:1067D000487802F0C5F934480068806828B1324929
:1067E000096800E05AE08868804732480121826ADF
:1067F0000220904753E0207B03280BD105208DF821
:106800001400A0688078A168497840EA0120ADF8BA
:1068100018001FE0207B07281CD106208DF81400EB
:10682000A0688078A168497840EA0120ADF8180096
:10683000A068C0780004A168097940EA0120A16835
:1068400049790843642148430790A068807941B2A0
:1068500005A8017305A801F0D7FD01201149887032
:106860001DE00A208DF8140005A801F0CDFD16E00A
:1068700000208DF80400A06840788DF8080001A879
:1068800001F09AFB0BE00D208DF81400A068407811
:106890008DF8180005A801F0B7FD00E000BF00BFAB
:1068A00000BFB7E694050020C00000203D9400081A
:1068B0007C050020C40000200949097801B970470F
:1068C0000749497801B9FAE70178042906D101217D
:1068D000034A9173017AD173417A117400BFEEE7D4
:1068E0009405002000487047C40000207047000055
:1068F0001CB52B48007810B94FF0FF301CBD28485C
:10690000407808B90020F9E72548807B012815D197
:106910000020234988730320887105208968087046
:106920001F48C07B1E49896848701D48007C1C496F
:106930008968887001201A49887018E018488078A2
:10694000012805D0042811D10120154988700DE0D7
:1069500002201349887108468089001289680870EE
:106960000F48007B0E498968487000BF00BF0D4981
:1069700003C9CDE900010A4880798DF80100084873
:106980008068019000BF08480BF0C4FA00BF0448BB
:10699000C17806480122C36A68469847AEE70000FE
:1069A00094050020C84201087C050020C400002096
:1069B0002DE9F04104460D4616461F46A07838B929
:1069C0003B46324629462046FAF72AF9BDE8F081CF
:1069D0000020FBE710B50C2000F008FAA8B10C4825
:1069E00090F8850400F0010078B9094890F8850412
:1069F000C0F3800048B10648D0F8400320F0020000
:106A00000349C1F84003012010BD0020FCE700004D
:106A1000A80500200B4890F8400300F08000802873
:106A20000ED10848D0F8400320F080000549C1F895
:106A300040030846D0F8400320F00200C1F84003AC
:106A400070470000A80500200146002070477047ED
:106A500070477047704770470020704700207047AC
:106A6000002070470020704700207047014600203A
:106A70007047014602207047704702460020704769
:106A80007047704770477047024600207047704754
:106A900070477047704770470146022070470000FA
:106AA0002DE9F04106460F46154617B90120BDE80D
:106AB000F08102F0CDFA04460CB90220F7E7214636
:106AC0000D48FFF7ADF808B90520F0E72671A5607D
:106AD000AAB23946601D0BF06FFE3046FEF712FF7A
:106AE00020730548D0F8F810681C08440249C1F822
:106AF000F8000020DBE700002C19002001460020F0
:106B00008A1E122A26D2DFE802F0090B0D0F11139C
:106B100015171925251B25251D1F212303201AE0E4
:106B2000052018E0022016E0052014E0012012E004
:106B3000062010E002200EE002200CE005200AE012
:106B4000062008E0012006E0052004E0042002E021
:106B5000042000E000BF00BF70470000014609B9F3
:106B6000012070470248D0F8F80008600020F8E7DC
:106B70002C19002010B5FC22002104480BF036FE31
:106B80000248FFF771F8002010BD00002C1900200A
:106B900010B504460CB9012010BD21460B48FFF783
:106BA0006CF808B90320F7E70848D0F8F810A06897
:106BB000401C081A0549C1F8F8002046FAF75EFDA6
:106BC00008B90520E8E70020E6E700002C190020BE
:106BD00070B50848046808E0207B28B9256820467D
:106BE000FFF7D6FF2C4600E02468002CF4D10020EB
:106BF00070BD00002C19002070B50848046808E03A
:106C000025682079FEF77EFE10B12046FFF7C0FF11
:106C10002C46002CF4D1002070BD00002C1900205F
:106C20002DE9F04780460F461546184804680026AF
:106C300005B117B90120BDE8F08716E0A8EB060101
:106C4000A068401C81420ED322793046711CCEB21E
:106C50002A5421898AB2A819611D0BF0ADFD207A52
:106C60003044C6B200E002E02468002CE6D100BF48
:106C700005E0D4F800902046FFF78AFF4C46002C30
:106C8000F7D13846FFF76AFF0020D4E72C1900201F
:106C900002460AB9012070470748016800201070B9
:106CA00006E0087B012802D110700020F3E7096894
:106CB0000029F6D10020EEE72C19002010B504467B
:106CC000134991F82000FEF7F5FD08B1002010BD32
:106CD00020780F498968087060780D498968487084
:106CE000E0780B498968C870002009498968887074
:106CF000074890F82000401CC1B2054880F82010D9
:106D000001468868FEF7C6FD014988600120DEE77C
:106D1000281A0020014890F820007047281A002007
:106D200070B505460024094991F82000FEF7BCFD26
:106D300048B90648826841682846FAF7FFFC0446CD
:106D40000CB1607870BD0120FCE70000281A00201B
:106D5000F8B50446194890F820700025002629E06F
:106D60001648406800782070144840684078607089
:106D7000124840688578012D05D110480068816867
:106D8000204688470EE00D48406800788DF80000E6
:106D90000A48406840788DF8010008484068C0788B
:106DA0008DF8030000F040F815B96846FFF786FF3C
:106DB000701CC6B2BE42D3DBF8BD0000281A00200A
:106DC00010B5044608480460002180F820100C30FB
:106DD0000549486088601422FF210BF007FD01215E
:106DE000014880F8211010BD281A002010B5044673
:106DF0000548826841682046FAF7A0FC08B10120E6
:106E000010BD0020FCE70000281A002010B505493D
:106E100091F82000FEF74EFD08B1012010BD0020C2
:106E2000FCE70000281A002010B50C4991F820005A
:106E3000FEF73AFD08B1002010BD084890F8200088
:106E4000401EC1B2054880F8201001464868FEF790
:106E500021FD024948600120EEE70000281A0020C9
:106E600070B505460E460024084991F82000FEF74B
:106E70001BFD50B90548826841683046FAF75EFC50
:106E8000044614B165700120A07070BD281A00205E
:106E900070B505460C48446880F82150014691F8C9
:106EA0002000FEF701FD68B900BF6570E07808B901
:106EB0000120A0702046FEF7EDFC044602488068E1
:106EC000A042F2D170BD0000281A00201FB5044670
:106ED000042C02D00B2004B010BD002000900190C3
:106EE000029003907F222146684608F004FA08B118
:106EF0000F20F0E70020EEE77FB504460D4615B100
:106F00000B2004B070BD002000900190029003900F
:106F1000012C02D120208DF8000004222946684669
:106F200008F0E9F908B10F20EBE70020E9E70000DD
:106F30002DE9F84381460E4615461C460020009078
:106F400000274FF0130814B90A20BDE8F8836946FA
:106F50004846FAF781FC8046B8F1000F01D0404660
:106F6000F3E70098401C08B9256014E0009880B24F
:106F70002F1A002F03DD0098384420600BE01FB962
:106F8000009820600720E0E700986FF30F0000F5FD
:106F900080302844206009480068807858B9002172
:106FA0002068009A821A61EB0101921B71F10001C5
:106FB00001DB0820C9E70020C7E700002801002006
:106FC000014609B90A20704703480068C068401CA0
:106FD00008600020F7E70000280100202DE9F047B5
:106FE0008EB082468946144614B1B9F1000F03D120
:106FF0000A200EB0BDE8F0871325242105A8F9F773
:10700000F1F90020049038480068878804A905AA8F
:107010002079CDE9012100903A464946504623683F
:1070200008F0C1FA08B10F20E3E7227905A920682A
:107030000BF0C2FB204601F04FFB08B11020D8E74F
:10704000A679E07946EA0026207A46EA00462648F4
:1070500000688068B04203D023480068866001E081
:107060000320C6E700219DF81000FFF745FF054605
:107070000DB12846BDE70420FFF728FF05460DB1F6
:107080002846B6E794F80980A07A48EA0028E07A12
:1070900048EA00483B46424631460320FAF743F8A7
:1070A00005460DB12846A4E73B464246314602203C
:1070B000FAF739F805460DB128469AE79DF8100011
:1070C000094909688870002007490968C860411E9D
:1070D0000548006881610448006801610248006851
:1070E0004161002085E700002801002010B504461A
:1070F0000CB9092010BD0C4804602822002100684A
:107100000BF074FB012008490968C870064909683A
:1071100088700549096848700020034909680870AB
:1071200006F084FE0020E5E7280100207CB5044637
:107130000CB90A207CBD01250020019001A808F0AF
:107140007BFA11490198096888800F480068808897
:10715000E082204601F093FC08B11120EAE704F137
:10716000180000902B4613220020216808F0ADF88B
:1071700008B10F20DEE7204601F081FC08B11120A4
:10718000D8E70020D6E70000280100202DE9FF47BE
:107190000546884691461C46132603271CB90A203B
:1071A00004B0BDE8F08722480068C068A84201D951
:1071B0000620F5E794F8200000B902271C48006873
:1071C000C068A8420DD20020CDE9000594F828102F
:1071D0003A46A368606A02F06EFD06460EB130467C
:1071E000DEE7204601F0B2FB08B11120D8E7022704
:1071F00004F12C000022A168CDE901150092039052
:107200002279121F91B200233A462068F9F752FE04
:1072100006460EB13046C3E7204601F097FB08B1A1
:107220001120BDE702480068C5600020B8E70000F3
:107230002801002070B504460D462946204608F076
:1072400029FA08B10F2070BD74B908490968887817
:107250002146FFF751FE08B10F20F4E70420FFF7A5
:1072600035FE08B10F20EEE70020ECE728010020F2
:1072700001B50348006800990160002008BD0000C6
:1072800028010020014609B90A20704700200CE0BF
:10729000084A12681C3202EB800200EB400303EB49
:1072A000C00301EB83031A62401C0128F0DB0020BD
:1072B000EBE70000280100202DE9FF4F85B00E46C6
:1072C00090461F46129C1CB90A2009B0BDE8F08FF9
:1072D00039464046F9F742FD08B90620F5E713257F
:1072E0004FF003094FF0020A204601F063F908B19C
:1072F0001020EAE704A90598FAF778FA05460DB1D7
:107300002846E2E7049890F80190049890F802A0CB
:10731000A068B04201D00220D7E7207BC0F3401B19
:1073200017480068807808B94FF0000B0121E06A27
:107330008DE8C20003902279121F91B25B4652463B
:1073400020680AF0F9FE05460DB12846BDE794F81D
:10735000200008B94FF002090120CDE9000794F898
:10736000281033464A46606A02F0A5FC05460DB176
:107370002846AAE7394640460AF070FE0020A4E7F6
:107380002801002010B501F0D5FBF8B900BF104866
:107390000AF010FE00BF00BF0D4818300AF00AFEC8
:1073A00000BF00BF0A4830300AF004FE00BF00BF33
:1073B000074890300AF0FEFD00BFFFF74BFB06F0D8
:1073C00059FD0449C86A8047002010BD0120FCE730
:1073D00010090020F4460108014981F8860470472D
:1073E000A805002010B500BF16480AF0E3FD00BF55
:1073F00000BF144818300AF0DDFD00BF00BF11487F
:1074000030300AF0D7FD00BF00BF0E4890300AF0C0
:10741000D1FD00BFFFF71EFB0B49C86A8047002063
:107420000A49C1F840030A4800F004F940F23472F6
:10743000074908480BF0C0F901200449C1F840038E
:10744000002010BD10090020F4460108A805002006
:10745000B40A0020E811002010B5174890F8850400
:10746000C0F3C00080B1144890F8850420F00800F3
:10747000114981F885040846D0F8440301F590616C
:10748000C268A1F1200090470B4890F88504C0F332
:10749000400080B1084890F8850420F002000649B9
:1074A00081F885040846D0F8440301F590614268EC
:1074B000A1F16400904710BDA805002038B500BFB9
:1074C000EFF31080044672B6154800680090002063
:1074D00013490860204680F3108800BF0098E8B187
:1074E0000098C0F3001008B103F016FD0098C0F337
:1074F000C00008B103F096F90098C0F3800008B10D
:1075000003F09EFD0098C0F3400008B103F0F8FCC2
:10751000009800F0010008B103F0F8FC38BD00004D
:107520002001002070B5284890F8850400F0010083
:10753000002848D000240025234890F8380420B1C2
:10754000214890F83804032803D1F9F751FC044688
:1075500018E01D4890F83804012813D11A4890F813
:10756000130401280DD1F9F729FC0446174890F8B7
:10757000160138B914B9F9F747FA03E0F9F71EFA1A
:1075800000E00125012C0FD100BF11480AF012FDC7
:1075900000BF0D48D0F8400320F020000A49C1F890
:1075A000400308F01BFD0DE065B9074890F885041D
:1075B00020F02000044981F88504002081F813049C
:1075C00002F0BCFA00BF70BDA8050020B40A00207C
:1075D0001009002010B5164890F88504C0F380000B
:1075E00020B30120FFF702FC80B10120FFF798FBD8
:1075F00018B900200E4981F810040D48D0F8400356
:1076000020F002000A49C1F840030FE00520FFF70F
:10761000EDFB18B90620FFF7E9FB38B10448D0F8B4
:10762000400320F002000249C1F8400310BD0000F1
:10763000A805002070B50446002500263448D0F87F
:10764000400300B170BD24212046F9F7D1FC054666
:10765000606AA84202D0656246F00106142104F176
:107660002800F9F7C5FC0546E06BA84202D0E563A7
:1076700046F00206DC2104F14000F9F7B9FC0546AA
:10768000D4F81C01A84203D0C4F81C5146F00406EB
:10769000BC2104F59070F9F7ABFC0546D4F8DC0189
:1076A000A84203D0C4F8DC5146F008069C2104F53A
:1076B000F070F9F79DFC0546D4F87C02A84203D08F
:1076C000C4F87C5246F010064FF4936104F5207024
:1076D000F9F78EFC0546D4F81807A84203D0C4F881
:1076E000185746F02006142104F21C70F9F780FCAC
:1076F00005464FF4E6600059A84204D04FF4E66016
:10770000055146F040063046F9F714FB00BF99E7F3
:10771000A805002008B52A4890F88504009028485C
:10772000D0F84003002849D1254890F8850400F09E
:10773000010038B1224890F8850420F0010020496A
:1077400081F885041E4890F88504C0F3800038B1A4
:107750001B4890F8850420F00400194981F885043D
:107760000120FFF739FE9DF8000000F0010028B16C
:107770001348D0F844030168124888479DF8000078
:10778000C0F3800080B10F481430FFF7E1FAFFF733
:10779000C1FA002808DD0A4890F8850420F00400AA
:1077A000001D074981F88504FFF76DF9044890F83A
:1077B000850420F02000024981F8850408BD0000FE
:1077C000A8050020E009002008B50548D0F84003CE
:1077D00028B9002000906846FFF75AFA00BF08BD9C
:1077E000A8050020F0B589B004460D46164604B140
:1077F00015B9032009B0F0BD206828B1606818B140
:10780000A06808B1E06808B90320F3E7304606F045
:1078100063FA08B90920EDE72046FFF7D1FA40F2F4
:1078200034720021EC480AF0E1FF40F20C520021D2
:10783000EA480AF0DBFF0120E84981F8120481F8E8
:107840001104E54880F84060002180F8041180F8B8
:107850008010E349C0F814110F208DF81C00DE4998
:1078600091F8400007A906F014FA0690069808B1AE
:10787000012100E00021D84880F808110A208DF885
:107880001C00D54991F8400007A906F002FA0690BD
:10789000069841B2D04880F8CC1006208DF81C0024
:1078A000CD4991F8400007A906F0F3F90690069833
:1078B00041B2C94880F8CD1010208DF81C00C6498F
:1078C00091F8400007A906F0E4F90690C24806992D
:1078D000C0F8901011208DF81C00BF4991F84000AD
:1078E00007A906F0D6F90690BB480699C0F894108F
:1078F00012208DF81C00B84991F8400007A906F045
:10790000C8F90690B4480699C0F8981013208DF86D
:107910001C00B14991F8400007A906F0BAF9069099
:10792000AD480699C0F89C1014208DF81C00AA4997
:1079300091F8400007A906F0ACF90690A648069910
:10794000C0F8A01017208DF81C00A34991F8400042
:1079500007A906F09EF906900698C1B29E4880F8E5
:10796000A51018208DF81C009B4991F8400007A92C
:1079700006F08FF9069098480699C0F8A810069965
:10798000C0F8B01019208DF81C00934991F8400000
:1079900007A906F07EF906900698C1B28E4880F8D5
:1079A000AC100698C1B28C4880F8B4101E208DF837
:1079B0001C00894991F8400007A906F06AF9069071
:1079C0000698C1B2844880F8B8101F208DF81C00BA
:1079D000814991F8400007A906F05BF906900698E6
:1079E000C1B27D4880F8B91020208DF81C007A497A
:1079F00091F8400007A906F04CF9069076480699E0
:107A0000C0F8BC1021208DF81C00734991F840008B
:107A100007A906F03EF906906F480699C0F8C01015
:107A20000B208DF81C006C4991F8400007A906F066
:107A300030F9069069490698A1F8F4030C208DF8F6
:107A40001C00654991F8400007A906F022F906904C
:107A500062490698A1F8F60301215F4880F8A41056
:107A60000A21C0F88810062180F88C10D0F8881000
:107A7000416490F88C1080F84810D0F89010C164E0
:107A8000D0F894100165D0F898104165D0F89C109A
:107A90008165D0F8A010C16590F8A41080F860103E
:107AA00000208DF814004F480390A03004904A49FC
:107AB00091F8400003A906F003F94848C0F848537C
:107AC00006F0D8F90121444880F805114348C0F870
:107AD00044430020414981F885040120C1F8400356
:107AE00000213D48C162016300BF00203E4B0246B9
:107AF000411E00903D480AF049F900BF00BF002038
:107B00003B4B0246411E0090384818300AF03EF9BF
:107B100000BF00BF0020374B0246411E0090334893
:107B200030300AF033F900BF00BF0020324B02466C
:107B3000411E00902D4890300AF028F900BF01A89E
:107B400008F0CCFB2448C030DDE90112C0E9131273
:107B50002A482249C1F84C0329492048C0F8541347
:107B60002849C0F85C132849C0F850132749C0F8C9
:107B70005813274801681D481C3888471948C038E1
:107B8000A96807F00DFC08B1112033E61248FFF791
:107B9000ADFA08B111202DE6FEF7ECFF08B1132075
:107BA00028E60D48D830FFF76DFB08B1112021E61B
:107BB00017494869804707460BF09CF8064A92F837
:107BC0000501134A916D88471149C86A8047012011
:107BD000FFF702FC00200DE6B40A0020A8050020F3
:107BE00000030001940C00203D9B000810090020B8
:107BF00091980008E9980008D59200089D96000821
:107C0000959500080D960008159700084596000800
:107C1000F44601080648D0F8400330B9044890F80B
:107C20008604012801D1002070470120FCE70000F4
:107C3000A80500202DE9F04F87B004460E46022724
:107C40004FF000094FF0000A4FF000084FF0000B12
:107C50001CB9032007B0BDE8F08FFFF7DBFF08B1C8
:107C60000120F7E7002003901422002154480AF075
:107C7000BDFD0121534880F839140120514981F894
:107C80001204207820B1012816D003283FD12CE01F
:107C90004FF0010B01204B4981F811049DF80C00B5
:107CA00020F0E0004030039094F80490D4F808A04D
:107CB000A58994F90E802BE04FF0010BE07B08289A
:107CC00001DAE07B00E008203E4981F811049DF8CC
:107CD0000C0020F0E0008030039094F80490D4F879
:107CE00008A0A58994F90E8012E04FF0010B012045
:107CF000344981F811049DF80C0020F0E000E030D8
:107D00000390D4F804A0258994F90A8000E000BF0C
:107D100000BF02208DF814002B4890F874008DF8F5
:107D20001600294991F8400005A905F0B2FF04901A
:107D3000049840B2404501DA404601E0049840B260
:107D40008046BBF1010F34D11F4890F80601B0B94D
:107D50008DF808801C4890F874008DF80A001A49C4
:107D600091F84000052202A906F03FF828B19DF8DD
:107D70000810154880F8391001E003206AE72B4607
:107D80005246494603A8009607F034FD074667B9F6
:107D900020780C4981F83804084690F8850420F0D2
:107DA0000100401C81F8850403E00020054981F8AA
:107DB00014040448D0F88804206138464AE70000DB
:107DC000E0090020A8050020B40A00200146022096
:107DD000704700003EB5044600250CB903203EBDA7
:107DE000207838286FD2DFE800F01C21262A2E33B5
:107DF00038DBDBDBDBDBDBDBDB3D4247545A616737
:107E00007C6F898E92969A9EA2A7B1ACB6BABFC972
:107E1000C3C6DBCEDBDBDBDBDBDBDBDBDBDBDBDBEC
:107E2000DBD6634890F804012071BEE0604890F80A
:107E300018012071B9E007F089FA6060B5E007F039
:107E40008BFA6060B1E05A4890F806012071ACE00E
:107E50005748D0F8D0006060A7E05548D0F8D4006B
:107E60006060A2E0524890F8050120719DE0504802
:107E700090F88000207198E01D208DF804004C4996
:107E800091F8400001A905F004FF0090009860609F
:107E90008BE04748816E406EC4E9010185E04448AB
:107EA0004030C16E806EC4E901017EE04048016F40
:107EB000C06EC4E9010178E03D484030416F006F79
:107EC000C4E9010171E06BE01B208DF80400384922
:107ED00091F8400001A905F0DCFE00900098606078
:107EE00063E01A208DF80400314991F8400001A99F
:107EF00005F0CFFE00900098606056E02C4890F8A6
:107F00006000207151E02A48C06C60604DE0284854
:107F1000006D606049E02648406D606045E024489F
:107F2000806D606041E02248C06D60603DE02048A7
:107F300090F8CD00207138E01D4890F8390020718C
:107F400033E01B4890F8CC0020712EE0184890F8E0
:107F50003800207129E01648406C606025E0144824
:107F600090F84800207120E01148C06F60601CE06C
:107F70000F48606019E00F48606016E00C48D0F8C8
:107F8000C000606011E00A48D0F81401606005F09C
:107F90008FFEA06009E00648D0F88400606004E02D
:107FA0002046FEF766FD054600BF00BF284616E7DF
:107FB000B40A0020E81100203EB5044600250CB9A3
:107FC00003203EBDF74890F8400300F0020002286D
:107FD00001D10120F5E72078382871D2DFE800F0E0
:107FE0001C212B31373C4146515C67737E89949F3D
:107FF000AD70B2D7FEFDFCFBFAF9F8F7F6F5F4F335
:10800000F2F1F0EFEEEDEC70EB707070707070707C
:1080100070707070707070EA207908F041F8054651
:10802000ECE12079022804D02179DF4880F818118A
:1080300000E00325E2E1606807F00CFB00B10325D6
:10804000DCE1606807F016FB00B10325D6E1217979
:10805000D54880F80611D1E1D3486168C0F8D01046
:10806000CCE1D1486168C0F8D410C7E1606830B194
:1080700000206168FFF7DEF810B11120A1E70325A9
:10808000BCE1606830B101206168FFF7D3F810B13E
:10809000112096E70325B1E1606830B102206168E4
:1080A000FFF7C8F810B111208BE70325A6E160683F
:1080B00038B103206168FFF7BDF818B1112080E7DF
:1080C00097E103259AE1606830B17F206168FFF78E
:1080D000B1F810B1112074E703258FE1606830B169
:1080E00080206168FFF7A6F810B1112069E7032529
:1080F00084E1606830B181206168FFF79BF810B1BE
:1081000011205EE7032579E1606830B18220616863
:10811000FFF790F810B1112053E703256EE12179A4
:10812000A14880F80511024692F805019F4A916D19
:1081300088479E49C86A804760E121799A4880F85B
:1081400080105BE1207A40B28DF80000964890F8EC
:1081500075008DF80100944991F8400007226946A6
:1081600005F043FE08B9032510E0606800908E49D1
:1081700091F840000022694605F037FE08B9032552
:1081800004E08948D4E90112C0E9191236E1207AE5
:1081900040B28DF80000844890F875008DF8010019
:1081A000814991F840000722694605F01EFEE0B1C2
:1081B0007D4814E018E108E103E1FDE0F8E0EAE0C1
:1081C000E3E0BCE0CEE0A2E08EE089E084E07FE086
:1081D0007AE075E067E04AE057E02EE007E04030E3
:1081E000D4E90112C0E91A1200E0032506E1207A61
:1081F00040B28DF800006C4890F875008DF80100D1
:10820000694991F840000722694605F0EEFD90B1FA
:108210006548D4E90112C0E91B1290F80401022854
:108220000AD1614890F8180130B16049C86A8047A6
:1082300001F0E6FC00E00325E0E0207A40B28DF892
:108240000000594890F875008DF80100564991F8E2
:1082500040000722694605F0C8FD30B15248403061
:10826000D4E90112C0E91C1200E00325C6E06068F1
:10827000019001208DF808004B4991F8400001A9B8
:1082800005F018F900B90325B8E0606801900020F6
:108290008DF80800444991F8400001A905F00AF959
:1082A00000B90325AAE02079012807DB20790F28EF
:1082B00004DC21793C4880F8601000E003259DE053
:1082C00039486168C16499E037486168016595E0A3
:1082D00035486168416591E03348616881658DE0AA
:1082E00031486168C16589E020798DF800002E4928
:1082F00091F840000622694605F077FD28B19DF807
:108300000010294880F8CD1000E0032576E02079A0
:108310008DF80000244890F874008DF8020022497E
:1083200091F840000522694605F05FFD28B19DF8EF
:1083300000101D4880F8391000E003255EE0207928
:108340008DF80000184991F840000A22694605F0AE
:108350004CFD28B19DF80010134880F8CC1000E0C7
:1083600003254BE020798DF800000F4991F840007B
:108370000922694605F039FD28B19DF800100A4828
:1083800080F8381000E0032538E007486168C0F83D
:108390008810416432E02179034880F88C1080F81D
:1083A00048102BE0A8050020B40A0020F44601087C
:1083B00014486168C16721E012486168C0F8C010C4
:1083C0001CE005F00FFE054618E0A079012809DC45
:1083D0000C486168C0F814116068FEF749FF10B1DD
:1083E0001120EEE5032509E006486168C0F8841015
:1083F00004E02046FFF7EAFC054600BF00BF284620
:10840000DFE50000B40A00207CB504460225002008
:1084100000900CB903207CBDFFF7FCFB08B10120E4
:10842000F9E7FEF7F3FC08B10120F4E7FEF772FC70
:1084300020B9142200215C480AF0D8F901215B48D8
:1084400080F84D1490F8850420F00400001D574971
:1084500081F8850420788DF8040001208DF805004E
:1084600000208DF8070020780F2870D2DFE800F098
:1084700080088080323B408080804780705066005A
:108480004A4890F8400300F02000202801D1012044
:10849000C1E705F0EFFC627951B2454A92F840001D
:1084A000002204F0F0FA424981F8390007208DF8E3
:1084B0000500FF2007F0CCFA054655B1627951B2AC
:1084C0003B4A92F84000012204F0DDFA384981F875
:1084D00039004EE00025002269460220FEF7E0FA4E
:1084E00000B1132545E0A08807F0CEFC054640E02A
:1084F000227BA088A16807F0F5FC054639E000253D
:10850000002269460D20FEF7CBFA00B1132530E0BA
:10851000274890F8040180B92679217901F00700F5
:10852000FEF7B7FA8DF80060002501226946102099
:10853000FEF7B6FA00B1132500BF1AE000250022AD
:1085400069461220FEF7ACFA00B1132511E00FE0E6
:1085500001208DF80700FEF77FFA38B90020FEF7FA
:1085600096FA0020FEF773FA002500E0012500E0EE
:1085700000BF00BF0D48D0F88804206175B1FEF738
:10858000C9FB70B90020094981F81404084690F825
:10859000850420F0040081F8850402E001A8FEF7BC
:1085A0008DFB284637E70000F4090020A8050020CD
:1085B000B40A002070B504460CB1206808B9022046
:1085C00070BD002529466D1C2268505C60712946EB
:1085D0006D1C2268505CA06029466D1C2268505CAE
:1085E000A16841EA0020A06029466D1C2268505C09
:1085F000A16841EA0040A06029466D1C2268505CD9
:10860000A16841EA0060A06029466D1C2268515CA7
:10861000217329466D1C2268515CE18129466D1C3D
:108620002268515CE08940EA0121E181207B00F071
:108630000F000F280EDC207B00F00F02206841198C
:1086400004F110000AF0B8F8207B00F00F00284475
:1086500085B201E00120B3E7002084F8200084F80F
:1086600028002079401B001F002816DD2846691CC1
:108670008DB22268105C84F820002079401B001F16
:1086800084F8280094F8282023685919606A0AF0B1
:1086900093F894F82800284485B22079001F2168B7
:1086A000085CE0622079C01E2168085CE16A41EA4A
:1086B0000020E0622079801E2168085CE16A41EABE
:1086C0000040E0622079401E2168085CE16A41EACE
:1086D0000060E062002073E770B504460CB12068CA
:1086E00008B9022070BD002529466D1C2268505C27
:1086F0006071206841190322A01D0AF05DF8ED1C8D
:1087000020684119032204F109000AF055F8ED1C14
:1087100029466D1C2268505CE06029466D1C226869
:10872000505CE16841EA0020E06029466D1C226847
:10873000505CE16841EA0040E06029466D1C226817
:10874000505CE16841EA0060E06029466D1C2268E7
:10875000505C207429466D1C2268505C607420793E
:10876000001F401B10280AD120684119102204F173
:1087700012000AF021F805F1100085B206E0207918
:10878000001F401B002801DD0120ABE72846691CC3
:108790008DB22268105C60622846691C8DB2226826
:1087A000105C616A41EA002060622846691C8DB253
:1087B0002268105C616A41EA004060622846691CD8
:1087C0008DB22268105C616A41EA0060606200203C
:1087D00088E7000010B50024FEF770FEFEF752F99E
:1087E000204890F88504C0F3401000B30020FEF745
:1087F000F3FDFEF70FF9FDF765F8002802DDFEF73F
:10880000E9F804431CB9FEF7E5FEFEF78BFEFEF720
:1088100081FFFEF7D9FF0120FEF7DEFD114890F839
:10882000850420F0400040300E4981F88504FEF7B1
:1088300013FE0C4890F88404022801D101F0E0F9FD
:10884000084890F88504C0F3801050B1054890F8AE
:10885000850420F04000034981F885040248FEF7B2
:10886000E9FE10BDA8050020B40A002030B589B08B
:1088700005460C463348806A0390324890F8CD0094
:108880000290304890F8CC0001900020009014B97C
:10889000032009B030BD2B48D0F81401049000200B
:1088A0008DF81400274890F806018DF8150025482A
:1088B000806A06902448B0F8F403ADF81C00224802
:1088C000B0F8F603ADF81E001E4890F839008DF898
:1088D00020001C4890F838008DF82100194890F8C5
:1088E00074008DF82200174890F840008DF823009E
:1088F00003AB01AA02A904A8FEF75AF89DF90800E3
:10890000F8F7E4FF60706846FEF728F908B1132015
:10891000BFE700980F2810D86078009988420CD3E0
:1089200060780099401A2070607800992944884244
:1089300001D30020ADE70820ABE70020207008201D
:10894000A7E70000B40A0020A805002070B504467F
:108950000CB1206808B9012070BD00250826207BD5
:1089600000F00F00064494F82800002801DD701C78
:1089700086B294F82800304486B2301D86B2207941
:10898000B04201DA0220E7E762792946681C85B225
:1089900023685A54227A2846691C8DB223681A54D7
:1089A0002089C0F307222846691C8DB223681A5417
:1089B000A068C0F307422846691C8DB223681A5488
:1089C000A068000E29466A1C95B223685854227B81
:1089D0002846691C8DB223681A54A27B2846691C5C
:1089E0008DB223681A54E089020A2846691C8DB2A8
:1089F00023681A54217B01F00F022168481904F101
:108A0000100109F0D9FE207B00F00F00284485B248
:108A100094F82800002806DD94F820202846691CD8
:108A20008DB223681A5494F8282023685819616A73
:108A300009F0C2FE94F82800284485B294F82C204E
:108A40002846691C8DB223681A54A08DC0F30722F2
:108A50002846691C8DB223681A54E06AC0F30742A5
:108A60002846691C8DB223681A54E06A000E294614
:108A70006A1C95B223685854257100206CE770B5C4
:108A800004460CB1206808B9012070BD002520798A
:108A9000172801DA0220F8E762792846691C8DB2AE
:108AA00023681A54216848190822A11D09F090FE74
:108AB00005F1080085B221684819082204F10E0169
:108AC00009F086FE05F1080085B2A27D2846691CE2
:108AD0008DB223681A54E08A020A2846691C8DB2B6
:108AE00023681A54227E2846691C8DB223681A54C2
:108AF000208BC0F307222846691C8DB223681A54C4
:108B0000A069C0F307422846691C8DB223681A5435
:108B1000A069000E29466A1C95B223685854257135
:108B20000020B2E700200249C1F84003704700006E
:108B3000A805002000B5FFF76DF828B90120074906
:108B4000C1F84003002000BD0448D0F840030128CC
:108B500001D10020F7E70120F5E70000A80500207B
:108B600038B504468DF80040054991F840000F22C1
:108B7000694605F03AF910B1014880F8084138BD5E
:108B8000B40A002000B585B00020049000BF022187
:108B9000012259A3CDE9002102900246014602209C
:108BA00008F0C2FE00BF00BF0020042102225BA328
:108BB000CDE90021029002460146022008F0B4FEF1
:108BC00000BF00BF0020022101225DA3CDE90021EA
:108BD000029002460146022008F0A6FE00BF04A94A
:108BE0000020FDF7DDF900BF0498C0F30721C0F3B2
:108BF0000740049A120E5BA3CDE9002002910022E7
:108C00001146022008F090FE00BF04A90120FDF7E4
:108C1000C7F900BF0498C0B20499C1F30721049AB0
:108C2000C2F30742049B1B0ECDE90032CDE90210CE
:108C300055A300221146022008F076FE00BF002056
:108C40005A4B02464FF4FA710090594809F09EF8C9
:108C50000020584B02464FF4FA710090564809F034
:108C600095F80020554B01224FF4FA7100905448BA
:108C700009F08CF80020534B02464FF4FA61009043
:108C8000514809F083F8514A0021012008F088FF7B
:108C90004F4A0021022008F083FF4E4A00210420A1
:108CA00008F07EFF4C4A0021082008F079FF00F010
:108CB000A7F84FF081714948FDF794F94848FCF74F
:108CC000F9FF3F4809F026F9464801784648007800
:108CD000FDF7C6F94548007858B90020444B0246D4
:108CE0004EF660210090434809F050F8414809F0E1
:108CF00011F905B000BD00004150504C49434154AA
:108D0000494F4E5F56455253494F4E3A20562558CB
:108D10002E25582E25580D0A000000004D575F4C97
:108D20004F524157414E5F56455253494F4E3A209C
:108D3000205625582E25582E25580D0A00000000D3
:108D40004D575F524144494F5F56455253494F4E2C
:108D50003A202020205625582E25582E25580D0A19
:108D6000000000004C325F535045435F564552535C
:108D7000494F4E3A20202020205625582E25582E87
:108D800025580D0A0000000052505F535045435FC4
:108D900056455253494F4E3A202020202056255800
:108DA0002D25582E25582E25580D0A00FD9B00080C
:108DB0000C0500208D98000824050020259500084A
:108DC0003C05002049990008F00300206563000875
:108DD000D1FA00083900010815FF0008340000200E
:108DE000800000203100002030000020940000208E
:108DF000E59B0008D8030020004870475405002078
:108E000010B500201049086048608860C8600846B6
:108E1000406840F0040048600846406870B900BFF0
:108E20000A4B00221146104608F07EFD00BF00BF2D
:108E300008F002FE0128FBD100BFFEE70020024936
:108E4000C8600320086010BD540500206848010870
:108E500010B51448144908604005486000211248C4
:108E60008160C16001610421416100210176417688
:108E700081760121C161002180F820104162816268
:108E800080F82C104FF48051016307214163816306
:108E9000002180F83C10C164F8F7E6FF08B1F8F74C
:108EA000D5F910BD00240140F401002010B50420C4
:108EB000FCF786FD0120FCF783FD002202210F2034
:108EC000FAF794F90F20FAF77DF910BD10B50220DA
:108ED000FCF784FD0120FCF781FD0420FCF77EFDFA
:108EE00010BD000010B512481249086012484860D1
:108EF0000021104881600121C160002101614161B0
:108F00008161C1610162F9F711FF08B1F8F79EF9BB
:108F100000210848F9F7A0FE08B1F8F797F90021F9
:108F20000448F9F7CEFE08B1F8F790F910BD00003B
:108F300000580040580200205D3E302010B507F078
:108F40004BFAFFF71FFE10BD10B54FF0FF3008F0D1
:108F50003DFE10BD00B58BB02C216846F7F742FAF4
:108F60001748184908607F21164881600021016177
:108F7000416181614FF08041C161002101624FF484
:108F800080714162FBF752F908B1F8F75FF90D48BB
:108F9000FBF790F808B1F8F759F900200790019015
:108FA00005904FF00050069040150A900022694647
:108FB0000448FBF7E3F908B1F8F748F90BB000BD36
:108FC00000280040A402002010B5082004490860D1
:108FD0000846FBF709FC08B1F8F738F910BD0000A6
:108FE000DC02002010B51848184908604FF4E13041
:108FF0004860002115488160C16001610C21416118
:1090000000218161C1610162416200200F498862D3
:109010000846FCF76FF808B1F8F718F900210B487B
:10902000FBF725FE08B1F8F711F900210748FBF717
:10903000EFFD08B1F8F70AF90448FBF79BFD08B10A
:10904000F8F704F910BD000000380140E8020020E4
:1090500010B5002405E0601CC4B20F2C01D1002023
:1090600010BD054901EB0410FCF73EFC0028F2D0CE
:10907000014800EB0410F3E73419002010B5044652
:1090800001200C49087060784870A07840B288725E
:10909000E068C860E0780876207C487620794872DD
:1090A00005480068816A0348884721460020FDF78B
:1090B000E1F810BD640100205801002030B585B0F2
:1090C00004460D4600200290012023490870607874
:1090D00048700846407808B105B030BD207940B2EC
:1090E0001D490872287840B24872A8788872E878DA
:1090F00008742069C860E0788DF80C00207B8DF83A
:109100000D00A068049015480068C26A03A8904743
:1091100012480068806B30B1207E012803D10F49CE
:109120000968886B804721460120FDF7A3F802A853
:10913000FCF7FCFE607901280BD19DF8080040B9CE
:10914000002000900190012200216846FDF76AF995
:1091500000BF00BFC0E700008001002058010020D0
:1091600000BFFEE710B58AB0044600202C49087005
:10917000607848702B480068816A294888472146F2
:109180000220FDF777F820780A2838D004DC01287F
:1091900007D004283FD12AE00C2831D00D283AD13D
:1091A00038E006208DF8040001A8FEF713FE1E49E2
:1091B000029848611D48FCF7D7FE607840B900204E
:1091C0001A49091F48711A494878FDF7D1F803E098
:1091D000FF201649091F487112480068416A134868
:1091E000001F8847607808B906F0CEF914E0012026
:1091F00010494874207A8874607AC8740CE00BE0D7
:10920000607820B90A49087BFDF7A8F801E0FCF76F
:1092100077FE01E000E000BF00BF0AB010BD000013
:10922000640100205801002034010020600100206A
:10923000601A0020800100207CB504460D46002005
:109240001C49087060784870A07840B2087228788D
:1092500040B24872A8788872E87808746068C8607C
:1092600020780B2807D020780F2804D012480068F7
:10927000C26A0020904721460320FCF7FBFF2078BC
:10928000072804D00B2811D00F2810D10DE00020A2
:109290000090019009490968C868804720B90122F7
:1092A00000216846FDF7BEF802E001E000E000BFE3
:1092B00000BF7CBD80010020580100204C1A002016
:1092C00000BFFEE770476FF0040070476FF00400C6
:1092D0007047000010B5044600BF144808F06AFE4D
:1092E00000BF134890F81404012802D1104981F8F6
:1092F0001304104890F80401022808D10C4890F893
:10930000850420F020002030094981F885040848B0
:10931000D0F8480348B10648D0F84803006920B1A6
:109320000349D1F848130869804710BDA0090020FF
:10933000A8050020B40A002010B58CB00446002C0B
:109340003DD06078012804D002280BD003282CD00F
:1093500000BF00BF1BA300221146022008F0E4FA60
:1093600000BF2BE000BFE17EA27E637E207ECDE9C0
:1093700009320B910890E17DA07D627D6368CDE9A3
:109380000432CDE9060194F91410B4F91220237CBB
:10939000E068CDE90032CDE90210104B0022114601
:1093A000022008F0C1FA00BF08E000BF0CA30022B1
:1093B0001146022008F0B8FA00BF00BF00BF0CB091
:1093C00010BD00000D0A23232323232320424541FF
:1093D000434F4E204C4F53540D0A00008C47010858
:1093E0000D0A23232323232320424541434F4E20AC
:1093F0004E4F542052454345495645440D0A0000FE
:1094000038B5044600BF05A0005D05A30022114643
:109410000090022008F088FA00BF38BD41424300A6
:1094200053776974636820746F20436C6173732091
:10943000256320646F6E650D0A00000010B50446B8
:10944000FDF756FA10BD000010B50446002C2BD0D5
:10945000607900281DD1154808F0ACFD00BF14A3A9
:1094600000221146022008F05FFA00BFA07901280F
:1094700007D100BF14A300221146022008F054FABD
:1094800012E000BF18A300221146022008F04CFA97
:109490000AE0064808F08EFD00BF1BA3002211461B
:1094A000022008F041FA00BF10BD00003C0500207A
:1094B0000D0A232323232323203D204A4F494E45D1
:1094C00044203D2000000000414250203D3D3D3DF4
:1094D0003D3D3D3D3D3D3D3D3D3D3D3D3D3D3D3DBC
:1094E0003D3D0D0A000000004F544141203D3D3DEF
:1094F0003D3D3D3D3D3D3D3D3D3D3D3D3D3D3D3D9C
:109500003D3D0D0A000000000D0A232323232323E1
:10951000203D204A4F494E204641494C45440D0AC2
:1095200000000000704710B50021012008F012FC77
:1095300010BD000010B50446012C07D100BF08A3E0
:1095400000221146022008F0EFF907E000BF09A34E
:1095500000221146022008F0E7F900BF10BD00000C
:109560004E564D20444154412053544F5245440DD2
:109570000A0000004E564D204441544120524553AC
:10958000544F5245440D0A000149087370470000CA
:10959000800000202DE9F04104460D4616461F4686
:1095A00008F014FC124908600846446005814681B1
:1095B00007731048006820F0080008300D49086063
:1095C0000D48D0F8480348B10B48D0F8480300696B
:1095D00020B10949D1F848130869804700BF07A3A3
:1095E00001220021022008F09FF900BFBDE8F081B0
:1095F0001C19002020010020A80500204D41432017
:109600007278446F6E650D0A0000000010B50B48BB
:10961000006820F00200801C084908600848D0F863
:10962000480348B10648D0F84803006920B104490E
:10963000D1F848130869804710BD000020010020C0
:10964000A805002010B50F48006820F00100401C5C
:109650000C4908600C48D0F8480348B10A48D0F8D3
:109660004803006920B10849D1F8481308698047C8
:1096700000BF06A301220021022008F055F900BF17
:1096800010BD000020010020A80500204D4143200E
:10969000727854696D654F75740D0A001CB508F039
:1096A00095FB14490860684606F0ECFD1248DDE9B8
:1096B0000012C0E90E121148006820F010001030AE
:1096C0000E4908600E48D0F8480348B10C48D0F85D
:1096D0004803006920B10A49D1F848130869804756
:1096E00000BF08A301220021022008F01DF900BFDD
:1096F0001CBD000024010020A8080020200100203B
:10970000A80500204D4143207478446F6E650D0A12
:109710000000000010B50F48006820F00400001D94
:109720000C4908600C48D0F8480348B10A48D0F802
:109730004803006920B10849D1F8481308698047F7
:1097400000BF06A301220021022008F0EDF800BFAF
:1097500010BD000020010020A80500204D4143203D
:10976000747854696D654F75740D0A0070B50546BF
:109770000C46A2B20249284608F0F2F970BD00007A
:1097800000F0030870B586B004460D460026002D93
:1097900065D0344808F0BEFB2878002843D0002C60
:1097A00041D02678606800283DD0207802281BD060
:1097B000032836D16078012815D16068007820B17F
:1097C000012806D002280CD107E00020FCF7D0FDCC
:1097D00008E00120FCF7CCFD04E00220FCF7C8FD06
:1097E00000E000BF00BF1DE06078012818D160686C
:1097F000007800F001001C4908700846007838B96C
:1098000000BF1AA300221146032008F08DF807E0DC
:1098100000BF19A300221146032008F085F800BFFD
:1098200000E000BF00BF287C062818DA00BF95F9C9
:109830000A0095F909102A7C124B53F8222095F959
:109840000830CDE90232CDE90410E8680E4B002261
:109850001146CDE90006032008F066F800BF06B007
:1098600070BD000024050020AC0000204C454420C1
:109870004F46460D0A0000004C4544204F4E0D0A4D
:109880000000000018000020004801087047000098
:1098900010B50446124890F81504114981F8B80330
:1098A000104890F8610041B20D4880F8BB130D4894
:1098B00090F875100A4880F8C8130A4890F880108C
:1098C000074880F8C913002180F8CA1380F8CB1329
:1098D00000F56E7100F5607004F006FC10BD00002C
:1098E000A8050020B40A002010B50446144890F8DA
:1098F000840400B910BD124890F81504104981F88D
:10990000CC031048416E0E48C0F8D0130D4890F8B3
:1099100075100B4880F8DC130A4890F8801008484E
:1099200080F8DD13002180F8DE13012180F8DF13B9
:1099300000F5737100F5667004F0D6FB00BFD9E73F
:10994000A8050020B40A002010B504460448007899
:10995000022803D10021082008F0FCF910BD000006
:109960003000002070B504460D46F8F7F7FFC0B987
:109970000C480088000480094FF47C31B1FBF0F200
:1099800000FB1210C60A002201213046F7F7AAFC9C
:1099900028B900232A4621460348F7F7F3FCF8F7D5
:1099A00091FF70BDE075FF1F00F0030810B5FCF7D4
:1099B0000FFB08BBFCF7BAFB01281DD100BF00BF9D
:1099C00000BF00BF00BFBFF34F8F00BF00BF00BF8D
:1099D0000A48006800F4E06009490843001D07498F
:1099E000086000BF00BF00BFBFF34F8F00BF00BFC4
:1099F00000BF00BF00BFFDE710BD00000CED00E0A0
:109A00000000FA051FB50446002C40D0207800283D
:109A10003DD01F4808F07EFA00BF1EA30022114669
:109A2000022007F081FF00BF00BF94F9180094F9ED
:109A30000A10227CE368CDE90032CDE9021022A3AE
:109A400000221146032007F06FFF00BF00BF2BA3C9
:109A500000221146032007F067FF00BF207A01288B
:109A60000DD100BF607A08B128A000E028A02AA389
:109A7000002211460090032007F056FF07E000BFC8
:109A80002AA300221146032007F04EFF00BF1FBD8E
:109A90000C0500200D0A232323232323203D3D3DD5
:109AA0003D3D3D3D3D3D3D204D4350532D436F6E6B
:109AB0006669726D203D3D3D3D3D3D3D3D3D3D3D39
:109AC0003D3D0D0A000000002323232323232055BE
:109AD0002F4C204652414D453A25303464207C209D
:109AE000504F52543A2564207C2044523A25642039
:109AF0007C205057523A256400000000207C204D05
:109B0000534720545950453A0000000041434B0050
:109B10004E41434B00000000434F4E4649524D45D5
:109B200044205B25735D0D0A00000000554E434F35
:109B30004E4649524D45440D0A00000010B50446FA
:109B400000BF154808F036FA00BF1448D0F84003AB
:109B500020F020001149C1F84003012005F0E8FA87
:109B600010B10B2802D100E000BF12E00C4890F8C1
:109B700039100A4880F83A1490F8121480F83D140D
:109B8000092180F839140920FDF782F906F026FA38
:109B900000BF00BF10BD000010090020A805002074
:109BA000B40A00200149C8707047000080000020FE
:109BB00010B5044609480460006818B942F21070F4
:109BC00006490860064808F0F5F9044801680448A9
:109BD00008F084F9024808F09DF910BD98000020B3
:109BE000D803002010B504460021022008F0B2F886
:109BF000014808F08FF910BDD8030020704700001D
:109C000038B51748174C0090636C94F8482094F8C6
:109C1000704061B2134C94F8400004F01AF802212D
:109C2000114880F8F313012180F8F213214691F8CE
:109C300040000B4A40320A4904F08AF870B10A48E1
:109C400090F8201480F862140848416B002088477F
:109C5000054890F8F303044981F8840438BD0000F6
:109C600088090020B40A0020A8050020F446010855
:109C7000704710B5FAF775FF01210020F9F770FB66
:109C800010BD000010B5FAF76CFF00BF01200349BA
:109C9000086000BFF9F732FB10BD000088040058CF
:109CA000704710B5FAF780FC10BD10B5FAF77CFCD0
:109CB00009F084F910BD2DE9F04F89B005460E4634
:109CC00092461C46DDE912B71DB90A2009B0BDE86D
:109CD000F08F4FF000084FF001090020059006902A
:109CE00007900890019002900390049001208DF855
:109CF00004008DF809B0E0B28DF80A00200A8DF852
:109D00000B00200C8DF80C00200E8DF80D00F8B221
:109D10008DF80E00380A8DF80F00380C8DF8100001
:109D2000380E8DF811002BE009F0FF008DF81300BC
:109D300009F101001FFA80F905AB5246102101A874
:109D400005F086FA08B10F20C0E700200AE008EB12
:109D50000001695C05AA125C514008EB0002A9549D
:109D6000411CC8B2102E01DD102100E031468142B5
:109D7000EDDCA6F1100006B208F1100000F0FF08BB
:109D8000002ED1DC0020A1E77047F0B50746DDE9E1
:109D90000556079C0CB90A20F0BD49202070002010
:109DA0006070A070E07020716371A571280AE07185
:109DB000280C2072280E6072A672300AE072300CF5
:109DC0002073300E60730020A073E77300BFE3E7D9
:109DD0002DE9FC4705460C4617461E46DDF828804F
:109DE00000206049088081F81404019000908146A9
:109DF00006B98046424631465B4808F0DDFC5949C9
:109E000081F837822878887028784009022809D09C
:109E1000042802D0072873D18AE00120514981F833
:109E2000140400BF04204F4981F80401881CC1F8C4
:109E30000801FF21801E80F80C11297880F80D118F
:109E400080F828714948D0F8D4104648C0F810115D
:109E5000217880F8141190F8371280F830114249B7
:109E6000C0F82C1101A8FDF7ABF810B11220BDE825
:109E7000FC87019881B23B48A0F81611002180F8B8
:109E80003D1480F83C140199C0F844146846FCF76E
:109E900065FE08B11320EAE70098002847D033494F
:109EA00091F93900F7F712FD81462E4890F83702F4
:109EB000002815DD00980F2812D82B4A203A694651
:109EC0000F20FCF7ADFE08B11320D0E721780098F1
:109ED00060F3030121702178224880F8141126E0F4
:109EE000204890F8370200280DDD00980F280AD985
:109EF0001F4A69464846FCF793FE10B11320B6E7A7
:109F00002AE00A20B3E71A4A69464846FCF788FE69
:109F100008B11320ABE70021124880F8281114493A
:109F2000C0F82C110098C1B20E4880F8301115E02D
:109F30008EB10C4890F8370200280CDD094890F8E3
:109F400037223146C01C08F037FC064890F837022B
:109F5000401C0449088001E0022088E700BF00207F
:109F600085E70000A8050020E0060020B40A0020D4
:109F7000340A002010B51248D0F8400340F08000A9
:109F80000F49C1F84003084690F81404012802D193
:109F90000020FFF79FF90A4890F8850420F002009E
:109FA000801C074981F88504084690F8850420F054
:109FB0002000203081F8850408F06EF810BD000004
:109FC000A805002030B591B00446062510A920460A
:109FD00005F0C8F90546002D7ED13CB900BF48A365
:109FE00000221146022007F09FFC4FE0012C07D110
:109FF00000BF49A300221146022007F095FC45E06E
:10A00000032C07D100BF4AA300221146022007F00B
:10A010008BFC3BE0022C07D100BF4BA30022114672
:10A02000022007F081FC31E0042C07D100BF4CA3D3
:10A0300000221146022007F077FC27E07F2C07D191
:10A0400000BF4DA300221146022007F06DFC1DE069
:10A05000802C07D100BF4EA300221146022007F03A
:10A0600063FC13E0812C07D100BF4FA300221146EF
:10A07000022007F059FC09E0822C07D100BF50A351
:10A0800000221146022007F04FFC00BF00BF1098CD
:10A09000007C1099C97B109A927B109B5B7BCDE969
:10A0A0000C32CDE90E101098017BC07A109A927A8A
:10A0B000109B5B7ACDE90832CDE90A011098007A4D
:10A0C0001099C979109A9279109B5B79CDE9043285
:10A0D000CDE90610109800E010E00279C0781099E0
:10A0E0008978109B5B78CDE90031CDE902023A4BCB
:10A0F00000221146022007F017FC00BF11B030BD4E
:10A10000232323232323204170704B65793A202099
:10A110002020202000000000232323232323204E7F
:10A12000776B4B65793A202020202020000000002A
:10A1300023232323232320417070534B65793A2036
:10A140002020202000000000232323232323204E4F
:10A15000776B534B65793A202020202000000000C7
:10A16000232323232323204D43526F6F744B6579A0
:10A170003A20202000000000232323232323204D06
:10A18000434B454B65793A202020202000000000F9
:10A19000232323232323204D434B65795F303A202B
:10A1A0002020202000000000232323232323204DF0
:10A1B00043417070534B65795F303A2000000000D6
:10A1C000232323232323204D434E776B534B657961
:10A1D0005F303A2000000000B84801082DE9F04F38
:10A1E0008DB005460C461646984600200C908146D8
:10A1F0000B900CE3285DFCF781FC2044B04202DDAB
:10A200000DB0BDE8F08F2046611CCCB2285C801EEA
:10A21000122872D2DFE800F00920869DF6F4F3F2EE
:10A22000F17171F07171EFEEEDEC0420FCF7DEFDE1
:10A2300088B104210020FCF713FE2046611CCCB23B
:10A24000295CFE4880F854142046611CCCB2295C7D
:10A25000FA4880F85514D9E2002006900590049041
:10A260000390B9F1000F5CD14FF00109601E284442
:10A270000890601E301AC0B28DF82400F04890F8A3
:10A2800006018DF82600EE4890F874008DF8250040
:10A29000EB4890F839008DF82700E94890F838002D
:10A2A0008DF82800E64890F860008DF82900E44811
:10A2B000D0F81401079003A804A9CDE90010E049E3
:10A2C00091F8400005AB06AA07A903F00CFD0C901D
:10A2D0009DF8300000F0070007280CD19DF91810F8
:10A2E000D74880F839109DF9141080F838109DF87F
:10A2F000101080F86010002707E086E201220CA908
:10A300000320FCF7CDFB781CC7B29DF80C0005219B
:10A3100090FBF1F0B842F1DC9DF80C00401E2044A7
:10A32000C4B273E22046611CCCB2285C00F00F017D
:10A33000C34880F8071190F807110120884081B2C6
:10A34000BF48A0F80A1100220BA90420FCF7A8FBC3
:10A350005CE207200C90285DC0F302108DF8250008
:10A36000285D00F00F008DF82400601CC4B2204668
:10A37000611CCCB2285C0A902046611CCCB2285CDF
:10A380000A9A42EA00200A902046611CCCB2285C5E
:10A390000A9A42EA00400A9064210A9848430A90C7
:10A3A000A74991F8400009A903F0DFFC0C909DF843
:10A3B000300000F00700072810D19DF82410A048B5
:10A3C00080F868109DF8241080F870100A99416692
:10A3D0000A99C1669DF8251080F861109DF830003B
:10A3E0008DF82C0001220BA90520FCF759FB0DE28A
:10A3F000E7E1C5E19DE187E10FE1D6E07BE061E0C7
:10A400001CE0FFE7FF278D48D0F8480350B18B4888
:10A41000D0F84803006828B18849D1F84813086883
:10A42000804707468DF82C7008F03F008DF82D000E
:10A4300002220BA90620FCF733FBE7E103200C9076
:10A440002046611CCCB2285C40B28DF8280006A8DA
:10A4500009902046611CCCB2285C06902046611C05
:10A46000CCB2285C069A42EA002006902046611C85
:10A47000CCB2285C069A42EA004006906421069815
:10A4800048430690002007902046611CCCB2285C0F
:10A4900040B28DF820006A4991F8400009A903F004
:10A4A00038FCC0B20C909DF8300040B2002808DBA8
:10A4B0009DF830008DF82C0001220BA90720FCF735
:10A4C000EFFAA3E12046611CCCB2285C00F00F0734
:10A4D0000FB9781CC7B24FF47A7007FB00F15848E7
:10A4E0000165016D01F57A71416500220BA9082013
:10A4F000FCF7D6FA8AE12046611CCCB22F5C002022
:10A500008DF828008DF8290007F02000202802D1BE
:10A5100001208DF8290007F01000102802D1012039
:10A520008DF8280007F00F008DF82A00444991F8B3
:10A5300040000AA903F04EFC401CA8B39DF8281067
:10A540003F4880F874109DF8291080F875109DF828
:10A550002A103C4A505C09F031FC014638488167BA
:10A5600002208DF82000364890F874008DF8220003
:10A57000334991F8400008A903F08BFB079030485D
:10A5800090F93900079949B2884203DD2C4890F9C7
:10A59000390001E0079840B2294981F839000022CA
:10A5A0000BA90920FCF77CFA30E103200C9020462F
:10A5B000611CCCB2285C8DF824002046611CCCB212
:10A5C000285C0A902046611CCCB2285C0A9A42EAB8
:10A5D00000200A902046611CCCB2285C0A9A42EA0C
:10A5E00000400A9064210A9848430A90144991F85F
:10A5F000400009A903F042FBC0B20C909DF8300066
:10A6000040B2002808DB9DF830008DF82C000122B4
:10A610000BA90A20FCF744FAF8E00A20FCF7E6FB55
:10A62000002870D00A210020FCF71AFC00200990B5
:10A630000A90079008900590069005E0A805002074
:10A64000B40A0020204601082046611CCCB2285CD8
:10A6500009902046611CCCB2285C099A42EA00208D
:10A6600009902046611CCCB2285C099A42EA00405D
:10A6700009902046611CCCB2285C099A42EA00602D
:10A6800009902046611CCCB2285CADF82800BDF8CA
:10A6900028004FF47A7110FB01F0001200B2ADF8FF
:10A6A0002800DDE90901CDE907015B490798084465
:10A6B000079003A805F0E6FDDDE90301CDE90501FA
:10A6C0005648D0F83C0300905448D0F8383303A8DB
:10A6D000DDE9071205F038FE0498009001A8039BFD
:10A6E000DDE9051205F07BFDDDE90101CDE907019A
:10A6F000DDE9070105F004FEFCF7ABF9012147484D
:10A7000080F8341400BF81E00D20FCF76FFB78B1B6
:10A710000D210020FCF7A4FB404890F88404042895
:10A7200006D03E4890F88404052801D0FCF7A8F92B
:10A730006CE000BF00BF2046611CCCB22F5C2046FD
:10A74000611CCCB2285C47EA00272046611CCCB2D1
:10A75000285C47EA0047642047432046611CCCB28E
:10A76000285C00F00F0B39465846FCF786F9824604
:10A770008DF82CA001220BA91120FCF791F945E0DE
:10A780000E20FCF733FBD8B10E210020FCF768FB4C
:10A790000027BA462046611CCCB22F5C2046611CC3
:10A7A000CCB2285C47EA00272046611CCCB215F8E1
:10A7B00000A01B48514602683846FCF749F900BF23
:10A7C00024E000BF2046611CCCB22F5C2046611CF7
:10A7D000CCB2285C47EA00272046611CCCB2285C3A
:10A7E00047EA0047642047433846FCF72DF918B183
:10A7F00001208DF82C0002E000208DF82C000122B1
:10A800000BA91320FCF74CF900E0F9E400BFB442B7
:10A81000FFF6F0AC00BFF3E4803DD512A8050020A0
:10A820001C1900202DE9F04FA3B01325FE484668FF
:10A830000489B0F90AA090F90C9000270020069036
:10A84000FA48D0F8D4B04FF000080120059000215C
:10A85000F74880F83C14A0F880A480F8829490F81F
:10A86000841480F88314002180F81F1480F81E14CB
:10A8700080F82114C0F8241480F8281480F82914D2
:10A8800080F82A14C0F82C140020E94981F81C042F
:10A890000021E748C0F8301480F83414E549C86A4C
:10A8A000804700BFE44807F085FB00BF21463046E3
:10A8B000FCF7EAF838B1DE48A0F876A480F878947E
:10A8C00023B0BDE8F08FD94890F8040101281AD1CF
:10A8D000FCF7CAF850B10020FCF7DCF80020FCF7C8
:10A8E000D0F80421D24880F883140CE0FCF7BAF8C1
:10A8F00048B10020FCF7CCF80020FCF7BDF805219A
:10A90000CB4880F883143846791CCFB2305C229053
:10A910009DF888004009012806D003287DD005282D
:10A920007CD007287BD199E2112C06DA0121C0489E
:10A9300080F81D14FFF71EFBC2E70796E0B28DF802
:10A940002000BA4890F8180130B10121B84880F8C9
:10A950001D14FFF70FFBB3E704F0FEFC07AA014646
:10A960000290FF20FCF73AFB0546002D63D19DF8CD
:10A970002510AE48C0F8D010D0F8D01007A8807AC3
:10A9800041EA0021A948C0F8D010D0F8D01007A89B
:10A99000C07A41EA0041A548C0F8D0100A99C0F831
:10A9A000D4109DF82C00C0F30211A04880F861106B
:10A9B0009DF82C0000F00F019C4880F868109DF86D
:10A9C0002C0000F00F01994880F870109DF82D10B0
:10A9D0000165006D10B90121944801659348016D2E
:10A9E0004FF47A70414391480165016D01F57A7128
:10A9F0004165002180F816110DF12E002090A4F180
:10AA00001100C0B28DF88400884991F8400020A957
:10AA100002F046F80221854802E023E01DE03DE215
:10AA200080F818110120FCF7E1F960B10121002044
:10AA3000FCF716FA07E00120FCF7D8F918B101215C
:10AA40000720FCF70DFA7A4890F8850420F00800FA
:10AA50000830774981F8850427E20120744981F89C
:10AA60001C0400BF714890F875008DF87A0070489A
:10AA700090F8200440B28DF879000D208DF8780010
:10AA80006A4890F88000012802D10E208DF87800E5
:10AA9000664991F840001EA903F0FBF81D90A4F14F
:10AAA0000D0000B2002801DA002002E0A4F10D0040
:10AAB00000B21D9909B2884201DC0C2C06DA012192
:10AAC0005B4880F81D14FFF755FAF9E61196E0B2DD
:10AAD0008DF8480059481A90FF208DF86C0011A895
:10AAE000FDF768FD30B10121514880F81D14FFF7D2
:10AAF00041FAE5E64E481399C0F8301403A911A8AD
:10AB0000F6F750FB30B10121494880F81D14FFF7DA
:10AB100031FAD5E64FF000080020069000BF42E071
:10AB200000EB400101EBC0024049D83101EB82014A
:10AB30004968139A914234D100EB400101EBC00205
:10AB40003A49D83101EB82018978012929D1884617
:10AB500000EB400101EBC0023449D83101EB820126
:10AB6000C978059100EB400101EBC0022F49D831B3
:10AB700001EB8201096A0968069100EB400101EBD3
:10AB8000C0022A49D83101EB8201D1F804B027492B
:10AB900091F80411022903D10322254981F8832465
:10ABA00003E0411CC8B20128BADB00BFB8F1010FB5
:10ABB00014D19DF80C00032809D111A8007BC0F323
:10ABC000401020B911A8007BC0F3801030B10121E2
:10ABD000174880F81D14FFF7CDF971E615208DF8A0
:10ABE0007800124991F840001EA903F052F81D9018
:10ABF00006A904AA1D9880B2CDE9012100900B4856
:10AC000011AA9DF80C10D0F814310598F6F7BCFD88
:10AC10000546DDB3072D24D10821054880F81D1411
:10AC2000024890F816010BE01C190020B40A00201D
:10AC3000A8050020F446010840090020E007002094
:10AC4000D0B99DF888000521B1EB501F14D1A94857
:10AC5000406B1C9988420FD10121A64880F83A1018
:10AC60000AE0082D04D10A21A34880F81D1403E04E
:10AC70000121A14880F81D149F480699C0F82C14A2
:10AC80000699C0F86414FFF775F919E6FFE711A8F3
:10AC900000909DF810205946DDE90503FCF70CFBF8
:10ACA00005466DB1022D04D10B21934880F81D1487
:10ACB00003E00C21904880F81D14FFF75BF9FFE5D5
:10ACC00000218D4880F81D1480F81E8411A8007B97
:10ACD000C0F30011884880F821140021C0F8241422
:10ACE00080F828140699C0F82C140699C0F864144A
:10ACF00011A8007BC0F340117F4880F82A1400217E
:10AD000080F8391411A8007BC0F340117A4880F80C
:10AD10003C1490F8830420B1774890F8830401280C
:10AD200002D1002073498862B8F1010F04D10220DA
:10AD3000714981F81C041CE09DF888000521B1EBE5
:10AD4000501F0ED101216B4880F83A1090F816017F
:10AD500010B968481C9941630120674981F81C04B7
:10AD600007E00021634880F83A100020624981F82A
:10AD70001C04614991F8382491F88304149903F074
:10AD800041F89DF80C0030B1012821D0022832D0C2
:10AD9000032851D140E0584890F88304009011A84E
:10ADA000007B00F00F024B46002115A8FFF716FAB2
:10ADB0009DF86410504880F81F141A99C0F82414A4
:10ADC0009DF86C1080F82814012180F829143AE0CD
:10ADD000494890F88304009011A8007B00F00F020E
:10ADE0004B46002115A8FFF7F9F99DF86410424879
:10ADF00080F81F1427E0404890F8830400909DF8E5
:10AE00006C204B4600211A98FFF7E8F99DF8641072
:10AE1000394880F81F1416E09DF86410364880F811
:10AE20001F141A99C0F824149DF86C1080F8281487
:10AE3000012180F8291406E001212F4880F81D1413
:10AE4000FFF798F800BF00BF2B4890F8850420F06A
:10AE50000200801C284981F8850426E0E01B82B2AC
:10AE6000F119264807F0A8FC0320234981F81C04A7
:10AE70000021214880F81D1420481F49C1F82404EE
:10AE8000E01BC1B21C4880F8281490F8850420F01B
:10AE90000200801C184981F8850406E0012116484B
:10AEA00080F81D14FFF766F800BF00BF124890F845
:10AEB0001404012808D1104890F83C0401280BD153
:10AEC0000020FEF707FA07E00A4890F8040102287C
:10AED00002D10020FEF7FEF9074890F8850420F023
:10AEE00020002030044981F8850407F0D5F800BF20
:10AEF000E6E40000B40A0020A8050020E0070020D6
:10AF000010B506210520FAF78FFA10BD10B50421FF
:10AF10000320FAF789FA10BD00B58DB0434890F8C8
:10AF20000401022802D04249C86A804700BF414854
:10AF3000D0F8B01300F5607006F0D0FF00BF00BF7E
:10AF40003D4806F0E7FF00BF00BF3A48D0F8B41311
:10AF500000F5667006F0C2FF00BF00BF364818302B
:10AF600006F0D8FF00BF314890F80401022804D051
:10AF7000304890F8140401281AD116208DF82C00BE
:10AF80002A4991F840000BA902F083FE0A9000BF05
:10AF90002848D0F8B4030A9A81182748783006F078
:10AFA0009DFF00BF00BF2448783006F0B3FF00BF0C
:10AFB000224801681D48C1621E4890F815048DF8AA
:10AFC00014001E480068069003A805F087F917488A
:10AFD000D0F8100100901548D0F80C3101A8DDE937
:10AFE000031205F0B1F9DDE90101CDE908011148CD
:10AFF000D0F81804079001208DF815000B4890F840
:10B00000180110B900208DF81500084991F840008A
:10B0100005A902F0B5FE074890F8140418B90021FC
:10B02000044880F839140DB000BD0000B40A0020B7
:10B03000F4460108A805002028090020240100206A
:10B0400010B5114890F80401022802D00F49C86ACF
:10B05000804707F021F802210D4880F839140220BA
:10B06000FBF716FF0A4890F81404012802D108499A
:10B0700081F81304064890F8850420F02000203061
:10B08000034981F8850410BDB40A0020F446010884
:10B09000A805002010B504462046F5F73EFD10BD7A
:10B0A00010B504462046F5F77CFD10BD10B5F5F748
:10B0B0007EFD10BD10B5F5F77CFD10BD10B5F5F7A0
:10B0C000A9FD10BD10B5F5F7A7FD10BDF0B587B00F
:10B0D00004460E46254903C9CDE905012349083137
:10B0E00003C9CDE9030121481030D0E9001280687E
:10B0F000CDE9001202900027B6F5007F0DD10020A7
:10B1000008E005A931F81010A14202D35DF82070C3
:10B1100002E0401C0328F4D30DE0002008E003A95E
:10B1200031F81010A14202D35DF8207002E0401CFB
:10B130000328F4D300BF0E48006820F0070038430E
:10B140000B490860F7F76AFD054607E0F7F766FD6B
:10B15000401B022802D9032007B0F0BD0448006854
:10B1600000F00700B842F1D10020F5E7C441010822
:10B17000004000582DE9F04104460D48C4F3031186
:10B1800050F82160FAF76CFCC0F30310094951F83C
:10B190002000B6FBF0F5F8F7D1F880460648B5FB7D
:10B1A000F0F741463846FFF791FFBDE8F081000017
:10B1B000804201082042010840420F00704770475A
:10B1C00003464FF0FF307047002070470020704763
:10B1D0004FF0FF30704710B503460020401E10BDF1
:10B1E00070477047704710B503464FF0FF3010BDF1
:10B1F00010B503460020401E10BD000010B50248E7
:10B20000F8F796FF10BD0000A402002002460023BC
:10B21000114603E05B1CA1F10A00C1B20A29F9D270
:10B22000180741EA1060704770B5054600261148BE
:10B23000006800F04000D0B90E48006840F080007F
:10B240000C490860F7F7EAFC044609E0F7F7E6FC6A
:10B25000001BB0F57A7F03D90326032085F82D0063
:10B260000448006800F0400008B9032EEED13046D3
:10B2700070BD00000C28004070B50446002517483A
:10B28000006820F080001549086014480C30006800
:10B2900000F0200040B92046F9F768F9E0B103203A
:10B2A00084F82D00032517E00C480C30006820F0CE
:10B2B00020000A490C3108602046F9F757F918B107
:10B2C000032084F82D00032504480C30006840F06A
:10B2D000200002490C310860284670BD0C2800404F
:10B2E000014601207047F0B50646DDE905450BB97A
:10B2F000082000E0002000EBC2001830012D01D131
:10B30000022700E00027274400EBC700F0BD000043
:10B31000014600200B2922D2DFE801F0060C1218AA
:10B320001B1D1F21090F150041F6846017E042F62E
:10B33000B10014E043F6095011E045F261100EE04F
:10B3400047F612200BE04AF2C32008E04FF22440F7
:10B3500005E0044803E0044801E0044800BF00BFE2
:10B360007047000048E8010090D0030020A10700CA
:10B370002DE9F04F044617461D46DDE909C807F1DF
:10B3800004094FF0000A052901D0062902D10C2D2D
:10B3900000DA0C251CB90B2905D00C2903D0012C8F
:10B3A00003D10C2901D14FF0010A0B9808B11020EC
:10B3B00000E0002000EBC8004FF0040B0BFB110075
:10B3C000BCF1000F02D04FF0000B01E04FF0140B66
:10B3D00000EB0B03062901D88A0007E00833BAF115
:10B3E000010F02D1881E820000E08A00002B00DAE3
:10B3F00000239818401E90FBF2F000FB095000F16A
:10B400000C06062900D8B61CB000401CA1F1020BA6
:10B410004FF0010E0EFA0BFE00FB0EF0BDE8F08FB0
:10B4200010B503F073F8042804D0052804D00728C9
:10B4300006D103E0022010BD0120FCE70320FAE75B
:10B440000020F8E710B503F0CAF8C01C10BD0000DA
:10B4500038B50446214804600020214948704860FE
:10B46000886088651F4803F01FF900211C4841735C
:10B4700000201B49087303F088FB0021084603F0F5
:10B48000A7F904220021012003F0CCFC00231A4676
:10B490004FF6FF71084603F0DFF901F03DFA00BFF7
:10B4A0000020114B0246411E0090104806F06EFC31
:10B4B00000BF00BF00200E4B0246411E00900D4809
:10B4C00006F064FC00BF00BF084806F073FD00BF33
:10B4D00000BF084806F06EFD00BF38BDBC0100206B
:10B4E0008C1C002019B9000859B90008E81C00207C
:10B4F0002DB90008001D00207CB5002001900090AF
:10B50000C548B0F8540020286FD00CDC04286DD05A
:10B5100004DC012812D0022869D129E0082867D06C
:10B520001028F9D132E140287ED080287DD0B0F5B6
:10B53000807F7BD0B0F5007FEED1A2E000BFB7489E
:10B5400006F038FD00BF002003F0F6FBFFF73EFEDB
:10B55000012801D1FFF733FEB148006838B1B04887
:10B560000068006818B1AE4909680868804750E172
:10B5700000BFAC4806F01EFD00BFA748407890B958
:10B58000002003F0D9FB002140F6021003F02AFD51
:10B5900040F6441003F0ECF840F00204214640F677
:10B5A000441003F01FFDFF2201A99F4803F000F89B
:10B5B0009948243002F0B0FF99480068B8B3984821
:10B5C0000068806898B3944890F82400012810D14E
:10B5D000914890F9313090F93020914800689DF8F9
:10B5E000041084689048A04729E0D8E081E00FE18A
:10B5F000BDE08949C86B694602F024FF0098002825
:10B6000002DD4FF47A7001E04FF47A70009901EB9B
:10B6100060004FF47A7190FBF1F044B27E4890F9EB
:10B6200029207F48006803E0D8E00AE019E007E03D
:10B6300023469DF8041085687B48A84700BF00BFDB
:10B64000E7E0002003F078FB7548006840B17448DB
:10B650000068806920B172480068816900208847CD
:10B66000D7E0002003F068FB6D48006840B16C48EB
:10B670000068806920B16A480068816901208847B4
:10B68000C7E000BF69A301220021022006F04CF9A7
:10B6900000BF02F03BFF042813D100BF5F4806F053
:10B6A00089FC00BF002003F047FB5D480068F8B14B
:10B6B0005B4800684068D8B15949096848688047C4
:10B6C00016E002F023FF052812D100BF554806F00E
:10B6D00071FC00BF002003F02FFB5148006838B117
:10B6E0004F480068C06818B14D490968C86880476C
:10B6F0008FE000BF52A301220021022006F014F9BE
:10B7000000BF4548806D88B34348806DC0F3074152
:10B710004E48426C40F6031090473F48B0F858003E
:10B72000C0F307214948426C40F6041090473A485C
:10B7300090F858104548426C40F605109047434831
:10B74000816C40F60210884740F001043F482146D2
:10B75000426C40F60210904700202F498865002374
:10B760001A4640F26221084603F076F851E000BF25
:10B7700037A301220021022006F0D6F800BFFFF710
:10B7800023FD012801D1FFF72BFD42E000BF33A3C9
:10B7900001220021022006F0C7F800BF39E000BFF7
:10B7A000204806F007FC00BF1B48407810B9002075
:10B7B00003F0C2FA1A48006878B119480068C068F6
:10B7C00058B117490968C868804700BF26A30122FD
:10B7D0000021022006F0A8F800BF1AE000BF25A350
:10B7E00001220021022006F09FF800BF0A4840789D
:10B7F00010B9002003F0A0FA0948006838B10848E1
:10B800000068006918B1064909680869804700E0C6
:10B8100000BF00BF7CBD00008C1C0020E81C002085
:10B82000BC010020001D00208C1B00204952515FEC
:10B8300052585F54585F54494D454F55540D0A00B6
:10B84000505245204F4B0D0A00000000F4460108FD
:10B8500053594E43204F4B0D0A00000048445220DC
:10B860004F4B0D0A00000000484452204B4F0D0A78
:10B87000000000004952515F4352435F4552524F0E
:10B88000520D0A002DE9F04F8BB007460C461546C5
:10B890001E464FF001084FF000094FF0000A01F07A
:10B8A0004BF8002000F006FA384600F0DFF90120DE
:10B8B000002106910791CDE90810029103910491AE
:10B8C00003200B464FF41672CDE900400591214646
:10B8D000002000F059FA002000F076F8FFF7B2FDE2
:10B8E0008346F6F766FF06F071FA824608E000200C
:10B8F00000F065F88146A94502DD4FF0000804E03C
:10B90000504606F06FFAB042F1D300BF01F014F8D0
:10B9100040460BB0BDE8F08F10B504460248A0F8D1
:10B920005440FFF7E9FD10BD8C1C002010B5044603
:10B9300000F002F810BD000010B50648006838B1EC
:10B9400004480068C06818B102490968C86880479F
:10B9500010BD0000BC01002010B5044600F002F844
:10B9600010BD000010B50648006838B104480068F2
:10B97000406818B1024909684868804710BD000056
:10B98000BC01002010B5002400231A4619461846B1
:10B9900002F062FF02F025FE0446204610BD10B5FD
:10B9A0000446204602F0E4FE10BD70B504460D4684
:10B9B000164632462946204602F0E8FE70BD10B514
:10B9C000044602F042FE10BD10B50446FFF7FCFB32
:10B9D000012802D1FFF7FCFB06E000231A4640F2E3
:10B9E0006221084602F038FF54B100BF21461048DA
:10B9F00006F074FA00BF00BF0D4806F08BFA00BFD6
:10BA000000200C49886591F85600002103F0AFF939
:10BA100008484078012804D16FF07F4003F016F900
:10BA200004E004498968880103F010F910BD0000A2
:10BA3000001D00208C1C002010B50446FFF7C4FB3D
:10BA4000012802D1FFF7C4FB06E000231A4640F2AA
:10BA50006221084602F000FF54B100BF21461048A1
:10BA600006F03CFA00BF00BF0D4806F053FA00BFD5
:10BA700000200C49886591F85600002103F077F901
:10BA800008484078012804D16FF07F4003F0F4F8B3
:10BA900004E004498968880103F0EEF810BD000055
:10BAA000001D00208C1C0020F8B506460C46002323
:10BAB0001A4640F20121084602F0CEFE624991F892
:10BAC0005600012103F053F95F480078012810D196
:10BAD0005D4890F8510006280BD140F6890002F02D
:10BAE00047FE20F00405294640F6890003F07AFA63
:10BAF0000AE040F6890002F03BFE40F004052946CA
:10BB000040F6890003F06EFA4F48007805286FD29E
:10BB1000DFE800F00F030E3C4A004B48C4770E30BC
:10BB200002F094FF00222146304602F045FE7CE000
:10BB300000BFFFF749FB01281DD16A462146304668
:10BB4000FFF751FB68B99DF800103F4881750E3032
:10BB500002F07CFF00229DF80010304602F02CFE1F
:10BB600008E000BF39A301220021022005F0DCFE1D
:10BB700000BFF8BD09E0344884750E3002F066FF5E
:10BB800000222146304602F017FE4EE002202E49E8
:10BB90008873084684760E3002F058FF0022214652
:10BBA000304602F009FE40E0224631462D4806F0BC
:10BBB00069FF022024498873601CC1B22248817643
:10BBC0000E3002F043FF0021F12000F035FF00218C
:10BBD000F02000F031FF1C48806C642809D17021EE
:10BBE000F32000F029FF1D21F22000F025FF08E0DE
:10BBF0001AE0E121F32000F01FFF0421F22000F001
:10BC00001BFF022000EBC405290AF42000F014FFFA
:10BC1000E9B2F52000F010FF601CC1B26FF07F4266
:10BC2000104802F0C9FD00E000BF00BF00BF064899
:10BC300041680D4806F052F900BF00BF0A4806F0FF
:10BC400069F900BF00BF94E78C1C00205261646951
:10BC50006F53656E64204F76657273697A650D0A5D
:10BC6000000000008C1B0020E81C002010B50446DA
:10BC7000204602F09BFF10BD70B505460C46012D15
:10BC800007D10A4804700A48C4770E3002F0DEFE7D
:10BC90000AE00748407D012806D1044804700448A2
:10BCA00084750E3002F0D2FE70BD0000B801002095
:10BCB0008C1C002010B50446214804702046FFF774
:10BCC00091FA062C04D2DFE804F00B1204232A3187
:10BCD00000BF032002F03AFF0021194841732CE015
:10BCE000002002F033FF00211548417325E00120B8
:10BCF00002F02CFF1248407B1149097B884206D094
:10BD00000F48017B41730146487B00F01BF814E0AB
:10BD1000022002F01BFF0021094841730DE00220C0
:10BD200002F014FF00210648417306E0002002F0F3
:10BD30000DFF00210248417300BF00BF10BD00008D
:10BD40008C1C002010B504460E4804734473012077
:10BD5000FFF7B0FF012C0AD134214FF4E86003F063
:10BD600041F9442140F2417003F03CF909E014210B
:10BD70004FF4E86003F036F9242140F2417003F0FB
:10BD800031F910BD8C1C00202DE9F04F85B08246A2
:10BD90000E4614469B46DDE910890F9FBF49179850
:10BDA0004870FFF70BFA1798012801D14FF00008EF
:10BDB000B9F1010F03D1BA491298087002E0FF20CF
:10BDC000B7490870BAF1000F7ED0BAF1010F7CD0EC
:10BDD000BAF1050F7AD1012002F0C2FF0020AF496D
:10BDE00081F838000846C463092180F844104FF4F4
:10BDF00048710164304602F071FB0146A74880F8A3
:10BE000045100020A54988734FF6FF7000EAC7016E
:10BE1000A2480182002181741021C17400210175A2
:10BE200041759F4801789D4881750121C1750021A8
:10BE300001760520FFF73EFF9848383002F050FDAC
:10BE400096480E3002F002FE96A103C9CDE9030127
:10BE500003A802F0A2FF40F2FF1003F079F840F6C9
:10BE6000B800FFF79CFD054625F01005294640F671
:10BE7000B80000F0E1FD042140F6B90000F0DCFD5F
:10BE800040F69B00FFF78BFD054625F01C0545F0AD
:10BE9000080140F69B0000F0CFFD40F2D160FFF7B3
:10BEA0007EFD054625F0180545F0180140F2D160E9
:10BEB00000F0C2FD40F2AC60FFF771FD054625F0D1
:10BEC000700545F0500102E00FE066E0E1E040F26D
:10BED000AC6000F0B1FD4FEAC8004FF47A714843FE
:10BEE000B0FBF4F06D498860D4E0002002F038FF28
:10BEF00000206A4981F838000846C4630B2180F8A5
:10BF00004410304602F0EAFA0146644880F84510D1
:10BF10000020624988734FF6FF7000EAC7015F484E
:10BF20000182042181741821C1740021017589F0F6
:10BF3000010141755A4801785848817513980128C4
:10BF400003D1F2215548C17502E001215348C17562
:10BF500001215248017600F0EFFC0020FFF7AAFE15
:10BF60004E48383002F0BCFC4C480E3002F06EFDFA
:10BF70004EA103C9CDE9010101A802F00EFF40F274
:10BF8000FF1002F0E5FF4FEAC8004FF47A71484312
:10BF9000B0FBF4F0414988607CE0002002F0E0FE54
:10BFA00001203E4981F83800084680F85040414859
:10BFB000815D3A4880F8511080F852B01EB90B2CC0
:10BFC00005D00C2C03D0012E06D10C2C04D101215C
:10BFD000324880F8531003E00021304880F85310B5
:10BFE00001202E498873084690F85000052804D097
:10BFF000084690F85000062808D10C2F03DA0C21CF
:10C000002648818304E02548878301E0234887830D
:10C01000224880F81E90224801782048C177139961
:10C0200080F82010169980F8211000F085FC01207E
:10C03000FFF740FE1948383002F052FC17480E3026
:10C0400002F004FD08F0FF0002F02BFC134890F80A
:10C05000210001280CD140F2367002F089FB20F05B
:10C0600004000146009040F2367002F0BBFF0BE086
:10C0700040F2367002F07CFB40F004000146009074
:10C0800040F2367002F0AEFF4FF6FF700349886051
:10C0900000E000BF00BF05B0BDE8F08F8C1C0020A1
:10C0A000B8010020B227000000000000C194C100C8
:10C0B000000000007847010870B504460D460220D4
:10C0C00000FB04500949886500231A464FF6FF71AA
:10C0D000084602F0C1FB054991F85600002102F024
:10C0E00046FE2946204602F0E3FD70BD8C1C002070
:10C0F0002DE9F04786B080460C4615461E464FF0A7
:10C100000009002004900590FFF758F805B10026BB
:10C110000DB1012000E00020A4494870B8F1000FE3
:10C1200003D0B8F1010F78D1A9E0A06808B1E068A8
:10C1300020B94FF0FF3006B0BDE8F087A07F082897
:10C1400002DD4FF0FF30F6E7A27F04A8216905F079
:10C1500007FD216809B1012100E00021084602F035
:10C16000FFFD0020914981F83800241D8F48616847
:10C17000C163217F80F84410206802F0AFF90146C6
:10C180008A4880F845100020884988734FF6FF716F
:10C19000A06801EAC00185480182E17E8174A07E29
:10C1A000C006010E8148C174617F0175A07F241F04
:10C1B00018B9217D7D4881750AE094F82200022893
:10C1C00003D1FF217948817502E0FF21774881750D
:10C1D00094F82400022803D094F82200022825D1E4
:10C1E00094F82300F1280AD094F82300F22806D00E
:10C1F00094F82300012802D04FF0FF309BE7002085
:10C200008DF80C0002946A4A6A48016801A8FEF79A
:10C21000D7FF18B14FF0FF308DE7C3E0002163482E
:10C2200001760121C1750021417508E02234617851
:10C230005E48C175A178017614F82219417500F0A5
:10C240007BFB0020FFF736FD5848383002F048FBF2
:10C2500056480E3002F0FAFB04A802F09EFDA08BB7
:10C2600002F076FE208B02F0CDFA4FF47A70704324
:10C27000C000A168B0FBF1F04C49886093E0208ECB
:10C2800010B94FF0FF3056E73220005D012801D190
:10C29000277D00E0FF27A16A09B1012100E000210C
:10C2A000084602F05DFDF0B202F0FBFA01203F49C2
:10C2B00081F838002C20015D3C4880F850102D207A
:10C2C000015D3A4880F851102E20015D374880F812
:10C2D00052102F20005D20B1012807D002281CD168
:10C2E00009E00021314880F8531017E001212F4860
:10C2F00080F8531012E02C20005D0B2803D02C2076
:10C30000005D0C2804D10121284880F8531003E077
:10C310000021264880F8531000E000BF00BF012034
:10C3200022498873218E214881833220015D1F4874
:10C330008177C7773420015D1C4880F820103520B4
:10C34000015D1A4880F8211000F0F6FA0120FFF78D
:10C35000B1FC1648383002F0C3FA14480E3002F02F
:10C3600075FB124890F8210001280BD140F236707D
:10C3700002F0FEF920F0040A514640F2367002F055
:10C3800031FE0AE040F2367002F0F2F940F0040AA1
:10C39000514640F2367002F025FE4FF6FF70034919
:10C3A000886000E000BF00BF4846C4E68C1C002047
:10C3B000001D0020BC0100202DE9FC5F07468846D7
:10C3C00091461D46DDE90FAB0E9E0C9CFEF7F6FE76
:10C3D00027B1012F4BD0042F7DD19CE000205E4976
:10C3E00081F838000846C4630B2180F844102846C1
:10C3F00002F074F80146584880F84510C0F84090A3
:10C400000020554988734FF6FF7000EAC601524874
:10C410000182042181741821C174002101758AF000
:10C4200001014175BBF1010F02D1F221C17502E09A
:10C4300001214948C17501214748017600F07CFA85
:10C440000020FFF737FC4448383002F049FA4248F0
:10C450000E3002F0FBFA41A103C9CDE900016846A4
:10C4600002F09BFC40F2FF1002F072FD64E001203C
:10C47000394981F83800084680F850403948415D14
:10C48000354880F851100D9980F852101DB90B2CC9
:10C4900005D00C2C03D0012D06D10C2C04D1012188
:10C4A0002D4880F8531003E000212B4880F85310EA
:10C4B000012029498873084690F85000052804D0C7
:10C4C000084690F85000062809D10C2E04DA0C21F9
:10C4D0002148818305E02EE01F48868301E01E4845
:10C4E00086831D4880F81EA01F4801781A48C1772E
:10C4F00080F820B0139980F8211000F01DFA012077
:10C50000FFF7D8FB1448383002F0EAF912480E3031
:10C5100002F09CFA10E00420FFF7CCFB02200E4949
:10C5200081F8380008468464162180F84C103830B1
:10C5300002F0D6F900E000BF00BF404602F066FB03
:10C54000054981F8560091F85600FEF74AFE024967
:10C5500014984860BDE8FC9F8C1C0020C194C10069
:10C560000000000078470108B80100202DE9F041E3
:10C5700006460C4615464FF47A7005FB00F7304628
:10C5800002F014FB204602F041FB804601214046A8
:10C5900002F0EDFB02F038FC00BF3946054805F01B
:10C5A0009DFC00BF00BF034805F0B4FC00BFBDE820
:10C5B000F0810000E81C00202DE9F04385B006461C
:10C5C0000C4617469846002003900490FEF7F6FDAF
:10C5D000002E70D0012E6FD0022E6ED0032E6DD1A2
:10C5E000A07C082803DD301F05B0BDE8F083A27CE5
:10C5F00003A8A16805F0B4FA206810B94FF0FF3025
:10C60000F2E742F21071206888420CD8022503201C
:10C61000BE49887381F83800BC482168C163E17C59
:10C6200080F844100FE000250020B849887381F895
:10C630003800B6482168C163E17C80F84410206866
:10C640008108B24801644FF6FF71606801EAC001D9
:10C65000AE48018204218174A07CC006010EAB4863
:10C66000C17400210175A07D022802D0207D02281E
:10C6700025D1607DF12808D0607DF22805D0607D4D
:10C68000012802D04FF0FF30AEE7009401208DF872
:10C6900008009F4A9F4801686846FEF791FD10B167
:10C6A0004FF0FF30A0E70021984801760121C175C5
:10C6B000002141750AE020E094E0FCE015E1617D95
:10C6C0009248C175A17D0176217D417500F034F954
:10C6D0002846FFF7EFFA8D48383002F001F98B4811
:10C6E0000E3002F0B3F903A802F057FB208A02F0E3
:10C6F0002FFCA08902F086F8F8E0206810B94FF00E
:10C70000FF3071E7A07C082802DD4FF0FF306BE7B7
:10C71000A27C03A8A16805F023FA00207B4981F8D8
:10C7200038007A482168C163E17C80F84410A1692F
:10C7300001640020754988734FF6FF71606801EA53
:10C74000C0017248018204218174A07CC006010EE0
:10C750006E48C17400210175A07D022802D0207DA1
:10C76000022821D1607DF12808D0607DF22805D013
:10C77000607D012802D04FF0FF3035E701208DF8B1
:10C7800008000094624A634801686846FEF718FD95
:10C7900010B14FF0FF3027E700215C4801760121FE
:10C7A000C1750021417506E0617D5848C175A17DC4
:10C7B0000176217D417500F0BFF80020FFF77AFA7D
:10C7C0005248383002F08CF850480E3002F03EF9F2
:10C7D00003A802F0E2FA208A02F0BAFBA08902F074
:10C7E00011F883E00120494981F838002178474851
:10C7F00080F85010617880F85110A17880F85210BC
:10C80000E07820B1012807D002281AD109E00021E0
:10C810003E4880F8531015E001213C4880F8531041
:10C8200010E020780B2802D020780C2804D10121B8
:10C83000364880F8531003E00021344880F8531044
:10C8400000E000BF00BF012030498873A1882F4855
:10C850008183A1798177E17980F82010217A80F8AD
:10C86000211000F069F80120FFF724FA274838303A
:10C8700002F036F825480E3002F0E8F8234890F828
:10C88000510006280BD140F6890001F071FF20F01D
:10C890000409494640F6890002F0A4FB0AE040F68C
:10C8A000890001F065FF40F00409494640F689001F
:10C8B00002F098FB1AE0206818B12068B0F57A7F82
:10C8C00002D94FF0FF308FE60320FFF7F3F9022083
:10C8D0000E4981F838000D4821688164162180F8DE
:10C8E0004C10383001F0FCFF00E000BF00BF3846BC
:10C8F00002F08CF9054981F8560091F85600FEF7D0
:10C9000070FC0248C0F8048000206DE68C1C0020FA
:10C91000E81C0020BC01002008B5002000909DF814
:10C92000000020F00400001D0090009802F0E0F9E3
:10C930000220F5F73EFF08BD10B5002002F0FCF91B
:10C9400010BD000010B5084991F85600002102F012
:10C950000EFA00231A464FF4C071084601F07CFF1E
:10C9600001F044FF10BD00008C1C00202DE9FE4F9B
:10C9700081460E4615461F46DDE90EAB4FF0000816
:10C980000124B9F1000F03D0B9F1010F21D10DE05D
:10C99000CDE900AB39462846DDE90C23FEF7A3FCC0
:10C9A0004FF47A7100FB01F82C4613E00D988DE8E6
:10C9B000010C3A46294630460C9BFEF7D9FC4FF451
:10C9C0007A7100FB01F80749885DFEF7A1FC044677
:10C9D00000E000BF00BF08EB0400401EB0FBF4F015
:10C9E000BDE8FE8F7847010870B50446204602F086
:10C9F0000DF905460121284602F0B9F902F004FAC2
:10CA000070BD000010B5094991F85600012102F0EF
:10CA1000AEF907482D21426C4FF4D760904702F0E1
:10CA2000FAF9044802F0DAF910BD00008C1C00206D
:10CA3000F4460108FFFF0F0070B504460D46294675
:10CA4000204602F0CFFA70BD70B504460D4616467A
:10CA500032462946204602F0D1FA70BD70B5044630
:10CA6000FEF72CFB01280DD140F6231001F080FECB
:10CA7000054625F0060545EA040140F6231002F0BC
:10CA8000B1FA00BF70BD70B504460D461646022CC3
:10CA900004D13146284600F024F870BD0020FCE7A0
:10CAA00070B505460C46022D03D1204600F020F853
:10CAB00000E000BF00BF70BD2DE9F04105460E4605
:10CAC00014461F46022D06D13A462146304600F054
:10CAD0003FF8BDE8F081E0B2FBE7034603FB02103C
:10CAE00070470246002A01DA002070471046FCE732
:10CAF00030B50179102900D030BD0168C97B01290A
:10CB000000D0F9E7002100221CE003689B5C0F4C79
:10CB1000246804F5906424F811300C4B1B6803F56D
:10CB2000906333F81140531C0568EB5C44EA03241E
:10CB3000064B1B6803F5906323F811404B1CD9B2D8
:10CB4000931CDAB20529E0DD00BFD5E7040100201F
:10CB500010B50446881A43B2002B00DA0023D8B27D
:10CB600010BD000010B50446207910B1012812D183
:10CB700008E006220A482168006800F5906000F08D
:10CB8000A4FC0AE0062206482168006800F28C40F6
:10CB900000F09BFC01E0002010BD00BF0120FBE77E
:10CBA000040100202DE9FC4705460E4617461C46A9
:10CBB0004FF00008052D01DA284600E005206070DE
:10CBC00094F901000F4900F020FEA07094F90120B3
:10CBD0000C4B53F822100C4B985C00F05FFD804624
:10CBE0000A49C86D8047814604F10C00011F4B467D
:10CBF0003A46CDE900103146404600F0B6FCBDE8AB
:10CC0000FC870000D8450108D0450108F44601081A
:10CC100001464FF0FF3070471FB5044600200390D7
:10CC200020783A2877D2DFE800F0D01D20D0D0D08D
:10CC300023D03AD03D4043464C5255595D61656919
:10CC40006D777A7D80868C8F9396999C26D0D0D0F4
:10CC5000D0D0D0D0D0D0D0D0D0D09FA6B0B3D0B686
:10CC6000BDC0C3C900200390B0E000200390ADE038
:10CC700000200390AAE0574A07CA8DE807006078B1
:10CC80008DF800005448006800F59060019052480B
:10CC900000680290684600F0CEFD039096E0002008
:10CCA000039093E00020039090E0402003908DE0FB
:10CCB000202003908AE094F901004849085C039021
:10CCC00084E094F901004649085C03907EE000206E
:10CCD00003907BE040F6B830039077E04FF47A7031
:10CCE000039073E04FF4FA6003906FE041F28830F4
:10CCF00003906BE041F27070039067E04FF4804066
:10CD0000039063E04FF47A71484205F029FF00F583
:10CD1000FA6003905AE058E00020039056E0314852
:10CD2000039053E00020039050E02B48006800F58A
:10CD3000906003904AE02848006800F28C4003901D
:10CD400044E06020039041E02348006803903DE008
:10CD5000002003903AE00020039037E0224803903F
:10CD600034E02248039031E02079214A2149FFF73D
:10CD7000B4FE03902AE013208DF80C0003208DF8F8
:10CD80000D0001208DF80E0020E0022003901DE030
:10CD9000082003901AE02079154A1649FFF79DFEF6
:10CDA000039013E00220039010E0082003900DE0B0
:10CDB00094F901001049085C039007E094F9010020
:10CDC0000E4900F022FD039000E000BF00BF039871
:10CDD00004B010BDFC45010804010020F045010825
:10CDE000F645010820441E1E333399419A990940A3
:10CDF000400D0300E00A4C1ED0450108D84501084B
:10CE000010B586B00446182239496846F3F7B8FAD7
:10CE1000207A20B101285BD0022865D159E0206832
:10CE200008B1606808B906B010BD324920680860D2
:10CE3000314960680860182269462E48006805F08C
:10CE4000BBFC00201DE040F6354141432B4A02EB7C
:10CE5000811100EB4002284B1B6843F8221050213F
:10CE600000EB4002244B1B6803EB8202117200218D
:10CE700000EB4002204B1B6803EB82025172411C05
:10CE8000C8B26028DFDBFF201B490968A1F88C04C9
:10CE9000002119480068A0F88E1417480068A0F80F
:10CEA000901415480068A0F8921413480068A0F880
:10CEB000941411480068A0F8961406220E480168E0
:10CEC00001F28C41006800F5906000F0FEFA0CE081
:10CED00000BF06220848016801F28C41006800F595
:10CEE000906000F0F2FA00E000BF00BF00BF9AE7D8
:10CEF0000846010800010020040100206035081CDC
:10CF00002DE9F04F91B004460F4690469946DDF862
:10CF100068B0072500200F901090824600260C90E4
:10CF20000D900E9006225948016801F590610CA8F9
:10CF300000F0CBFA47E0616888190FA900F03BFDCB
:10CF40008246BAF1000F00D140E006EB0A00C6B2FB
:10CF500007259DF83F0006280ED14FF6FF70ADF86B
:10CF60003000ADF83200ADF83400ADF83600ADF861
:10CF70003800ADF83A0026E09DF83F00072802D1BE
:10CF800005F0FE051FE0002014E0BDF8401001226E
:10CF90008240114061B19DF83F1000EB011101EB9F
:10CFA00041013A4A126852F8211009B905F0FE050C
:10CFB000411CC8B21028E8DBBDF840009DF83F10C6
:10CFC0000CAA22F81100207AB042B4DC00BF022083
:10CFD0008DF82800607A8DF82A000AA8FFF71CFE59
:10CFE00009908DF80850A07A8DF809009DF83D0051
:10CFF0008DF80A009DF83E008DF80B009DF83C006E
:10D000008DF80C00E07A8DF80D00207B8DF80E0075
:10D01000607B40B28DF80F0060208DF810000CA8E6
:10D020000590099840B28DF8180005208DF8190078
:10D0300016480068079007208DF8200000208DF822
:10D040002100206801900FAB9A1C511E01A800F02E
:10D0500061FC0546072D07D106220CA90B48006884
:10D0600000F5906000F031FA9DF83D0038709DF8B1
:10D070003E0088F800009DF83C0089F800008BF81D
:10D080000060284611B0BDE8F08F000004010020C8
:10D0900001464FF0FF3070472DE9F041AAB0044639
:10D0A0000D4616461F46002029902890602110A8A2
:10D0B000F3F798F94FF00C08062200213548006874
:10D0C00000F5906000F014FBD0B94FF6FF703149C5
:10D0D0000968A1F8800401462E480068A0F882146F
:10D0E0002C480068A0F884142A480068A0F8861428
:10D0F00028480068A0F8881426480068A0F88A1418
:10D10000607A8DF80800207A8DF8090021480068BF
:10D1100000F5906003901F48006804901E48006866
:10D1200005906020ADF81800002007902068089056
:10D1300060680990A07A8DF8280001208DF82900F8
:10D14000D4E90301CDE90B01207D8DF83400E18A9B
:10D1500094F90800F4F7E8FB0E9002A80F9028A8B5
:10D1600029AB10AA3946CDE9000608A800F087FBD4
:10D170008046B8F1000F08D19DF8A400411E0020A0
:10D1800005F0EEFC10A9085C287040462AB0BDE806
:10D19000F081000004010020000100202DE9F0438F
:10D1A0008BB004460F4694F901504FF00008C14679
:10D1B000666828494868804718B100200BB0BDE870
:10D1C000F083E07C58B92078302190FBF1F201FB2C
:10D1D000120040F6354148431F4901EB80161F48B5
:10D1E000405D4FFA80F91B48C16830468847A07CF3
:10D1F000012100220692CDE907210990208980B201
:10D20000CDE90202049208200592CDE90020A17820
:10D21000104801234A46D0F818C01846E047607C01
:10D22000012803D10E4810F8058002E00D4810F8DF
:10D23000058008F10D00C1B20648426D01209047FB
:10D24000E07C2A46314600F0DBFB68B238700120F2
:10D25000B4E70000F4460108E0F8D11DD04501080C
:10D26000F6450108F045010870B5044607256068D9
:10D2700004F0A4FF08B905F0FE0594F900000522AA
:10D28000002100F0DDFC08B905F0FD0594F901006E
:10D290000522002100F0D4FC08B905F0FB05284662
:10D2A00070BD000038B5044620690090627823788C
:10D2B00003EB4303074DA1682D6805EB83035B7AFD
:10D2C00003EB4303044D2D6805EBC300E36800F056
:10D2D000D5FB38BD04010020000100202DE9F041FC
:10D2E0000446227802EB4202134B1B6803EB8202D6
:10D2F000527A02EB4202114B1B6803EBC20292F915
:10D30000021094F9020000F0FEFA0746002520788A
:10D3100000EB40000849096851F820603846D4E91C
:10D32000011200F0C5F90546A28905482946C36BDC
:10D3300030469847BDE8F08104010020000100203C
:10D34000F44601082DE9F0478AB004460D4616461A
:10D3500094F901003149085C4FFA80F8227802EB19
:10D3600042022F4B1B6803EB8202527A02EB42020D
:10D370002C4B1B6803EBC20292F9021094F90200D5
:10D3800000F0C1FA074694F90100274900F03DFA80
:10D3900082464FF000093846D4E9011200F088F9BE
:10D3A0008146227802EB42021D4B1B6853F8220093
:10D3B0001E4AD16888474FF47A6000210591069192
:10D3C000CDE9071001200822CDE90102CDF8008047
:10D3D000CDE90310154853460A464946D0F81CC00B
:10D3E0000120E04794F90110227802EB42020C4B35
:10D3F0001B6853F8220000F05FFB217B0B48426D55
:10D4000001209047A18994F90100F4F78DFA30606A
:10D410002F7001200AB0BDE8F0870000D045010858
:10D420000401002000010020D8450108F44601084D
:10D4300001464FF0FF30704770B504460D46072D8A
:10D440001DD005DC5DB1052D0DD0062D30D10BE0D2
:10D45000092D20D00A2D1DD00F2D29D126E02068BE
:10D4600004F0ACFE70BD00BF94F90000052200215D
:10D4700000F0E6FB08B10120F4E70020F2E794F9A0
:10D4800000000522002100F0DBFB08B10120E9E7E4
:10D490000020E7E700BF94F900000722002100F018
:10D4A000CFFB08B10120DDE70020DBE70020D9E752
:10D4B0000020D7E770B504460D46022C03D128465C
:10D4C000FFF750FB70BD0020FCE710B5034653B1D9
:10D4D00049B1002005E031F8104023F81040441C09
:10D4E000E0B29042F7DB10BD2DE9F04F06460F4643
:10D4F00090469946DDF828A049464046099A00F032
:10D500009FFB10B90020BDE8F08F0025AB4628E056
:10D5100000241DE037F81B100120A0400140A9B1F4
:10D52000281900EB40000AEB8000007AC0F30312D8
:10D53000281900EB40000AEB8000007A00F00F0190
:10D54000404600F07DFB012800D1DCE7601CC4B23E
:10D55000102CDFDB05F11000C5B20BF1010000F06B
:10D56000FF0BB542D4DB0020CDE7F0B5DDE9054582
:10D570004E00083E46434FF47A7757434FF0020C73
:10D580000CFB076666B14E00083E46434FF47A77BF
:10D5900057430CFB07660644761EB6FBF0F60BE01D
:10D5A0004E00083E46434FF47A7757434FF0020C43
:10D5B0000CFB0766B6FBF0F68E4224D94E00083EFF
:10D5C00046434FF47A7757434FF0020C0CFB076643
:10D5D00066B14E00083E46434FF47A7757430CFB42
:10D5E00007660644761EB6FBF0F60DE04E00083ED8
:10D5F00046434FF47A7757434FF0020C0CFB076613
:10D60000B6FBF0F600E00E4626608700266846432B
:10D6100026B126684643761C760802E02668464313
:10D620007608BE1B03EB4307C7EBC317A6EBC70681
:10D63000002E19DD87002668464326B1266846433A
:10D64000761C760802E0266846437608BE1B03EB8C
:10D650004307C7EBC317A6EBC70606F2E7364FF43E
:10D660007A7796FBF7F616E087002668464326B1E0
:10D6700026684643761C760802E02668464376080C
:10D68000BE1B03EB4307C7EBC317A6EBC7064FF45C
:10D690007A7796FBF7F62E60F0BD00000246012077
:10D6A0009040024B5843B0FBF1F0704740420F00EE
:10D6B0002DE9FE4F04468A46914600200290600004
:10D6C00006F07CFB5146009006F058FC494601905C
:10D6D00006F05EFC834606F0CDF9074604F022FF13
:10D6E000054605F01FFF40B202900298BDE8FE8F8C
:10D6F0002DE9F04104460E4617464FF0000814B9D4
:10D700000020BDE8F081354609E034F8150010210D
:10D71000F3F75AFC404400F0FF08681CC5B2BD4254
:10D72000F3DB4046EDE72DE9FF4F0446884691467E
:10D730004FF0000AD346002600275CE0002553E0A6
:10D74000606830F817000121A9400840002848D03F
:10D75000711901EB4101A06850F8210000B941E0C6
:10D76000207848B9606938B1606930F81700012144
:10D77000A940084000B935E006EB050C0CEB4C0C59
:10D78000A36803EB8C0393F908301A1106EB050C20
:10D790000CEB4C0CA36803EB8C031B7A43F30301E3
:10D7A000637858B200F04CFA00B91BE0711901EB34
:10D7B0004101A06800EB8100407A00EB4000E16885
:10D7C00001EBC000007D20B90BF1010000F0FF0B60
:10D7D00008E07019C2B25046411C01F0FF0A08F877
:10D7E000002000BF681CC5B2102DA9DB06F1100097
:10D7F000C6B2781CC7B2208AB0429FDC89F800A06C
:10D80000039880F800B0BDE8FF8F024651F822006F
:10D81000A0F5F430483840B1A0F5F430483830B1C4
:10D82000A0F57430903820B100BF0020704701206F
:10D83000FCE70220FAE73CB5044694F9005094F95D
:10D84000000094F90210884202D194F902003CBD14
:10D8500000BF681E45B294F90200A8420DD094F9A9
:10D860000110A068CDE9001094F90230E0782A4652
:10D870006168FFF739FE0028EBD02846E7E72DE97D
:10D88000FF470446884691461D46DDE90C676068FF
:10D8900004F0A8FA82462068A0EB0A003860012054
:10D8A000307000202870606810B1206850451BD887
:10D8B0000020C8F80000A0690390D4E90301CDE975
:10D8C0000101207D0090237A627AD4F81CC09CF874
:10D8D0000000DCF80C1000F00BF9386033462A46E3
:10D8E0004946E069FFF71FFF2878002804DD002083
:10D8F000386004B0BDE8F0873078002801DD0B20E7
:10D90000F7E70C20F5E702468A4201DD1046704732
:10D910000846FCE72DE9FC4F0446884691469A46A6
:10D92000257994F9067094F90760207A4FFA80FB04
:10D93000607928B994F90BB094F9097094F90A60E8
:10D9400035B30F2F02D194F909700EE094F9151038
:10D95000A069CDE9001094F91430207B3A46216982
:10D96000FFF7C2FD08B905F0FD050F2E02D194F9AD
:10D970000A6010E094F91C2094F91D10304600F064
:10D980005FF928B994F91D00B04202DD94F91D60D9
:10D9900001E005F0FB05072D04D1BBF1000F01D11B
:10D9A0004FF0010B88F8007089F800608AF800B029
:10D9B0002846BDE8FC8F10B5024600201378032BE3
:10D9C0001CD153785BB24B704B7803F00F038B7014
:10D9D0004B78C3F303134B7093788B808B88D47888
:10D9E00043EA04238B8013790B700B78C3F3021383
:10D9F000CB700B7803F00F030B70052010BD0000F7
:10DA0000FEB504460D461646062C0CDA00BF0B4840
:10DA100050F824000AA3012200218DE861000220B1
:10DA200003F082FF09E000BF0DA3012200210220C4
:10DA3000CDE9005603F078FF00BFFEBD08010020CD
:10DA400052585F2573206F6E2066726571202564C1
:10DA500020487A2061742044522025640D0A000079
:10DA60005258206F6E206672657120256420487AB6
:10DA70002061742044522025640D0A000FB42DE962
:10DA8000F04104460D46164631462046DDE909239D
:10DA9000F3F732FE074605FB07F0E168814204D93F
:10DAA000E06805FB1700E06001E00020E060BDE8F1
:10DAB000F0015DF814FB00007CB504460D4600BF84
:10DAC00004A3012200210220CDE9004503F02CFF30
:10DAD00000BF7CBD5458206F6E2066726571202592
:10DAE0006420487A2061742044522025640D0A0085
:10DAF0002DE9F04F87B006460D46934698464FF005
:10DB0000FF30069004F062F9059000274FF00109FC
:10DB1000BA46002483E005980290DDE91101CDE9C1
:10DB2000000104EB440105EBC10042463146109B65
:10DB300004F0C6FA8146139800FB09F704EB440091
:10DB400005EBC000C068B84204D8B8F1000F0CD192
:10DB5000012E0AD1012004EB440105EBC101087537
:10DB60000AF1010000F0FF0A57E0002004EB440135
:10DB700005EBC101087504EB440005EBC00000692A
:10DB8000B84215D904EB440005EBC000C068391A4F
:10DB90000698814201D9069805E004EB440005EBA4
:10DBA000C000C068381A06900AF1010000F0FF0AB0
:10DBB0009EBB002003900490B9F1640F03D14FF491
:10DBC0006160039008E0B9F57A7F03D149F6B0208F
:10DBD000039001E0184803901749119888420AD928
:10DBE0001198401A1549B0FBF1F0401C134A0399F3
:10DBF00002FB001003901298009001A8119BDDE930
:10DC0000031202F0A1FBDDE90101CDE90301DDE929
:10DC1000030102F0BFFB069000BF601CC4B25C456C
:10DC2000FFF679AFBAF1000F04D14FF0FF3007B023
:10DC3000BDE8F08F0698FAE730EC01008051010052
:10DC400003468B4203DB934201DC01207047002036
:10DC5000FCE72DE9F04104460D4616461F46DDF867
:10DC60001880022C06D143463A4631462846FEF734
:10DC700099FF00E000BF00BFBDE8F08170B5044629
:10DC80000D46022C03D12846FEF7C2FF70BD0020CE
:10DC9000FCE77CB504460D4600200190022C04D11F
:10DCA0002846FEF7B9FF00907CBD0198FCE7000014
:10DCB00008B502480090009808BD0000030001016B
:10DCC00070B505460C46022D03D12046FFF798F8A3
:10DCD00000E000BF00BF70BD0146022901D1012054
:10DCE00070470020FCE72DE9F84304460D46164630
:10DCF0001F46DDE90889022C09D143463A463146E0
:10DD00002846CDF80090FFF7FBF8BDE8F883002027
:10DD1000FBE770B504460D46022C03D12846FFF7F9
:10DD2000B7F970BD0020FCE72DE9F04104460D462F
:10DD300016461F46DDF81880022C07D143463A46A6
:10DD400031462846FFF7A8F9BDE8F0810920FBE736
:10DD500070B504460D461646022C04D131462846BD
:10DD6000FFF71CFA70BD0020FCE770B504460D46B5
:10DD7000022C03D12846FFF777FA70BD0020FCE79C
:10DD800070B505460C46022D03D12046FFF78AFAEE
:10DD900000E070BD00BF00BFFBE770B505460C4654
:10DDA000022D03D12046FFF799FA00E000BF00BF23
:10DDB00070BD2DE9F04104460D4616461F46022C63
:10DDC00006D13A4631462846FFF7BCFABDE8F08155
:10DDD0000020FBE770B504460D46022C03D128460F
:10DDE000FFF726FB70BD0020FCE770B504460D462A
:10DDF0001646022C04D131462846FFF71DFB70BDA4
:10DE00000020FCE737B5044615460CB1012C0BD1B8
:10DE1000012D07D19DF80400C0F3401020B1F8F7A0
:10DE2000EBFE01E0F8F7E8FE3EBD000000201049DF
:10DE30000968C860411E0E48006801610C4800680E
:10DE400041610B48006881610948006880690849A0
:10DE500009680862002007E04FF0FF3204490968B2
:10DE60001C3141F82020401C0128F5DB70470000E0
:10DE70002801002000B58DB00021564880F8181107
:10DE8000002054498862544981F81004012081F827
:10DE9000110481F81204002081F8130400214D4878
:10DEA00080F807110121A0F80A1190F8CC1080F831
:10DEB000381090F8CD1080F8391090F8A51080F83F
:10DEC000611000F144014030C26E806EC1E9080269
:10DED000081F426F006FC1E90A023E4890F8B8106F
:10DEE00080F8741090F8B91080F87510D0F8BC1054
:10DEF0008167D0F8C010C1670020374981F8140449
:10DF00000021344880F83A1001208DF80800334889
:10DF10000090A03001902F4991F840006946FFF72A
:10DF2000CFFE00202C4981F81504084690F815040E
:10DF300081F8CC032748416E2748C0F8D013254804
:10DF400090F87510244880F8DC13224890F880106F
:10DF5000214880F8DD13002180F8DE13012180F8CC
:10DF6000DF13142200F5737100F57870F2F708FAE8
:10DF70000121194880F8F213022180F8F3130020E0
:10DF80000B900C901448D0F8480348B11248D0F8D0
:10DF9000480340680B901048D0F8480300690C9083
:10DFA0000F48039044380490303005903930069083
:10DFB0000848D430079094380890001D0990943098
:10DFC0000A9000F244620BA903A8F8F744FD0DB0D3
:10DFD00000BD0000B40A0020A8050020940C002019
:10DFE000080A002010B500243A48D0F84003012860
:10DFF00001D0012010BD24213748F2F7F9FF044673
:10E000003548406AA04201D01720F3E71421324876
:10E010002830F2F7EDFF04462F48C06BA04201D034
:10E020001720E7E7DC212C484030F2F7E1FF0446F7
:10E030002948D0F81C01A04201D01720DAE7BC2102
:10E040002648F2F7D5FF04462348D0F8DC01A04269
:10E0500001D01720CEE79C212048C030F2F7C8FF3E
:10E0600004461D48D0F87C02A04201D01720C1E729
:10E0700014211B48F2F7BCFF04461748D0F83007BC
:10E08000A04201D01720B5E740F23472124915487A
:10E0900004F092FB40F2347200210F4804F0A6FB1A
:10E0A0000C4890F815040B4981F8E0030D48C16E47
:10E0B0000848C0F8E4130B4890F87510054880F83C
:10E0C000F013012180F8F213022180F8F3130020ED
:10E0D00090E70000A8050020E811002008130020A8
:10E0E00004190020B40A002070B505460C4600BF94
:10E0F000284603F05FFF00BF0C49086B80470C49BE
:10E1000091F840000B4A2146FFF722FE68B10A4809
:10E1100090F8201480F86214054AD06C034A516BC1
:10E120008847E07C044981F8840470BDF446010806
:10E13000B40A0020C8090020A805002003460022D8
:10E140001946080C000408B91022090401F07F40A8
:10E1500018B902F10800C2B2090201F0704010B90A
:10E16000101DC2B20901054800EB1170007810447F
:10E17000C2B2C2F11F00C0B2704700007B47010865
:10E180000849096821F04001064A116040F44171D4
:10E1900011604FF4B85151601146096841F04001D7
:10E1A000116070470000015818B5024600201E4B50
:10E1B0001B68C3EBC303C3F34C43642413FB04F396
:10E1C000009300BF009B1BB901200123936008E06E
:10E1D000009B5B1E0093154B9B6803F00203022B10
:10E1E000F0D100BFFF23114C23730F4B1B68C3EB0F
:10E1F000C303C3F34C43642413FB04F3009300BF35
:10E20000009B1BB901200123936008E0009B5B1E6B
:10E210000093064B9B6803F00103002BF0D000BF76
:10E22000024BDB680B7018BDBC00002000000158D9
:10E2300018B5024600201D4B1B68C3EBC303C3F394
:10E240004C43642413FB04F3009300BF009B1BB9F1
:10E2500001200123936008E0009B5B1E0093144B98
:10E260009B6803F00203022BF0D100BF104B19731F
:10E270000E4B1B68C3EBC303C3F34C43642413FB73
:10E2800004F3009300BF009B1BB90120012393609E
:10E2900008E0009B5B1E0093054B9B6803F00103A5
:10E2A000002BF0D000BF024BDB6818BDBC00002083
:10E2B0000000015838B504462079012811D10B48D7
:10E2C000006800EB4000C0F34F300090F7F7AAFB66
:10E2D00000BF0098401E009000980028F9D1F7F781
:10E2E000B5FB204600F00CF838BD0000BC00002053
:10E2F00010B50248F6F722FA10BD0000DC0200203B
:10E3000018B502460020124B1B6803EB4303C3F30E
:10E310004B43642413FB04F3009300BF00BF0D4B79
:10E320001B68C3F3800100BF009B1BB901200223BF
:10E3300093600AE0009B5B1E009300BF054B1B68C7
:10E34000C3F340030B40002BE8D100BF18BD000011
:10E35000BC0000201404005801B582B09DF80800EC
:10E36000C0F3801080019DF80810C1F3401140EA0D
:10E3700041109DF80810C1F3001140EA01109DF80A
:10E380000810C1F3C00140EAC1009DF80810C1F3B4
:10E39000800140EA81009DF80810C1F3400140EA85
:10E3A00041009DF8081001F001010843019001228D
:10E3B00001A9892000F000FE0EBD000038B504461A
:10E3C0001B48844206D9E1208DF80000E9208DF831
:10E3D000010026E01748844206D9D7208DF80000B6
:10E3E000DB208DF801001CE01348844206D9C120CF
:10E3F0008DF80000C5208DF8010012E00F4884421E
:10E4000006D975208DF8000081208DF8010008E004
:10E410000B48844205D96B208DF800006F208DF8E1
:10E42000010002226946982000F0C6FD38BD0000B8
:10E4300000E9A43580F8A9328044E52D000B6B1B60
:10E4400040FC54192DE9FE4F06460F4620A00068F7
:10E45000029040F6070000F08BF9804602A8C8F34E
:10E46000C101405C019008F0070000900098401E38
:10E47000012101FA00F0019948431649B1FBF0F976
:10E48000B9FBF6FA01250AFB05F0082800D202259F
:10E490000AFB05F0042800D2042509FB05FB4FF414
:10E4A000D66000F065F90007040D40F2B16000F09D
:10E4B0005FF9044304F40060B0F5006F01D1064831
:10E4C00004434FEA5B106043C0113860BDE8FE8F23
:10E4D00004080A0C0048E80100F0FFFF02460AB9F0
:10E4E0001F20704700210BE0074850F83100904290
:10E4F00004D9054800EBC1000079F2E7481CC1B21D
:10E500001629F1D300BFFEE73C4601080148007818
:10E5100070470000A801002038B504460322694670
:10E52000142000F00FF900F03DF82070207820B1A1
:10E53000012814D00F2828D128E09DF80000207170
:10E540009DF801004042401041B2A1719DF80200C7
:10E550004042401041B261710021A1601EE09DF86F
:10E5600000004042401041B221739DF8010040B2CA
:10E57000801C811061739DF802004042401041B23E
:10E58000A17307480168216108E000BF142200213F
:10E59000204603F0F3FA0F20207000BF00BF38BD03
:10E5A000AC0100200148007870470000A90100205C
:10E5B000F8B505460C4616460020009069462046F0
:10E5C00000F052F82078B04201DD0120F8BD227839
:10E5D00029469DF8000000F09FF80020F6E7012092
:10E5E000704738B5002000900024002540F6E20076
:10E5F00000F0BEF8044624F0010140F6E20000F00D
:10E60000F1FC40F6E50000F0B3F8054625F0800186
:10E6100040F6E50000F0E6FC6FF07F4000F016FBEE
:10E620000422694640F6190000F0B0F8002000F01E
:10E6300083FB214640F6E20000F0D4FC294640F678
:10E64000E50000F0CFFC009838BD38B50024012269
:10E650006946152000F076F89DF800004042401011
:10E6600044B2204638BD000038B504460D460222AB
:10E670006946132000F066F8FFF794FF012809D1DE
:10E6800008480078012805D140F2027000F070F8C7
:10E69000207002E09DF8000020709DF801002870B5
:10E6A00038BD0000AA01002038B504460CB1174857
:10E6B0000460FAF789FC0220FEF7D0F90020144923
:10E6C000087000F039FBFCF7FDFC01280DD140215A
:10E6D00000F06DFB002140F6111000F083FC7F205C
:10E6E00000900098FFF738FE09E0202140F6111055
:10E6F00000F078FC202140F6121000F073FCFCF7CB
:10E70000D9FC01200349087038BD0000B401002085
:10E71000B0010020A80100202DE9F04104460D467B
:10E72000164603F0B5FD074672B633462A46214623
:10E730000348F6F7D7F8384603F0B6FDBDE8F08198
:10E74000DC0200202DE9F04104460D46164603F098
:10E750009FFD074672B633462A4621460348F5F721
:10E760004FFF384603F0A0FDBDE8F081DC02002039
:10E7700038B5044601236A4621460348F6F7FAF8FD
:10E780009DF8000038BD0000DC0200202DE9F041BA
:10E7900004460D46164603F07BFD074672B6334627
:10E7A0002A4621460348F6F7E5F8384603F07CFD93
:10E7B000BDE8F081DC02002070B505460E46144627
:10E7C0003146284600F0D8F9204600F007FB70BD1E
:10E7D00038B505460C468DF800508DF801400222F0
:10E7E00069468F2000F0E8FB38BD000010B500221C
:10E7F0001146C52000F0E0FB07200149087010BD5C
:10E80000A801002038B50446200A8DF80000E0B2C7
:10E810008DF80100FFF7C6FE30B90222694640F2CA
:10E82000BE6000F0EBFB00E000BF00BF38BD38B5B4
:10E830000446200A8DF80000E0B28DF80100FFF7D1
:10E84000B1FE30B90222694640F2BC6000F0D6FB4E
:10E8500000E000BF00BF38BD2DE9FC4107460C4673
:10E8600015461E46380A8DF80000F8B28DF80100F2
:10E87000200A8DF80200E0B28DF80300280A8DF816
:10E880000400E8B28DF80500300A8DF80600F0B2F9
:10E890008DF8070008226946104600F08DFBBDE8A0
:10E8A000FC81F1B501226946A02000F085FB9DF8AE
:10E8B0000000402813DB9DF80000441000250026CE
:10E8C00002E0A410681CC5B21F2CFADC05EBC400E2
:10E8D000C6B2314640F2067000F084FB00BFF8BDBE
:10E8E0002DE9FC410446002500200090019020788D
:10E8F00049490978884202D0207800F027F9207829
:10E9000002283BD003DC38B101287CD14EE003283B
:10E9100060D00F287BD17BE04FF008083F4960684A
:10E92000B1FBF0F5280C8DF80000280A8DF80100E5
:10E93000E8B28DF80200207B8DF80300607B8DF833
:10E94000040000BF00214906A06841EAD011460634
:10E95000334A00233046F1F77DFC054600BF280C02
:10E960008DF80500280A8DF80600E8B28DF807003A
:10E97000424669468B2000F01FFB4AE04FF0040836
:10E9800026492069B1FBF0F5280C8DF80000280A13
:10E990008DF80100E8B28DF80200207D8DF80300AB
:10E9A000424669468B2000F007FB32E04FF0040836
:10E9B000207E8DF80000607E8DF80100A07E8DF82D
:10E9C0000200E07E8DF80300424669468B2000F08D
:10E9D000F3FA1EE04FF0050810496068B1FBF0F54E
:10E9E000280C8DF80000280A8DF80100E8B28DF897
:10E9F0000200207B8DF80300607B8DF80400424606
:10EA000069468B2000E002E000F0D6FA01E000BF8A
:10EA100000BF00BFBDE8FC81A90100200000093D46
:10EA20000048E801F8B504460D4616461F468DF825
:10EA300000408DF801508DF802608DF803700422BB
:10EA40006946952000F0B8FAF8BD0000FEB504460E
:10EA50000026002000900190029020783949097822
:10EA6000884202D0207800F071F82078022842D045
:10EA700003DC40B101285AD142E0032802D00F281C
:10EA800055D155E000BF607AF12809D14FF6FF70EB
:10EA9000FFF7CDFE48F20500FFF7B4FE02260DE0B9
:10EAA000607AF22809D141F60F50FFF7C0FE41F21B
:10EAB0002100FFF7A7FE062600E0667A0925608898
:10EAC000000A8DF80000A0788DF8010020798DF8FB
:10EAD000020060798DF80300A0798DF80400E079D8
:10EAE0008DF80500207A8DF806008DF80760A07A71
:10EAF0008DF808001DE00125207B8DF8000018E04E
:10EB00000625E089000A8DF80000A07B8DF8010041
:10EB1000207C0D4908708DF80200607C8DF80300A0
:10EB2000A07C8DF80400E07C8DF8050001E000BFBA
:10EB3000FEBD00BF2A4669468C2000F03DFA00BFAA
:10EB4000F6E70000A9010020AA01002001B59DF808
:10EB50000000084908709DF8000020B9002140F22B
:10EB6000AC6000F03FFA012269468A2000F024FAE6
:10EB700008BD0000A901002070B504460D462A46D4
:10EB80002146002000F002FA70BD08B5FCF796FAA5
:10EB9000012802D100BF009001E000200090012276
:10EBA0006946962000F008FA08BD0000F8B5044652
:10EBB00000251448007828B92046FFF7FFFB012004
:10EBC0001049087000BF0020400640EAD4116606D4
:10EBD0000D4A00233046F1F73DFB054600BF280EE5
:10EBE0008DF80000280C8DF80100280A8DF802002D
:10EBF000E8B28DF8030004226946862000F0DCF9B3
:10EC0000F8BD0000B00100200048E80170B50446DE
:10EC10000125FCF74BFA064626B1012E08D0022E3C
:10EC20000AD107E00F2C01DD022500E0012504E0F8
:10EC3000012502E0022500E000BF00BF02222146BC
:10EC4000284600F0EFF8284670BD000038B50446AD
:10EC5000052008490870200C8DF80000200A8DF866
:10EC60000100E0B28DF8020003226946822000F024
:10EC7000A3F938BDA801002038B5044605200B498A
:10EC80000870972140F6AC0000F0ACF9200C8DF82C
:10EC90000000200A8DF80100E0B28DF80200032286
:10ECA0006946822000F088F938BD0000A8010020E4
:10ECB0007CB505460C46280C8DF80000280A8DF816
:10ECC0000100E8B28DF80200200C8DF80300200A44
:10ECD0008DF80400E0B28DF8050006226946942004
:10ECE00000F06AF90620014908707CBDA8010020E7
:10ECF00001B582B00020FCF7CDF90220FDF7AEFE91
:10ED00009DF80800C0F3800080009DF80810C1F352
:10ED1000400140EA41009DF8081001F0010108435C
:10ED20000190012201A9842000F046F90020014948
:10ED300008700EBDA801002001B50122694680209F
:10ED400000F03AF99DF8000018B901200349087055
:10ED500002E002200149087008BD0000A80100205F
:10ED600001B5012269469F2000F026F908BD70B563
:10ED700004460D460126012D09D1012C03D102269E
:10ED80000420FDF76BFE022C03D1032601E005B938
:10ED900001263046FCF77EF970BD10B50446082206
:10EDA00021464FF4D86000F029F9002010BD38B595
:10EDB00005460C4605F007008DF80000200C8DF884
:10EDC0000100200A8DF80200E0B28DF80300042251
:10EDD0006946972000F0F0F838BD000038B50446C9
:10EDE000042008490870200C8DF80000200A8DF8D6
:10EDF0000100E0B28DF8020003226946832000F092
:10EE0000DBF838BDA801002010B500221146D12042
:10EE100000F0D2F810BD10B500221146D22000F04B
:10EE2000CBF810BD2DE9F84306460D461746012ED6
:10EE300035D10020FCF734F90446A54200DD65B267
:10EE40000E2C0AD101231A4600210420FFF7EAFD07
:10EE5000601BC0F10E0045B216E00A2C0AD1012356
:10EE60001A4600211846FFF7DDFD601BC0F10D00BA
:10EE700045B209E001231A4600210620FFF7D2FD22
:10EE8000601BC0F10E0045B215F1110F01DA6FF0F1
:10EE90001005182140F6E70000F0A4F84CE040F619
:10EEA000D800FFF765FC40F01E08414640F6D80048
:10EEB00000F098F80120FCF7F3F80446A54200DDC5
:10EEC00065B2142C0AD10123002205210320FFF78B
:10EED000A9FD601BC0F1160045B223E0112C0AD138
:10EEE0000123002203210220FFF79CFD601BC0F1DB
:10EEF000160045B216E00E2C0AD101230022022191
:10EF00000846FFF78FFD601BC0F10E0045B209E017
:10EF10000123002207210420FFF784FD601BC0F1BC
:10EF2000160045B215F1090F01DA6FF00805382116
:10EF300040F6E70000F056F8E8B28DF800008DF8D2
:10EF40000170022269468E2000F036F8BDE8F88391
:10EF500070B504460025FFF725FB98B94FF4D7603C
:10EF6000FFF706FC00F0FE05C4F300200543294628
:10EF70004FF4D76000F036F8E1B240F2B96000F02B
:10EF800031F800E000BF00BF70BD00002DE9F04186
:10EF900004460D46164603F07BF9074672B6334623
:10EFA0002A4621460348F5F759FD384603F07CF917
:10EFB000BDE8F081DC0200202DE9F04104460D4659
:10EFC000164603F065F9074672B633462A462146CF
:10EFD0000348F5F759FB384603F066F9BDE8F081C0
:10EFE000DC02002013B50446012301AA2146024891
:10EFF000F5F772FD1CBD0000DC0200202DE9F04198
:10F0000004460D46164603F043F9074672B63346EA
:10F010002A4621460348F5F75FFD384603F044F9D8
:10F02000BDE8F081DC0200207047000070B50025CB
:10F0300000240D48F1F718FB044604B912E00B4810
:10F0400000884FF6FF71884208D00848008840F6D3
:10F05000E4414843B0FBF4F085B203E00448B0FB60
:10F06000F4F085B2284670BD002000B4AA75FF1FD9
:10F07000D8084C0038B5002000900025FFF7D6FFD7
:10F0800004462448F1F7F0FA05462348008822494F
:10F0900020390988401A21D01F4800881E4920398C
:10F0A0000988401A15D005FB04F040F6E441B0FB96
:10F0B000F1F0194920390988401A6421484316495A
:10F0C0000988154A203A1288891A90FBF1F01E30FF
:10F0D00001E047F6FF7000B2009013E005FB04F07A
:10F0E00040F6FF71B0FBF1F000EB4001C1EBC01046
:10F0F0000A49C1EBC00040F6C41190FBF1F01E308C
:10F1000000B20090BDF80000000200B20090BDF90E
:10F11000000038BD001000B0C875FF1FC0980B007C
:10F12000014802490860704700240140F4010020B2
:10F1300030B58BB005460324F1F726FE044614B122
:10F1400020460BB030BDF1F7DFFD00F0F5FD0446C1
:10F150000CB12046F5E73A48006B0590384890F826
:10F1600039008DF81C00364890F808018DF81E0013
:10F1700003A801F0B3F83248D0F8100100903048ED
:10F18000D0F80C3101A8DDE9031201F0DDF8DDE96A
:10F190000101CDE908012A48C06A069000208DF8D7
:10F1A000280001208DF81D0026480088ADF82A00AF
:10F1B000234890F8180128B901208DF82800002074
:10F1C0008DF81D001E4830301D49009091F8400018
:10F1D0001D4BA3F1730205A9FEF7A6FD04460CB36F
:10F1E0000B2C1DD1012D1BD11648D0F88804A8B1D5
:10F1F0001448D0F8400340F020001249C1F8400301
:10F2000000BF0846D0F8881400F55A7002F066FE78
:10F2100000BF00BF0D4802F07DFE00BF002090E758
:10F2200020468EE7F1F778FE02F0F6FF04460CB1B7
:10F23000204686E7034991F8150400F087FB80E734
:10F24000B40A0020A8050020300A00201009002080
:10F250002DE9F043BFB005460C4691461E4605B168
:10F260001EB902203FB0BDE8F083E11704EB117135
:10F270000911A4EB011109B10520F3E7F0220021E7
:10F2800002A803F0B3FA01A94846F2F7C7FA074605
:10F29000CFB902AA10210198401C03F0DFF94FF00A
:10F2A00000080DE006EB080105EB080002AA03F0D8
:10F2B000A7F908F1100000F0FF08A4F1100084B2D3
:10F2C000002CEFD100BF3846CCE72DE9F8430546C6
:10F2D0000E4617461C46DDF820807F2C02DB0320FB
:10F2E000BDE8F88323463A4631462846CDF80080EB
:10F2F000F1F7A0FDF4E72DE9FF4107460D4616465C
:10F300001FB9022004B0BDE8F08106247F2E03D18E
:10F31000042D01D00320F5E7002000900190029019
:10F3200003906B462A4610213846FFF791FF0446AA
:10F330000CB12046E6E76946304600F0ABF90446DA
:10F340000CB12046DEE70020DCE700000148006841
:10F3500070470000FC00002001480068083070473A
:10F36000FC00002010B502460B46002112E001EB24
:10F3700001140A4800681030005D904208D101EB8A
:10F38000011406480068103020441860002010BDA9
:10F39000481CC1B20A29EAD30320F8E7FC00002088
:10F3A00070B504460D460CB9022070BD04480460D7
:10F3B000C0220449006803F0FFF90020F5E70000CF
:10F3C000FC0000207C40010800B589B000BF3BA3D1
:10F3D00000221146022002F0A7FA00BF0020FAF72F
:10F3E000F1FD0120FAF7EEFD00BF3AA3002211461D
:10F3F000022002F099FA00BF0320FAF7E3FD022091
:10F40000FAF7E0FD00BF39A300221146022002F006
:10F410008BFA00BF00BF3B480068C07939490968D2
:10F420008979384A12685279364B1B681B79CDE9C5
:10F430000432CDE9061033480068C17831480068CD
:10F440008078304A126852782E4B1B681B78CDE9C1
:10F450000032CDE902012CA300221146022002F065
:10F4600063FA00BF00BF27480068C17B25480068D9
:10F47000807B244A1268527B224B1B681B7BCDE9A0
:10F480000432CDE906011F480068C07A1D490968A9
:10F490008A7A1C490968497A1A4B1B681B7ACDE99C
:10F4A0000031CDE9022028A300221146022002F0FB
:10F4B0003BFA00BF002009B000BD00002323232336
:10F4C0002323204F544141202323232323230D0AA8
:10F4D0000000000023232323232320414250202027
:10F4E0002323232323230D0A0000000023232323A7
:10F4F00023232049447320202323232323230D0A7D
:10F5000000000000FC0000202323232323232044A9
:10F5100065764575693A2020202020202530325814
:10F520003A253032583A253032583A253032583A56
:10F53000253032583A253032583A253032583A255B
:10F540003032580D0A0000002323232323232041B7
:10F5500070704575693A20202020202025303258CF
:10F560003A253032583A253032583A253032583A16
:10F57000253032583A253032583A253032583A251B
:10F580003032580D0A00000010B50420FAF71AFDB9
:10F590007F20FAF717FD0220FAF714FD0320FAF78F
:10F5A00011FD002010BD2DE9F05F82468B461E46FE
:10F5B000DDE90B580A9C1EB115B1B8F1000F02D15C
:10F5C0000220BDE8F09F212C01DD0520F9E74FF076
:10F5D000010922463146284603F0EEF8601E81B24A
:10F5E0006B1C4A46701CFFF733FE08B10720E8E7A2
:10F5F000E87AC00988F800000027201F2F5CE01E71
:10F60000285C47EA0027A01E285C47EA0047601EE6
:10F61000285C47EA006798F8000048B9201F81B2CB
:10F6200001233A46284600F079F818B10120C8E7CE
:10F630000420C6E70020C4E710B504460CB9022038
:10F6400010BD03494869804720600020F8E70000AA
:10F65000F446010810B504460CB9022010BD08227A
:10F6600021460348006803F0A7F80020F6E70000F1
:10F67000FC00002010B504460CB9022010BD082281
:10F68000214603480068083003F096F80020F5E7AB
:10F69000FC0000202DE9FF4105460E461EB9022060
:10F6A00004B0BDE8F081002432E004EB04111A48F4
:10F6B00000681030405CA84228D1802D19D106275F
:10F6C000002000900190029003906B467F22102151
:10F6D0003046FFF7BDFD074604EB04120E490968EA
:10F6E00010311144481C1022694603F065F8384671
:10F6F000D6E704EB04120849096810311144481C8C
:10F700001022314603F058F80020C9E7601CC4B24B
:10F710000A2CCAD30320C3E7FC0000202DE9FC41DA
:10F7200004460D461646984614B90220BDE8FC81F1
:10F7300006270020019001A843462A462146009052
:10F740000020F1F777FB07460FB13846EEE7019846
:10F75000864200D001273846E8E70000F8B50446A5
:10F760000D46132600200090204890F8040130B187
:10F77000032835D004280FD0052830D131E01C48AB
:10F78000F7F7D4FC06460EB11120F8BD174890F8E3
:10F790000C011649088026E06846F7F711FC08B10D
:10F7A0001220F2E7114890F81004012804DA0F48FB
:10F7B00090F81204012802DD0098401E00900C4BC6
:10F7C0002A4621460098F7F7E1FC06460EB11120C3
:10F7D000DBE7064890F80C010449088003E000BF0D
:10F7E00000BF0320D1E700BF0020CEE7A80500201E
:10F7F000B00600202DE9F04F89B080460D46164630
:10F800001F46DDF8489003244E4890F939A090F93E
:10F8100038B0806A07904B4890F8180118B9072053
:10F8200009B0BDE8F08F474890F8070110B90021F2
:10F8300044480163002008909DF8200020F00F004C
:10F840000890404890F806119DF8200061F3C71019
:10F8500008903C4890F80401012806D19DF820004A
:10F8600020F010001030089004E09DF8200020F0F7
:10F8700010000890334890F83A00012805D19DF80F
:10F88000200020F02000203008902E48D0F81401ED
:10F89000029001208DF80C009DF82000C0098DF821
:10F8A0000D002848806A04902748B0F8F403ADF8AA
:10F8B00014002548B0F8F603ADF81600214890F87A
:10F8C00039008DF818001F4890F838008DF819009D
:10F8D0001C4890F874008DF81A001A4890F84000FF
:10F8E0008DF81B0007AB174A3832511C02A8F7F7F6
:10F8F0005FF89DF8201060F38611089133462A4680
:10F9000008A940460097FAF763FA04460CB10A2C9E
:10F9100003D14846FFF70CFC04462CB1094880F897
:10F9200039A080F838B00BE00021064880F83A1082
:10F93000044907988862F7F74BF908B113206FE77D
:10F9400020466DE7B40A0020A805002070B586B0F7
:10F9500004460325002001908DF80840384890F8AF
:10F9600039008DF80900364890F838008DF80A0003
:10F970003348806F03903248C06F0490314800884C
:10F98000ADF814002E4991F840002F4B01AA02A9AE
:10F99000FEF70FFA01212B4880F83914284890F817
:10F9A0003910284880F83A149DF9041080F83B1467
:10F9B000C0F84844D0F81814C0F84014D0F818140F
:10F9C000C0F85014F7F74CF850B11E49D1F818049C
:10F9D000F7F74CF8064616B1102006B070BD00BF10
:10F9E000174890F80401012801D1F7F754F8F7F708
:10F9F00031F8144A92F81514114A92F83900FFF7B9
:10FA0000ADFE05460DB12846E7E70E48D0F84003A5
:10FA100040F002000B49C1F84003084690F8140476
:10FA200028B9084690F81004401C81F810040548D5
:10FA300001780648826A0348801C90470020CCE782
:10FA4000B40A0020A8050020C0090020F4460108DF
:10FA5000F8B504460025002000900126FF2C29D18E
:10FA600000F01EFB0020184981F80401881CC1F831
:10FA70000801FF21801E80F80C119DF8000020F085
:10FA8000E00000909DF800100F4880F80D11FFF77E
:10FA900063FC0746082239460C4802F08DFEFFF74A
:10FAA00055FC0746082239460848083002F084FE13
:10FAB000002601E0022500BF00BF3046FFF738FBFB
:10FAC00005462846F8BD0000A8050020B60600201F
:10FAD0002DE9F04F85B06D4802F06CFA4FF0FF3A17
:10FAE000F1F7D8FD834600200490039000256420A0
:10FAF00002900024442266496648F0F7BDFF38B9F9
:10FB000000BF65A301220021104601F00DFF07E0B0
:10FB100000BF66A301220021104601F005FF00BFCF
:10FB20005C48F0F7E2FF5B48F0F7D2FF5948C06845
:10FB3000049058488068039000BF60A30122002110
:10FB40001046CDF800B001F0EFFE00BF00BF5149F4
:10FB5000C86803F08FFF5CA30122CDE900010021FA
:10FB6000104601F0E1FE00BF00BF4A49886803F07B
:10FB700081FF5AA30122CDE900010021104601F0C6
:10FB8000D3FE00BF02205A4908705A49049804F075
:10FB900029F9074604F0BEF806B25649039804F066
:10FBA00021F9074604F0D2F81FFA80F9C6F30722BC
:10FBB0004F4843682046641C1A544D484368204609
:10FBC000641C1E544FEA1922494843682046641CAD
:10FBD0001A54474843682046641C03F8009044497F
:10FBE00002984B682146641C5854002240484368E0
:10FBF0002046641C1A543E494C702448407A30B167
:10FC0000F6F794FA012802D1204802F0D3F93A48D5
:10FC1000C17800223648F6F705FC8246BAF1000F9B
:10FC200007D100BF35A301220021104601F07CFE60
:10FC300013E01AF1060F10D1F6F790F9054665B1F9
:10FC400000BF4FF47A70B5FBF0F730A3012200211A
:10FC50001046009701F068FE00BF3448007888B96C
:10FC6000334802F0A7F933480068854201D9284695
:10FC700001E03048006801462D4802F02FF92C4879
:10FC800002F048F905B0BDE8F08F00003C05002007
:10FC90005802002008040020534854333120696E74
:10FCA0006974206661696C65640D0A0053485433B9
:10FCB0003120696E6974206F6B0D0A005644442030
:10FCC00069732025640D0A0074656D706572617436
:10FCD0007572652069732025640D0A0068756D6969
:10FCE000646974792069732025640D0A000000009E
:10FCF000A40000200000C8428000002053454E446C
:10FD000020524551554553540D0A00004E657874F4
:10FD100020547820696E20203A207E256420736567
:10FD2000636F6E642873290D0A00000094000020A0
:10FD3000D80300209800002010B5164890F8040160
:10FD400030B103281FD004280FD005281AD11BE09A
:10FD50001148F8F794FE04460CB1112010BD0D486F
:10FD600090F80C010B49088010E00B48F8F7EEFD05
:10FD700004460CB11120F1E7064890F80C01054942
:10FD8000088003E000BF00BF0320E7E700BF0020BA
:10FD9000E4E70000A8050020B00600202DE9FF4799
:10FDA00088B004460F46DDE9148A2688314DDDE926
:10FDB0000A0100F0EFFA81460020069007903946CC
:10FDC0002046DDE90A23F1F797FC0646002F45D1CE
:10FDD000642E03D100BFC4F8089007E0B6F57A7F1F
:10FDE00003D1254DC4F8089000E0244D04A8A16873
:10FDF00000F01CFA0598009002A8049BDDE90A12A5
:10FE000000F0A2FADDE90201CDE90601B8F1000F28
:10FE100002D1BAF1000F06D02069A84203D11849D7
:10FE2000069888421ED3E56016490A98884219D37D
:10FE30000A98401A1249B0FBF1F006900698484320
:10FE4000069010490698084406900020ADF81C0062
:10FE5000DDE9060100F09EFAA06003E0B8F1000FB2
:10FE600000D1E560606800B9E560256130460CB0FE
:10FE7000BDE8F08740771B0080A81201002E930296
:10FE80008051010030EC01001FB50446134890F882
:10FE900015048DF80000124890F839008DF8010023
:10FEA0000F4890F838008DF802000D48806F0190DF
:10FEB0000B48C06F0290ADF80C40094991F8400022
:10FEC0006946FDF76AFF0548D0F8400340F002009C
:10FED0000249C1F84003002004B010BDA80500206D
:10FEE000B40A002070B504460D461646074822465F
:10FEF00071B2C36B284698470548D0F8400340F0DC
:10FF000002000349C1F84003002070BDF446010817
:10FF1000A805002010B5184802F04CF8F6F72FFBA2
:10FF200038B100BF15A300221146022001F0FCFCED
:10FF30001DE000BF19A300221146022001F0F4FCCD
:10FF400000BF01201A49087000BF1AA30022114601
:10FF5000022001F0E9FC00BF1E48F5F7ABFE0121CD
:10FF600013480078F6F77CF8034801F0D3FF1A48ED
:10FF700001F0D0FF10BD0000D80300204C6D486197
:10FF80006E646C65722053746F70206F6E20676FA3
:10FF9000696E67202E2E2E0D0A0000004C6D486100
:10FFA0006E646C65722053746F707065640D0A0026
:10FFB000300000204C6D48616E646C657220737770
:10FFC0006974636820746F20414250206D6F6465CE
:10FFD0000D0A000080000020F0030020144890F873
:10FFE0008504C0F3400040B1114890F8830470B11B
:10FFF0000F4890F88304012809D00E4890F80601B4
:020000040801F1
:10000000012804D10B48806A401C0A4988620020FC
:10001000074981F8100481F8140481F81304084694
:10002000D0F8400320F00200C1F8400301207047DF
:10003000A8050020B40A002010B54FF0FF34F6F7F1
:1000400089F8044604F1080038B900BF08A300226B
:100050001146022001F068FC09E0601C38B900BFBD
:1000600009A300221146022001F05EFC00BF10BD72
:100070004E564D204441544120555020544F204469
:100080004154450D0A0000004E564D204441544154
:100090002053544F5245204641494C45440D0A00D7
:1000A00070B504460325494890F8040120B10128A1
:1000B00076D0022872D17CE034B9444944314348B7
:1000C000826E406EC1E90A02012C07D12046F6F784
:1000D000E3FC054615B93D4880F80441022C5DD18A
:1000E0003A4880F804411422394901F11400F0F72C
:1000F00047F90221374880F8F313002041E000EB74
:10010000400101EBC0023149D83101EB820189780D
:10011000012934D100EB400101EBC0022B49D83159
:1001200001EB82018A692949CA6600EB400101EBB3
:10013000C0022649D83101EB82010A7F234981F8A8
:100140007020244991F81514224A82F8E0131F49BF
:10015000CA6E2049C1F8E4231C4991F875201D4955
:1001600081F8F023194991F880201A4981F8F12388
:10017000032281F8F323012281F8F22303E0411CDA
:1001800048B20128BBDB00BF0020124981F81404EB
:100190001149C86A8047F9F733FD002512E0FFE7EF
:1001A0002046F6F779FC054615B9084880F8044161
:1001B00008E034B9054880F804410749C86A804717
:1001C000002500BF00BF284670BD0000B40A002013
:1001D00074090020A8050020F446010870470FB4F8
:1001E0000CB5002100910191069A049911440091E7
:1001F000BDF81410BDF81C20114409B2ADF804106C
:10020000BDF90410B1F57A7F09DB0099491C009112
:10021000BDF80410A1F57A7109B2ADF80410DDE95A
:100220000012C0E9001202B05DF814FB70B586B090
:1002300006460C464FF47A70B4FBF0F5049505EBD6
:100240004500C0EBC510A4EBC00000B2ADF814002F
:100250000020029003900A49C868804700B2ADF8B8
:100260000C00074948688047029003980090304688
:10027000029BDDE90412FFF7B2FF06B070BD00007B
:100280009041010810B58AB00446002008900990FA
:10029000069007901048016909A8884708900E4900
:1002A000C868804700B2ADF814000B494868804721
:1002B00004900998009002A8089BDDE90412FFF75A
:1002C0008EFFDDE90201CDE90601DDE90601C4E9A1
:1002D00000010AB010BD0000904101081CB50446A1
:1002E0000020009001900548016901A8884700900E
:1002F000DDE90001C4E900011CBD000090410108D6
:1003000003B587B00020039004900E48016904A84B
:10031000884703900498009001A8039BDDE9071229
:1003200000F012F8DDE90101CDE90501054A059863
:1003300011688847BDF91800024A9168884709B0DA
:1003400000BD0000904101080FB40CB500210091E0
:100350000191069A0499891A0091BDF81410BDF80C
:100360001C20891A09B2ADF80410BDF90410002947
:1003700009DA0099491E0091BDF8041001F57A715F
:1003800009B2ADF80410DDE90012C0E9001202B0B4
:100390005DF814FB03B585B00E49C868804700B20C
:1003A000ADF810000B49486880470390049800900E
:1003B000039BDDE9051201A8FFF7C6FFBDF90800A0
:1003C000019901EB4102C2EBC11100EBC10007B082
:1003D00000BD00009041010810B500204FF0B04171
:1003E000896821F4004101434FF0B042916000BFA1
:1003F00001F068FD01200E490870F0F71BFE01F0C6
:1004000001FB0C4801F030FB00BF4FF400400A49EB
:10041000086100BF022001F02DFBFEF781FEF0F71E
:10042000F1FE01F057FB0121084601F05DFB10BD14
:1004300000000020750A01080040005800B599B07E
:10044000482107A8EFF7CEFF182101A8EFF7CAFF50
:10045000F2F77CFF00201E49096821F018010143D2
:100460004FF0B042C2F8901000BF00BF19480068BA
:1004700020F4C06040F40070164908600846006827
:1004800000F4C060009000BF00BF242007908120CE
:100490000A9001200F9000201090B02011900020B1
:1004A000129007A8F3F782FA08B1F0F7CFFE4F20B9
:1004B0000190002002900390049005900690022184
:1004C00001A8F3F791F808B1F0F7C0FE19B000BD2C
:1004D00090000058000400587047000010B5024812
:1004E000F3F7D4FD10BD0000A402002010B50221D6
:1004F0000248F3F77FFD0446204610BDA402002009
:1005000010B5002400210348F3F774FD044620468B
:1005100010BD0000A402002010B5002401210348F2
:10052000F3F768FD0446204610BD0000A402002039
:1005300010B50446224602210148F3F763FD10BDC1
:10054000A402002010B50446224600210148F3F71A
:1005500059FD10BDA402002010B504462246012119
:100560000148F3F74FFD10BDA402002010B501466D
:1005700000204FF47A72A1FB0232140644EA1320E1
:1005800010BD2DE9F041044600250020000240EA9C
:10059000146126024FF47A7200233046EFF75AFEB8
:1005A00005462846BDE8F08170B504462046FFF7B1
:1005B000E8FF0546F1F7DCF9064600E000BFF1F779
:1005C000D7F9801BA842F9D370BD002003207047E3
:1005D0002DE9F04780464FF00009F1F7C9F90746C9
:1005E000FFF784FF04460021CD1944EB0106280AD9
:1005F00040EA0669EDB22846FFF7B8FFA8F8000008
:100600004846BDE8F08700000148006870470000D8
:100610000800002010B50024F1F7AAF90249096882
:10062000441A204610BD00000800002010B5002428
:1006300004480078012802D1F1F79AF904462046CF
:1006400010BD00000400002010B500240F48007801
:10065000C8B9601E0E490863F8F77CFC00F04CF83E
:100660004FF480710A48F3F785FD601E084908635E
:100670000846F3F7D1FC0020FFF75AFF00F00AF814
:10068000012002490870204610BD0000040000202F
:10069000A402002010B5F1F76BF902490860084682
:1006A000006810BD0800002030B58BB0044600255E
:1006B0002C216846EFF796FE00F01EF80C48006803
:1006C000044400200790C4F1FF3001900020059001
:1006D0004FF00050069040150A90012269460548E7
:1006E000F3F74CFE08B1F0F7B1FD28460BB030BD72
:1006F00008000020A402002010B5002401200549B4
:10070000086001020448F3F735FD601E02490863E2
:10071000204610BD5C280040A40200202DE9F041D5
:1007200004460E464FF0FF3701F0B5FD804672B625
:100730002848408A2749098A884215D12548408A95
:10074000C0F5806085B2AC4230DB2248008AA0420E
:100750002CDD01201F4988700846408A0880084621
:10076000058A0020488221E01A48408A1949098AEE
:10077000884215DD1748408AC0F5806085B2AC42DA
:1007800014DB1448008AA04210DD01201149887052
:100790000846408A08800846058A0020488205E00D
:1007A0000C48008A0B49498A401A85B2A5420ADDE5
:1007B0000848408A30800748408A2044C0F3090036
:1007C000044948820027404601F071FD3846BDE8E3
:1007D000F0810000181D00200348C08A08B10120E4
:1007E00070470020FCE70000181D002010B501F044
:1007F00052FD044672B60448C08A401C0249C882B1
:10080000204601F054FD10BD181D002070B50024D5
:10081000002501F040FD064672B6FFF7DDFF002817
:100820004AD1FFF7E3FF2748008A2649498A8842D0
:100830003CD024488078012810D1224800882149E2
:10084000098A401A1F498882022088700020088087
:100850000846808A10B9002088700882194880787C
:1008600098B91848408A1749098A884207DD15480F
:10087000408A1449098A401A1249888205E01148C1
:10088000008AC0F580600F4988820E48008A0E49B0
:100890004518304601F00BFD01F0E0F80948818A67
:1008A0000A48C26828469047044608E000F07CF8F1
:1008B000304601F0FCFC02E0304601F0F8FC204636
:1008C00070BD0000181D0020301D0020AC41010843
:1008D00070B50646002401F0DEFC054672B62F48CE
:1008E0008078022804D100202C498870088208E012
:1008F0002A48008A2949898A0844C0F309002749FF
:1009000008822648008A2549498A88423DD02348E2
:10091000C08A012839D121488078012810D11F4888
:1009200000881E49098A401A1C4988820220887062
:10093000002008800846808A10B90020887008824C
:100940001648807898B91548408A1449098A88421F
:1009500007DD1248408A1149098A401A0F498882E6
:1009600005E00E48008AC0F580600C4988820B487B
:10097000008A0B494418284601F099FC0748818AEF
:100980000848C2682046904706E0284601F08FFCE0
:1009900001F05EF800F008F870BD0000181D00209E
:1009A000301D0020AC41010810B501F074FC044674
:1009B00072B60448C08A401E0249C882204601F02F
:1009C00076FC10BD181D002002460648016804E0B0
:1009D000914201D10120704749690029F8D10020D6
:1009E000F9E70000E801002070B5044605480568F5
:1009F0000DB100202872656102480460006800F0B3
:100A00001DF870BDE801002010B50B4B19681B687C
:100A10005A6909E003681468A34202D91146526971
:100A200002E04861426110BD4B69002BF2D1486180
:100A3000436100BFF7E70000E801002070B50446FD
:100A40000B49086A804705460120207208498869D9
:100A5000804728442168884204D90549886980472D
:100A600028442060024A20689168884770BD0000D1
:100A7000644101083EB505460C4601A8FFF702FC9B
:100A8000BDF90800009005A210212846019B02F044
:100A900037F92846EFF755FC20803EBD25647325C5
:100AA0003033643A0000000070B5456E2DB9012561
:100AB000A0F86A50A0F868501CE0082308240568D4
:100AC000AD68C5F342610568AD686A0F0A4DAD5C5B
:100AD00015FB04F5094EB65C95FBF6F5A0F86A50D7
:100AE000054D6D5C15FB03F5044E765C95FBF6F544
:100AF000A0F8685070BD0000074201080F420108CD
:100B000007B50168496821F01001BDF808201143BC
:100B1000026851609DF80A200168496862F31F610C
:100B2000026851600EBD90F8281001F0010139B142
:100B30000168496821F40031C26A114302685160BA
:100B400090F8281001F00201022907D101684968D4
:100B500021F48031026B11430268516090F8281033
:100B600001F00401042907D10168496821F48021BA
:100B7000426B11430268516090F8281001F008019F
:100B8000082907D10168496821F40041826B1143AB
:100B90000268516090F8281001F01001102907D167
:100BA0000168896821F48051C26B11430268916029
:100BB00090F8281001F02001202907D101688968E8
:100BC00021F40051026C11430268916090F82810E2
:100BD00001F04001402913D10168496821F48011D6
:100BE000426C114302685160416CB1F5801F07D11E
:100BF0000168496821F4C001826C114302685160A8
:100C000090F8281001F08001802907D10168496817
:100C100021F40021C26C114302685160704738B55D
:100C200004460020C4F88C00F1F7F8FF0546206860
:100C3000006800F0080008280CD16FF07E402B46B9
:100C400000224FF400110090204600F0E5FD08B1AD
:100C5000032038BD2068006800F0040004280CD18F
:100C60006FF07E402B4600224FF48001009020461A
:100C700000F0D2FD08B10320EBE72020C4F8840087
:100C8000C4F888000020E06600BF84F8800000BF40
:100C900000BFDEE770B50546AC6A0020A4F85E0030
:100CA000A4F856002046F4F75BF870BD2DE9F0413A
:100CB0000546AC6AD4F88460D4F8887020688068EF
:100CC00000F08000802807D1212E05D10020A4F853
:100CD0005600204600F09AF82068806800F0400036
:100CE000402807D1222F05D10020A4F85E0020461D
:100CF00000F03EF8D4F88C0040F01000C4F88C00EE
:100D00002046F4F72DF8BDE8F08170B50546AC6AD1
:100D10002868006800F02000F0B90020A4F8560010
:100D200000BF00BF2168083151E8001F21F080009A
:100D30002168083141E80002002AF3D100BF00BF5A
:100D400000BF216851E8001F41F04000226842E8DE
:100D500000010029F5D102E02046F4F753FB70BDF5
:100D600070B50446A56A2846F4F75CFB70BD000028
:100D700000BF00BF026852E8002F22F490710368A0
:100D800043E80012002AF5D100BF00BF00BF02688F
:100D9000083252E8002F104B02EA030102680832C1
:100DA00042E80013002BF2D100BFC16E01290CD123
:100DB00000BF00BF026852E8002F22F01001036854
:100DC00043E80012002AF5D100BF2021C0F88810A6
:100DD0000021C16601677047FEFFFFEF10B50446B2
:100DE00000BF00BF216851E8001F21F040002268C9
:100DF00042E800010029F5D100BF2020C4F884009A
:100E0000002060672046F4F7FDFA10BD00BF00BF68
:100E1000026852E8002F22F0C001036843E8001284
:100E2000002AF5D100BF00BF00BF0268083252E8B7
:100E3000002F22F400010268083242E80013002B60
:100E4000F3D100BF2021C0F8841070472DE9F04194
:100E50000446B4F86070D4F88800222857D120687E
:100E6000406A86B2A56D06EA07002880A06D801C46
:100E7000A065B4F85E00401EA4F85E00B4F85E0001
:100E800000284AD100BF00BF216851E8001F21F4AB
:100E90009070226842E800010029F5D100BF00BF30
:100EA00000BF2168083151E8001F21F001002168CE
:100EB000083141E80002002AF3D100BF2020C4F825
:100EC000880000202067E06E01281CD10020E06629
:100ED00000BF00BF216851E8001F21F01000226808
:100EE00042E800010029F5D100BF2068C069C0F3C5
:100EF000001010B1102021680862B4F85C10204680
:100F0000F3F784FE09E02046F4F7F8F905E02068DD
:100F1000806940F0080021688861BDE8F081000028
:100F20002DE9F84F0446B4F860B02068C569206820
:100F3000006800902068D0F808A0D4F88800222823
:100F40007ED1B4F8689096E02068406A1FFA80F875
:100F5000A76D08EA0B003880A06D801CA065B4F86E
:100F60005E00401EA4F85E002068C56905F0070019
:100F7000B0B305F0010060B1009800F4807040B19A
:100F8000012021680862D4F88C0040F00100C4F808
:100F90008C0005F0020058B10AF0010040B10220B7
:100FA00021680862D4F88C0040F00400C4F88C007A
:100FB00005F0040058B10AF0010040B10420216896
:100FC0000862D4F88C0040F00200C4F88C00D4F819
:100FD0008C0028B12046F3F7C3FE0020C4F88C0033
:100FE000B4F85E0068BB00BF00BF216851E8001F75
:100FF00021F48070226842E800010029F5D100BF89
:1010000000BF00BF2168083151E8001F344A01EADF
:1010100002002168083141E80002002AF2D100BF35
:101020002020C4F8880000202067E06E01281FD12E
:101030000020E06600BF00BF216851E8001F01E00A
:1010400046E018E021F01000226842E80001002983
:10105000F2D100BF2068C069C0F3001010B11020A9
:1010600021680862B4F85C102046F3F7CFFD02E077
:101070002046F4F743F9B9F1000F04D005F0200041
:1010800000287FF461AFB4F85E6006B3B4F868007E
:10109000B04223DD00BF00BF2168083151E8001FC6
:1010A00021F080502168083141E80002002AF3D184
:1010B00000BF0C48206700BF00BF216851E8001F37
:1010C00041F02000226842E800010029F5D105E046
:1010D0002068806940F0080021688861BDE8F88FC9
:1010E000FEFFFFEF4D0E010870B50446B4F86060D6
:1010F000D4F88800222857D12068406A85B2F0B21F
:101100002840A16D0870A06D401CA065B4F85E0079
:10111000401EA4F85E00B4F85E0000284AD100BF6B
:1011200000BF216851E8001F21F49070226842E856
:1011300000010029F5D100BF00BF00BF21680831C0
:1011400051E8001F21F001002168083141E8000248
:10115000002AF3D100BF2020C4F8880000202067B7
:10116000E06E01281CD10020E06600BF00BF2168AE
:1011700051E8001F21F01000226842E80001002918
:10118000F5D100BF2068C069C0F3001010B1102075
:1011900021680862B4F85C102046F3F737FD09E0D7
:1011A0002046F4F7ABF805E02068806940F00800BD
:1011B0002168886170BD00002DE9F05F0446B4F835
:1011C00060A02068C5692068D0F800B02068D0F819
:1011D0000890D4F8880022287DD1B4F8688095E082
:1011E0002068406A87B20AF0FF003840A16D08709D
:1011F000A06D401CA065B4F85E00401EA4F85E001F
:101200002068C56905F00700A8B305F0010058B1D2
:101210000BF4807040B1012021680862D4F88C0082
:1012200040F00100C4F88C0005F0020058B109F04C
:10123000010040B1022021680862D4F88C0040F01F
:101240000400C4F88C0005F0040058B109F0010056
:1012500040B1042021680862D4F88C0040F00200FC
:10126000C4F88C00D4F88C0028B12046F3F778FD40
:101270000020C4F88C00B4F85E0068BB00BF00BF5B
:10128000216851E8001F21F48070226842E80001C3
:101290000029F5D100BF00BF00BF2168083151E827
:1012A000001F354A01EA02002168083141E80002C6
:1012B000002AF2D100BF2020C4F888000020206757
:1012C000E06E01281FD10020E06600BF00BF21684A
:1012D00051E8001F01E046E018E021F0100022680C
:1012E00042E800010029F2D100BF2068C069C0F3C4
:1012F000001010B1102021680862B4F85C1020467C
:10130000F3F784FC02E02046F3F7F8FFB8F1000F92
:1013100004D005F0200000287FF462AFB4F85E60CE
:1013200006B3B4F86800B04223DD00BF00BF2168F7
:10133000083151E8001F21F080502168083141E850
:101340000002002AF3D100BF0C48206700BF00BF95
:10135000216851E8001F41F02000226842E80001A6
:101360000029F5D105E02068806940F00800216877
:101370008861BDE8F09F0000FEFFFFEFE910010863
:101380002DE9FE4F044600200290BF4920688842A4
:1013900000D100E000BF2169A068084361690843EB
:1013A000E16940EA010820680068B849084040EA5D
:1013B0000800216808602068406820F44050E16817
:1013C000084321684860D4F81880AF4920688842F3
:1013D00002D0206A40EA080820688068AC490840CA
:1013E00040EA0800216888602068C06A20F00F0089
:1013F000616A08432168C86200BFA6492068884224
:1014000019D10320F4F73AFBB0F5403F08D06FF450
:101410004031084440B1012804D0022808D105E039
:10142000012607E0022605E0042603E0082601E085
:10143000102600BF3DE098492068884219D10C2051
:10144000F4F71CFBB0F5402F08D0A0F54020001F9A
:1014500040B1042804D0082808D105E0002607E0A0
:10146000022605E0042603E0082601E0102600BF5E
:101470001FE08549206888421AD14FF440608749AF
:101480000968014049B1B1F5806F0AD0B1F5006F2C
:1014900005D0B1F5406F08D105E0002607E002262F
:1014A00005E0042603E0082601E0102600BF00E066
:1014B000102600BF7449206888425FD136B1022EE1
:1014C00008D0042E08D0082E0DD109E0F2F7BEF99D
:1014D00005460CE0724D0AE0F2F7D8F9054606E041
:1014E0004FF4004503E000250120029000BF00BF3B
:1014F000002D10D06B49606A31F81000B5FBF0F98F
:10150000606800EB4000484503D860680003484528
:1015100002D201200290ACE06249606A31F810C04A
:101520006246002328461946EEF794FE4FF4807C6D
:1015300000230246A2FB0C0B01FB0CB102FB0313C0
:101540006168490884461CEB010143F10000CDE9C4
:101550000010D4F804C06246002308460199EEF753
:1015600079FE0746B7F5407F05D3B7F5801F02D255
:101570002068C7607DE0012002907AE0E069B0F564
:10158000004F40D1092E17D2DFE806F005090D16ED
:101590000F1616161300F2F759F9054610E0F2F788
:1015A00065F905460CE03E4D0AE0F2F76FF9054695
:1015B00006E04FF4004503E000250120029000BF43
:1015C00000BFFDB13749606A31F81000B5FBF0F09B
:1015D0004000616800EB5100B0FBF1F087B2102FC2
:1015E0000ED3B7F5803F0BD24FF6F07007EA000A32
:1015F000C7F342004AEA000A2068C0F80CA038E0AD
:101600000120029035E0092E17D2DFE806F0050927
:101610000D160F1616161300F2F718F9054610E00E
:10162000F2F724F905460CE01D4D0AE0F2F72EF919
:10163000054606E04FF4004503E000250120029036
:1016400000BF00BFADB11749606A31F81000B5FBAB
:10165000F0F0616800EB5100B0FBF1F087B2102FA1
:1016600005D3B7F5803F02D22068C76001E00120B2
:1016700002900120A4F86A00A4F868000020206706
:1016800060670298BDE8FE8F00800040F369FFCFDD
:10169000FFF4FF110038014000440040880000586A
:1016A0000024F400E841010830B503469965A3F829
:1016B0005C20A3F85E200020186700BF9868B0F592
:1016C000805F0AD1186920B940F2FF10A3F86000CA
:1016D00020E0FF20A3F860001CE0986848B9186972
:1016E00018B9FF20A3F8600014E07F20A3F8600081
:1016F00010E09868B0F1805F09D1186918B97F20AF
:10170000A3F8600006E03F20A3F8600002E000209C
:10171000A3F8600000BF0020C3F88C002220C3F8AB
:10172000880000BF00BF1C68083454E8004F44F034
:1017300001001C68083444E80005002DF3D100BF07
:10174000586EB0F1005F31D1B3F8680090422DDCE3
:101750009868B0F5805F04D1186910B92A481867F5
:1017600001E02A48186700BF002083F8800000BF0E
:10177000186960B100BF00BF1C6854E8004F44F412
:1017800080701D6845E80004002CF5D100BF00BF43
:1017900000BF1C68083454E8004F44F080501C68B7
:1017A000083444E80005002DF3D12BE09868B0F52B
:1017B000805F04D1186910B91548186701E0154811
:1017C000186700BF002083F8800000BF186960B16F
:1017D00000BF00BF1C6854E8004F44F490701D68BF
:1017E00045E80004002CF5D10CE000BF00BF1C68E8
:1017F00054E8004F44F020001D6845E80004002C28
:10180000F5D100BF002030BD210F0108B91101083A
:101810004D0E0108E91001082DE9F04104460D467E
:1018200017469846069E6AE0701C002867D0F1F7BC
:10183000F5F9A0EB0800B04200D846BB00BF00BFDE
:10184000216851E8001F21F4D070226842E80001AD
:101850000029F5D100BF00BF00BF2168083151E861
:10186000001F21F001002168083141E80002002A30
:10187000F3D100BF2020C4F88400C4F8880000BF62
:10188000002084F8800000BF0320BDE8F0812068BC
:10189000006800F0040088B32068C069C0F3C0206D
:1018A00060B34FF400602168086200BF00BF216888
:1018B00051E8001F21F4D070226842E8000100299D
:1018C000F5D100BF00BF00BF2168083151E8001FFB
:1018D00021F001002168083141E80002002AF3D11B
:1018E00000BF202044F8840F6060A060843C00BFEB
:1018F000002084F8800000BF0320C6E7FFE72068CF
:10190000C0692840A84201D1012000E00020B8426F
:101910008AD00020B9E7000010B50248F3F722FA98
:1019200010BD0000E80200200FB42DE9F04188B09E
:1019300006460D4617460020029080462E48007A43
:10194000B04206D26FF0040008B0BDE8F0015DF8C7
:1019500014FB2948C0682840A84202D06FF0050057
:10196000F2E72548406828B127B1234802A9426818
:1019700003A8904712A807904FF400711F48079BD7
:10198000119A01F0CFF91FFA80F8FEF72FFFBDF88A
:101990000810414488B201A9FEF7C0FE401C18B3EC
:1019A00000240CE003A8005D1549BDF8042088540C
:1019B000BDF80400401C80B20190601C84B2BDF8E8
:1019C00008008442EEDB0E49BDF8042088184FF46D
:1019D0000071079B119A01F0A5F900200790FEF70E
:1019E000E3FFFEF713FFAFE700200790FEF7DCFFF1
:1019F0006FF00200A8E70000181D00203021002031
:101A0000301D002010B518220021074800F0B6F85C
:101A10004FF480620021054800F0B0F804480168E6
:101A20000448884710BD0000181D0020301D00200C
:101A3000AC410108D10801080448408A0349098AD9
:101A4000884201D1012070470020FCE7181D0020CA
:101A500010B50021022000F065F810BD10B501217D
:101A6000022000F05FF810BD014948607047000097
:101A7000181D00200149087270470000181D002041
:101A800010B500F00EFC044672B60F48006830B185
:101A90000E49086880470D49486880470FE00C48A8
:101AA000006830B10949886880470849C86880479C
:101AB00005E006490869804704494869804720468F
:101AC00000F0FBFB10BD0000EC01002044410108C8
:101AD000F0010020002002490860024908607047B8
:101AE000EC010020F001002070B504460D4600F026
:101AF000D8FB064672B63DB1012D0BD108480068EF
:101B000020430749086006E005480068A0430449EF
:101B1000086000E000BF00BF304600F0CEFB70BDA3
:101B2000F001002070B504460D4600F0BAFB0646F1
:101B300072B63DB1012D0BD108480068204307491A
:101B4000086006E005480068A0430449086000E01A
:101B500000BF00BF304600F0B0FB70BDEC010020BC
:101B600070B503460C4603E014F8015B03F8015B13
:101B7000151EA2F10106B2B2F6D170BD30B5034612
:101B800001E003F8011B141EA2F10105AAB2F8D16D
:101B900030BD10B5FFF774FF10BD704770470000EF
:101BA0002DE9F04105460F46144600F077FB064646
:101BB00072B62846FCF7C2FA034941F82040304685
:101BC00000F078FBBDE8F081302300202DE9FC5FB8
:101BD00007465848D0F800B00068384055490860BA
:101BE0005548D0F800805548D0F800905448056812
:101BF00054480068019069E0002400E0641C5248E9
:101C000050F8340028404B49096808400028F5D0B6
:101C10004D4850F8340028404649096800EA01065A
:101C2000494800EBC4004068304028B94FF0FF300D
:101C3000454901EBC4014860434901EBC4014968CF
:101C400001EA0600FCF77AFA404908603E4800EBDA
:101C5000C40040680A780121914088433A4901EB69
:101C6000C401486000F01AFB824672B6374801781A
:101C7000012088403049096881432F4801600124D0
:101C80000DE0601E304951F8300030490A780121DA
:101C900091408843611E2C4A42F83100641E002C9A
:101CA000EFD1504600F006FB2949284A126851F846
:101CB000220080472048D0F800802048D0F80090CB
:101CC0001F4805681F480068019000BF08EA05002A
:101CD00018490968084020B1019809EA0000002865
:101CE0008AD04FF0FF3019490860FFF757FF00F026
:101CF000D5FA009072B61048D0F800800F48D0F89E
:101D000000900F48056808EA05000A49096808407C
:101D100030B90C48006809EA000008B9FFF739FF3C
:101D2000009800F0C7FAFFF738FF0248C0F800B08B
:101D3000BDE8FC9FD0010020C8010020D401002094
:101D4000CC010020D8010020E0010020DC010020AF
:101D50003023002070B504460D4600F09FFA064679
:101D600072B608480068204306490860064850F8E3
:101D700035002043044941F83500304600F09AFA16
:101D800070BD0000C8010020E00100202DE9F041F5
:101D900004460E4617461D46DDF8188094B18DB1F5
:101DA000002020600848416A304688476060002073
:101DB00020726072A072E560C4F81080E772606102
:101DC000BDE8F0810120FBE76441010810B504493A
:101DD000C869804704460248816A2046884710BD8A
:101DE0006441010870B504460649C8698047054644
:101DF0000448416A204688470646A81B014A916A62
:101E0000884770BD644101082DE9F04100BFEFF340
:101E10001080054672B62949486980470746274918
:101E2000086980478046A8EB07062548006870B11E
:101E30002348046800BF2068B04203D92068801B93
:101E4000206001E0002020606469002CF3D113E0E1
:101E50001B48046800684069194908600020207226
:101E60006072D4E903108847E07A012804D1A07A8F
:101E700010B9204600F04EF81148006860B11048D3
:101E8000006800680028E3D00C49886980470C4945
:101E9000096809688842DBD80948006838B10848F1
:101EA0000068007A18B906480068FEF7C7FD00BF51
:101EB00085F3108800BFBDE8F0810000644101088F
:101EC000E801002010B500200249086002490868B6
:101ED000804710BDE80100206441010870B5044648
:101EE0000D4600260CB901260FE00948416A284634
:101EF000884760602046FEF767FD30B1204600F05D
:101F000059F8204600F006F80646304670BD00003D
:101F1000644101082DE9F04704464FF00009002C08
:101F20003ED02046FEF750FD002839D1607A0028C7
:101F300036D100BFEFF31080804672B667681B4948
:101F4000086A80470546AF4200D22F46276000202E
:101F50002072012060720020A0721548006830B91C
:101F60001249086980472046FEF73EFD13E00F49FD
:101F70008869804706462168881920600C492068D6
:101F800009680968884203D22046FEF72DFD02E069
:101F90002046FEF739FD00BF88F3108800BF01E03E
:101FA0004FF001094846BDE8F08700006441010890
:101FB000E80100202DE9F04105464FF00008002D12
:101FC00043D000BFEFF31080074672B62148066881
:101FD00004680120A8721F480068002830D0002043
:101FE00068721C480068A84218D100201949096885
:101FF000087218480068406948B11648006840698E
:102000001449086008460068FEF718FD16E01249FA
:10201000C868804700200F4908600FE00BE0AC4221
:1020200007D1606910B16469746101E000247461D2
:1020300003E026466469002CF1D100BF4FF0000890
:1020400000BF87F3108800BF01E04FF00108404651
:10205000BDE8F081E801002064410108012806D0B4
:10206000022808D003280AD0042810D10BE0094A1E
:10207000126811610CE0074A1268516108E0054AD4
:102080001268916104E0034A1268D16100E000BF68
:1020900000BF704728010020074890F8040102287B
:1020A00004D00620054981F8840403E00220034996
:1020B00081F8840470470000B40A0020A8050020BD
:1020C0002DE9FC4704460D4616461F46DDF83080D4
:1020D000CDE9006729462046DDE90A23FDF75EFECB
:1020E0008146012D05D16068FFF77CFEE168084458
:1020F000E060D4E90301884201D92069E060C4F8B6
:1021000004804846BDE8FC8700BFFEE72DE9F041AA
:1021100004460D4616464FF0000800272846EFF704
:10212000D5FB8046A719474504DCFF2F02DC0120C0
:10213000BDE8F0810020FBE72DE9F04FC7B0054670
:102140000C4616461F460DF5A07999E8000E1DB9FC
:102150000A2047B0BDE8F08FB4F5807F01DD0E2086
:10216000F7E74FF48872002103A800F03FFB03A8B3
:102170004B463A463146CDE900AB02902046F7F790
:1021800004FE2246294607A800F016FB4FF0060879
:1021900004F1100081B2334603A8539AFDF7BEFA4A
:1021A0008046B8F1000F01D10020D2E7B8F1010F4D
:1021B00001D10120CDE70F20CBE7000010B5044688
:1021C0001048016A2046884708B9002010BD0E4813
:1021D00084420AD30D48844207D80B48201A0C4980
:1021E000B0FBF1F201FB120008B10020EEE7094854
:1021F000844202D30548844201D90020E6E7012049
:10220000E4E70000F4460108E0F8D11DA067611E74
:10221000400D03006035081C08B5002000900C48F4
:1022200090F8180190B16846F4F798FC08B11320B3
:1022300008BD009BDAB2064B93F93910054B93F8B1
:102240003702FFF763FF08B90820F1E70020EFE746
:10225000B40A0020A805002002480068C0F302204C
:10226000704700000CED00E010B5002804DB0A0701
:10227000130E054A135406E00A07140E034A00F031
:102280000F031B1FD45410BD00E400E018ED00E064
:10229000EFF310807047EFF310807047EFF310807A
:1022A0007047EFF31080704780F31088704780F319
:1022B0001088704780F31088704780F3108870474B
:1022C00070B504460D462946204600F0ACFE70BDB0
:1022D00010B50B781478634003704B7854786340E2
:1022E00043708B78947863408370CB78D478634064
:1022F000C3700B791479634003714B79547963404F
:1023000043718B79947963408371CB79D47963403D
:10231000C3710B7A147A634003724B7A547A634028
:1023200043728B7A947A63408372CB7AD47A634017
:10233000C3720B7B147B634003734B7B547B634002
:1023400043738B7B947B63408373CB7BD47B6340F1
:10235000C37310BD0A7802704A7842708A7882701E
:10236000CA78C2700A7902714A7942718A79827197
:10237000CA79C2710A7A02724A7A42728A7A82727F
:10238000CA7AC2720A7B02734A7B42738A7B827367
:10239000CA7BC273704710B503E011F8013B00F827
:1023A000013B131EA2F10104E2B2F6D110BD000000
:1023B0002DE9F04F91B004461546DDE91BC71A9E82
:1023C0004B48D0F800A007F0400010B14948D0F8C1
:1023D00000A0022B01DB242B03DD002011B0BDE89F
:1023E000F08F07F0010008B1302000E02020814686
:1023F0004FF0000807F0020028B1002D03DA4FF07B
:102400002D086D42761E002235B94FF0300B104674
:10241000521C0DF800B00EE00BE0B5FBF3F003FB2F
:1024200010501AF800B01046521C0DF800B0B5FB61
:10243000F3F5002DF1D1624500DD9446A6EB0C06C4
:1024400007F0010068B908E000BF202004F8010B84
:10245000491E09B92046C1E700BF301EA6F101069A
:10246000F2DCB8F1000F07D000BF04F8018B491E61
:1024700009B92046B2E700BF07E000BF04F8019B9E
:10248000491E09B92046A9E700BF301EA6F1010682
:10249000F3DC08E000BF302004F8010B491E09B945
:1024A00020469BE700BF6046ACF1010C9042F1DC96
:1024B00009E000BF1DF8020004F8010B491E09B92C
:1024C00020468BE700BF101EA2F10102F1DC08E0FC
:1024D00000BF202004F8010B491E09B920467DE702
:1024E00000BF301EA6F10106F2DC204676E70000B0
:1024F000C0010020C40100200146002009E00B6853
:102500005A1C0A601A7800EB800302EB4302A2F126
:1025100030000A681278302A03DB0A681278392AF8
:10252000EDDD70472DE9F041C1F30A52A2F2FF360A
:102530002F4A304B0D460446142E2FDA002E12DAA5
:1025400000F0E4FD0022134601F068F94CD2002DA2
:10255000A4BF0024254647DA25F00040204318BFD9
:10256000254D41D018E0DFF894C02CFA06F705EAB3
:10257000070C5CEA040C08BFBDE8F08100F0C6FD62
:102580000022134601F04AF92ED2002D03DA4FF44F
:102590008010F0400544BD43002425E0332EC8BF21
:1025A000BDE8F081A6F1140C4FF0FF3727FA0CF7C5
:1025B0003C4208BFBDE8F08101F066F900221346F5
:1025C00001F02CF910D2002D0DDA142E08BF6D1C6D
:1025D00009D0C6F13400012101FA00F02044A042E4
:1025E00038BF6D1C0446BC4329462046BDE8F08137
:1025F0009C7500883CE4377E0000F0BFFFFF0F00B1
:102600002DE9FF4106460F46154695F8F000F0B15A
:102610002A4631466846FFF75BFE012409E068461A
:1026200000F0EEF805EB04116846FFF749FE601C68
:10263000C4B295F8F000A042F1DC684600F022FB3D
:1026400005EB041269463846FFF742FE03E0FF201F
:1026500004B0BDE8F0810020FAE700002DE9F05F4A
:1026600081460E461446102E04D0182E03D0202E7C
:1026700003D101E000BF00BF05E0002084F8F000B6
:10268000FF20BDE8F09F00BF324649462046FFF7D5
:1026900082FE06F11C0080064FEA10680120C0EBA4
:1026A0002810C0B284F8F000354601276EE0A5F18D
:1026B000040A14F80AC0A5F1030A14F80A10A5F1D7
:1026C000020A14F80A20A5F1010A14F80A3095FB51
:1026D000F6FA06FB1A5ABAF1000F19D16046DFF874
:1026E000B4A01AF801A08AEA070CDFF8A8A01AF82B
:1026F00002101AF803201AF800304FEAD71A4FF0E8
:102700001B0B0AFB0BFA8AEA470A0AF0FF0712E0E2
:10271000182E10DD95FBF6FA06FB1A5ABAF1100FC7
:1027200009D1DFF870A01AF80CC01AF801101AF8D5
:1027300002201AF80330A5EB060A0AF0FF0014F88D
:1027400000A08AEA0C0A04F805A000F1010A14F8B6
:102750000AA08AEA010A05F1010B04F80BA000F1B6
:10276000020A14F80AA08AEA020A05F1020B04F828
:102770000BA000F1030A14F80AA08AEA030A05F183
:10278000030B04F80BA0281DC0B2054645458EDB9F
:10279000002076E7D0420108F0F7D8FCFDF74EFEA6
:1027A000F6F794FBF6F7CAFBF6F71CFCF6F79AFB74
:1027B00001E0F6F7C9FBFCE710B503E011F8013BB7
:1027C00000F8013B131EA2F10104A2B2F6D110BD24
:1027D00010B5531E184403E011F8013B00F801390D
:1027E000131EA2F10104A2B2F6D110BD10B501E092
:1027F00000F8011B131EA2F10104A2B2F8D110BD12
:102800001FB5044621466846FFF7A4FD9DF8000069
:102810009949085C9DF80510984A515C48409DF81C
:102820000A10974A515C48409DF80F10515C48408F
:1028300020709DF800001146085C9DF805108E4A36
:10284000515C48409DF80A108C4A515C48409DF804
:102850000F108B4A515C484060709DF80000114693
:10286000085C9DF80510515C48409DF80A10824AAA
:10287000515C48409DF80F10804A515C4840A07060
:102880009DF800001146085C9DF805107C4A515CDB
:1028900048409DF80A10515C48409DF80F10764A58
:1028A000515C4840E0709DF804001146085C9DF8BA
:1028B0000910724A515C48409DF80E10704A515CF4
:1028C00048409DF80310515C484020719DF8040079
:1028D0001146085C9DF80910674A515C48409DF814
:1028E0000E10664A515C48409DF80310644A515CE2
:1028F000484060719DF804001146085C9DF809107D
:10290000515C48409DF80E105B4A515C48409DF870
:1029100003105A4A515C4840A0719DF804001146CA
:10292000085C9DF80910564A515C48409DF80E100D
:10293000515C48409DF803104F4A515C4840E0719B
:102940009DF808001146085C9DF80D104B4A515C3B
:1029500048409DF802104A4A515C48409DF80710D3
:10296000515C484020729DF808001146085C9DF8B3
:102970000D10414A515C48409DF802103F4A515C9D
:1029800048409DF807103E4A515C484060729DF8EF
:1029900008001146085C9DF80D10515C48409DF8F8
:1029A0000210354A515C48409DF80710334A515C8B
:1029B0004840A0729DF808001146085C9DF80D1073
:1029C0002F4A515C48409DF80210515C48409DF8E8
:1029D0000710294A515C4840E0729DF80C001146EE
:1029E000085C9DF80110254A515C48409DF806108E
:1029F000234A515C48409DF80B10515C48402073BD
:102A00009DF80C001146085C9DF801101A4A515CB3
:102A100048409DF80610194A515C48409DF80B103B
:102A2000174A515C484060739DF80C001146085CE1
:102A30009DF80110515C48409DF806100E4A515C0B
:102A400048409DF80B100D4A515C4840A0739DF81A
:102A50000C001146085C9DF80110094A515C484081
:102A60009DF80610515C48409DF80B10024A515CDD
:102A70004840E0731FBD0000D0430108D044010866
:102A8000D04201082DE9F04703460C460021002002
:102A900000BF05E0265CF643265400261E54401C69
:102AA0009042F7DB002033E006464FEAE07A00EB85
:102AB0005A7A4FEAEA0AA0EBCA0ACAF1070A0AF0F0
:102AC000FF0C4FEAE07A00EB5A7ACAF3C708461CBB
:102AD0004FEAE67A06EB5A7A4FEAEA0AA6EBCA0A06
:102AE000CAF1070A0AF0FF094FEAE67A06EB5A7ABA
:102AF000CAF3C70514F8086046FA0CF606F0010799
:102B000079405E5D01FA09FA46EA0A065E55401C04
:102B1000B0EBC20FC8DBCE0146EA811611B94FF007
:102B2000010A01E04FF0000A0AF0010A46EA4A16DB
:102B30009E54BDE8F08700000748006807494843F5
:102B400043F239010844044908606FF00041B0FBCA
:102B5000F1F201FB12007047A40100206D4EC64146
:102B600070B504460D46FFF7E7FF291B491C90FB93
:102B7000F1F201FB1200204470BD00002DE9FE4F70
:102B800004464FF41051204600F036FA4FF4FA7024
:102B9000EFF70FFE00BF2078400083464FF4FA7035
:102BA0000090062301AA59466068F0F721F910B198
:102BB0000020BDE8FE8F9DF805009DF8041040EA56
:102BC0000129022101A8EDF766FF9DF80610884251
:102BD00001D00020EDE79DF808009DF8071040EABD
:102BE000012A02210DF10700EDF755FF9DF80910AC
:102BF000884201D00020DCE7484600F0C2FC0546D0
:102C00000E4600221B4B2846314600F009FD0546C2
:102C10000E460022184B2846314600F02BFB054695
:102C20000E462A4633460020144900F06FFA054646
:102C30000E462846314600F037FAE060504600F074
:102C4000A0FC0746884600220D4B3846414600F05E
:102C5000E7FC074688460022074B3846414600F00D
:102C600009FB074688463846414600F01DFAA06039
:102C700001209EE700E06540E0FFEF40008046C095
:102C80000000594002781A4B9A5C027002799A5CF3
:102C90000271027A9A5C0272027B9A5C027341783A
:102CA00042799A5C4270427A9A5C4271427B9A5CA9
:102CB00042721A46525C42738178827A9A5C8270C0
:102CC0001A46525C82728179827B9A5C82711A46C2
:102CD000525C8273C17BC27A9A5CC273C2799A5C7D
:102CE000C272C2789A5CC2711A46525CC270704756
:102CF000D04201080149086070470000A40100208B
:102D00000FB438B504460D4607A800902946204662
:102D1000009B069A00F006F80020009038BC5DF891
:102D200014FB00002DE9FF4F87B005460E46002E2C
:102D300003DC00200BB0BDE8F08F2C46C4E0611B23
:102D4000701E814200DBC9E009980078252804D074
:102D50000998007804F8010BB3E000270998401C9B
:102D6000099009980078302801D147F001074FF009
:102D7000FF3A09980078302807DB0998007839284D
:102D800003DC09A8FFF7B8FB82464FF0FF30049040
:102D900003900A20059009980078692847D006DC3E
:102DA00058283DD0632809D0642844D13EE07328D8
:102DB00014D075283ED078283DD134E002E02020A0
:102DC00004F8010BAAF10100B0F1000AF7DC0A983F
:102DD00010F8041B0A9004F8011B72E00A9850F8DE
:102DE000049B0A90B9F1000F01D10FF2FC0948468B
:102DF000EDF7A7FA804602E0202004F8010B5046C8
:102E0000AAF1010A4045F7DC4FF0000B05E019F884
:102E1000010B04F8010B0BF1010BC345F7DB50E08C
:102E200047F0400700BF1020059021E000BF47F0A9
:102E3000020700BF1CE009980078252802D0252051
:102E400004F8010B611B701E814200DB10E0099841
:102E5000007820B10998007804F8010B02E0099885
:102E6000401E0990611B701E814200DB00E028E0DB
:102E700000BF03986C2806D10A98006806900A984B
:102E8000001D0A900FE007F0020030B10A980068B8
:102E900006900A98001D0A9005E00A9800680690BE
:102EA0000A98001D0A900498CDE900A00297701EB0
:102EB000621B811A2046DDE90532FFF779FA0446E4
:102EC00000BF0998401C09900998007800287FF4F9
:102ED00036AF611B701E8142BFF631AF00BF0020CC
:102EE0002070601B26E700003C4E554C4C3E000015
:102EF00010B54FF480404FF0B041096C01434FF0E2
:102F0000B042116400BF00BF1146096C81431164D7
:102F100000BF0448F2F72AF90F20F0F731F900203A
:102F200010BD0000E802002010B504460748046008
:102F3000F5F7BCFFF6F756F84FF0806004490968D2
:102F40000143034A116000BF002010BD10000020A3
:102F5000800800581CB50446154804604FF4001062
:102F600000901448DDE90012F1F7B0FE00BF1148EF
:102F70000068C069C0F300400028F8D100BF0D48C8
:102F80000068C069C0F380500028F8D00948006884
:102F9000806840F480000749096888600548F1F7B7
:102FA00015FE012204490348F2F76EF900201CBD0A
:102FB00014000020E80200200C00002010B5064894
:102FC000F2F798F808B1EEF741F90448EFF71EFB65
:102FD00008B1EEF73BF910BDE802002078030020AD
:102FE00070B504460D462A4621460248F2F7A4F978
:102FF000002070BDE80200207CB504460D46281272
:103000008DF80400E8B28DF8050000BF207840007C
:1030100006464FF496700090022301AA314660687C
:10302000EFF798FF7CBD02780B785A400270427827
:103030004B785A40427082788B785A408270C278BE
:10304000CB785A40C27002790B795A4002714279AA
:103050004B795A40427182798B795A408271C27998
:10306000CB795A40C271027A0B7A5A400272427A84
:103070004B7A5A404272827A8B7A5A408272C27A72
:10308000CB7A5A40C272027B0B7B5A400273427B5E
:103090004B7B5A404273827B8B7B5A408273C27B4C
:1030A000CB7B5A40C273704721F00042A2F16052BC
:1030B000B2F5801F01F0004328BFD2F17F6C0BD91D
:1030C0005FEA001C43EAC20242EB507018BF70472F
:1030D00028BF20F001007047B2F5801FBCBF184622
:1030E00070474FEA410C1CF5001F02D2084600F061
:1030F00040BF70B500F03EFB00000089FFF7F6BF4F
:103100004FF00040A0F580007047000010B591EA34
:10311000030F48BF83F0004300F1CA83841A71EBA8
:10312000030C05D2121943EB0C03001B61EB0C01DD
:10313000DFF824E14FEA1154A4EB135C1EEA430FBD
:1031400018BF9EEA445F73D023EA0E03DCF1200E21
:1031500021EA045143F4801332D322FA0CFE10EB1F
:103160000E0023FA0CFE41EB0E01CCF1200E03FA07
:103170000EFE10EB0E0051F10001B1F5801FCCF1F5
:10318000200E32D201EB045112FA0EF2BDE81040CB
:1031900058BF7047401C38BF5FEA420218BF7047F3
:1031A000002814BF20F0010041F100014FEA410363
:1031B00013F5001F38BF7047A1F1C04100F028BBD4
:1031C000012A43EB0302ACF1200CDCF11F0E32BFED
:1031D0004FF0000E23FA0CF310EB030041EB045107
:1031E000B4EB115FD0D0A1EB045101F58011490877
:1031F0005FEA300001EB04510ED350F1000038BFFC
:1032000012FA0EFE08D1BDE81040C9E7401C38BFD5
:103210005FEA4202CAD1C3E7BDE810404FEA41036A
:1032200013F5001F38BF7047A1F1C04100F0F0BA9C
:103230009EEA445F08D011EA5E0FBDE8104004BF6B
:1032400001F0004100207047BDE8104070B500F06B
:1032500091FA00BF64FBBE3E0000E0FF491058BF7A
:10326000C1F140415B1058BFC3F140438B42EFF3C3
:10327000008070472DE9C04130B4DFF8A0C23CEABD
:10328000111418BF3CEA131400F0EC8081EA030526
:103290001CEA111444EAD57418BF1CEA131500F097
:1032A000C780A4EB05044FF0004545EAC12145EA7B
:1032B000C32341EA505143EA525304F17F749942C7
:1032C00004F500344FEAC0204FEAC22208BF904202
:1032D00000F09C804FEA13650FF24016765D4FEACE
:1032E000134506FB05F7C7F1807706FB07F74FEAA2
:1032F000D737A7FB03687642C8F58038A7FB06CE10
:1033000038BFA8F1010807FB08E64FF0000EA6FB46
:10331000028CE6FB03CEDCF1000CCEF1004E38BF90
:10332000AEF1010EA6FB0C584FF000074FF0000560
:10333000E6FB0E87A1FB08C6A0FB07CE16EB0E0628
:1033400045F10005E1FB076515F1E04E7EBFA4F5F0
:1033500080345FEA46066D4116F1800745F10005AD
:103360004FEA17274FEA066647EA0567A6F1DE46E9
:10337000B6F1805F4FEA15251FD9384624F0010CBD
:1033800005EBC471BCF1FE6F01EB0C1102D8F0BC6F
:10339000BDE8008124425CBF01F5801E9EEAC47F27
:1033A00002D4F0BCBDE80081244238D4F0BCA1F1C5
:1033B000C041BDE8004100F02BBA4FEAD22242EAF8
:1033C00043524FEAD323A7FB02864FEAD02040EABC
:1033D000415007FB03661EEA0E0F4FEAD12105FBA1
:1033E000026658BFA6EB0056B6EB00564FEA520EE7
:1033F0004EEAC37E18EB0E0E56EB530EBDD518EBFE
:1034000002085E417F1C55F10005B6E74FF48015B8
:103410004FF000074FF000064FF00008ADE7F0BC9A
:103420004FF0000001F1C04101F00041BDE8008112
:1034300011EA0C1F0CEA131500D00CE013EA0C1F64
:1034400000F025804FF00000F0BC81EA030101F09C
:103450000041BDE80081F0BCBDE8004181EA030104
:1034600000F0D6B9F0BCBDE8004170B500F082F9BB
:10347000097EFC3E00F007B881EA03014FF000002E
:1034800001F00041704781EA030100F0C1B9F0BCCE
:10349000BDE800414FF0000021497047FFFDFBF9F6
:1034A000F7F5F4F2F0EEEDEBE9E8E6E4E3E1E0DE77
:1034B000DDDBDAD8D7D5D4D3D1D0CFCDCCCBCAC8E9
:1034C000C7C6C5C4C2C1C0BFBEBDBCBBBAB9B8B710
:1034D000B6B5B4B3B2B1B0AFAEADACABAAA9A8A803
:1034E000A7A6A5A4A3A3A2A1A09F9F9E9D9C9C9BD1
:1034F0009A9999989797969595949393929191907C
:103500008F8F8E8E8D8C8C8B8B8A8989888887870C
:103510008685858484838382828181800000FF0781
:103520000000F87F4FEA41034FEA5353A3F580634D
:10353000D3F11E03C8BFD3F1210C0CDD4FF00042C4
:1035400042EAC12242EA505232FA03FC8CEAE17CA0
:10355000ACEBE1707047102BC4BF0020704703F53F
:10356000787CBCF1FF3F04D06FF0004282EA21007A
:10357000704770B500F0FEF8499224800020704733
:10358000F2E7B0FA80F310FA03F10AD0C3F11D0399
:1035900003F580634FEA41504FEA035202EBD12119
:1035A00070474FF00000704751EA030C17D41CF528
:1035B000801F58BFBCF5801F00F10680994218BFDC
:1035C000704708BF9042704707D711F5801F58BF5A
:1035D00013F5801F19D499427047894270471CF532
:1035E000801F08D5BCF5801FF7D58B4218BF7047E8
:1035F00008BF824270474FF4001C1CEB410F38BFDC
:103600001CEB430F01D28B42704770B500F0B2F84B
:10361000922449004FF000514FF08053FFF71EBE37
:10362000DFF848C170B51CEA111E1EBF1CEA131555
:103630009EEA0C0F95EA0C0F00F06F8081EA0304FC
:1036400023EA4C134EEAD47E21EA4C1141F4801156
:1036500043F48013AE44A1FB024CA0FB0365AEF122
:103660007F7E361955EB0C05A1FB034C4CF1000392
:10367000A0FB021C16EB0C06654153F10003094246
:1036800018BF46F0010613F4007F0BD14FEA033157
:103690004FEA0530340341EA155140EA16506FF005
:1036A00003020AE04FEAC3214FEAC520F40241EACF
:1036B000555140EA56506FF0020202EB2E4201EBE8
:1036C000025585EACE710AD05FEA440C18BF24F097
:1036D000004450F1000041F1000120EAD47040F2B2
:1036E000FE7C624500D270BDA84214BF4FF08044FA
:1036F0004FF04044002E08BF0024BEF1806FA8BFE9
:10370000A1F1C041BDE8704080F282804FF000001E
:1037100001F1C04101F0004170479EEA0C0F0CEA34
:10372000131518BF95EA0C0F06D04FF0000081EA80
:10373000030E0EF0004170BD00F01CF88900013E40
:1037400000F007B800F009B84FEA430C5FEA5C5C90
:1037500008D081EA030100F05BB84FEA410C5FEA50
:103760005C5CF6D14FF00000014970470000FF0794
:103770000000F87F0EF1020E2EF0030E5EF8046BCF
:10378000364205D4012A43EB030515F5001F12D874
:10379000012841EB010C1CF5001F0CD80ED14FEA9B
:1037A000D17C15F5001F0CEB4C0C0CF1020C08BF82
:1037B0004CEBD37C04E04FF0080C01E04FEAD37CE3
:1037C0000CEB4C0526FA05F606F00706B6F1040CDC
:1037D00006D20EEB860CBDE870404CF0010C604741
:1037E000DFE80CF0090B02024FF000414FF000003F
:1037F000A1F5002170BD19461046012851EB0104C6
:1038000018BFD4F5001484BF002001F0004170BD42
:103810000808A0F500114FEA3101704753EA010C86
:1038200017D41CF5801F58BFBCF5801F00F106801F
:103830008B4218BF704708BF8242704707D713F505
:10384000801F58BF11F5801F19D48B4270479B42CF
:1038500070471CF5801F08D5BCF5801FF7D599422D
:1038600018BF704708BF904270474FF4001C1CEB14
:10387000430F38BF1CEB410F01D2994270470FB480
:103880000CBC03BCFFF7C1BE91EA030F10B581F079
:1038900000413FF543AC83F0004300F009B800005D
:1038A00010B591EA030F48BF83F000433FF536ACF3
:1038B000841A71EB030C07D212198CF0004C43EB05
:1038C0000C03001B61EB0C01DFF8A4E14FEA11547B
:1038D000A4EB135C1EEA430F18BF9EEA445F00F09E
:1038E000B08023EA6E03524221EA0451C3EB6E0317
:1038F00038BF5B1EDCF1200E25D322FA0CFE10EB44
:103900000E0043FA0CFE41EB0E01CCF1200E03FA3F
:103910000EFE10EB0E0051F10001CCF1200E29D467
:1039200012FA0EF201EB0451BDE8104058BF704787
:10393000401C1CBFB2F1004F704700280CBF491C4F
:1039400020F00100704712EB020E43EB030218BF98
:103950004FF0010E4EEA4202ACF1200CDCF11E0EDB
:1039600054D943FA0CFE10EB0E0051F1FF31CCF1AB
:103970001E0ED5D50EF1010E12FA0EFE404141EB9E
:10398000010101EB445C5FEA5C5C10D910EBDE7076
:1039900001EB045138BFBEF1004FBDE8104018BF25
:1039A000704700280CBF491C20F00100704730D23E
:1039B0004FEAD42C11F5001124F400641BD0B1FAA5
:1039C00081F20B3AA41AA41ED2F12003914030FADE
:1039D00003F31943904001EBCC71002C01EB04512F
:1039E000BDE81040A8BF704701F1C0414FF0000092
:1039F00001F000417047B0FA80F310FA03F100D1F2
:103A000010BDE41A173C4805C90AE4E701EB04516C
:103A100010BD491001EB0451BDE810404FEA3000E1
:103A200002E04FF0000170474A0008BF0042F8D0A2
:103A3000B2F5001F28BF704701F000414FF00000B1
:103A400070479EEA445F07D011EA5E0FBDE8104060
:103A500004BF002100207047BDE8104070B5FFF79B
:103A600089FE00BF40DFF63E83F0004110467047FC
:103A70000000E0FF43004FEAD30C4FEA3C0C434008
:103A80001FBF40070CF1605113F0FE4F70471CF050
:103A9000006F03D100200CF0004170470CF0004390
:103AA00043EA507010B540EACC0000F01CFA00BFA9
:103AB000000000924FEA0001FFF7AABE4FF000415C
:103AC0004FF00000A1F500217047000090EA010FBF
:103AD00048BF81F0004100F16282421A3CBF801A67
:103AE00089184FEAD0524FF07F4C1CEA410FA2EBED
:103AF000D15318BF9CEA026F00F03B804FF0004C9E
:103B00004CEA00204CEA012121FA03FC10EB0C0CDA
:103B10001ED202F1FF325FEA1C2040EBC25038BFD8
:103B200070471CF07F0F4FEA400C18BFBCF17F4F6D
:103B300038BF7047C3F12003994008BF20F001004F
:103B4000BCF17F4F38BF7047A0F1C04000F011BA00
:103B50004FEA3C00000A40EBC25028BF1CF0FF0FA8
:103B60004FEA400CE6D018BFBCF17F4F38BF70471A
:103B7000EAE79CEA026F05D010EA5C0F08BF00F08C
:103B80000040704710B500F0AEF900BF64FBBE3EC8
:103B90004FF47F0C1CEAD0121EBF1CEAD11392EA2C
:103BA0000C0F93EA0C0F00F0858090EA010F48BFDC
:103BB00042F4807240F4000C41F400002CF07F418C
:103BC00020F07F4000B58142A2EB03020FF2081CF7
:103BD000ACEB504EC0F100009EF800E04FEA4E0EF4
:103BE00000FB0EFC38BF49004FEA2C1C02F5FA021C
:103BF0000CFB0EF34FEACE1E4FEA112C4FEAC12107
:103C00000EEB635E42EB22420EFB0CFC4FEA1C53B0
:103C100000FB03114FEA112C4FEA01310EFB0CFCA3
:103C20004FEADC4C00FB0C11C14228BF09184CEBD9
:103C300003335DF804EB10EB410143EBC250B2F5E6
:103C40007C0F38BF704729D512F0F00F1CBF00F170
:103C5000C04000F0004070470081828384858687E1
:103C600088898B8C8D8E8F919293959697999A9C3B
:103C70009D9FA0A2A3A5A7A8AAACAEB0B2B3B5B7AA
:103C8000B9BCBEC0C2C5C7C9CCCED1D4D7D9DCDF80
:103C9000E2E6E9ECF0F3F7FAFE0000004FEA400C30
:103CA0000CF1807CBCF17E4F28BF7047B0F1C04062
:103CB00000F05FB990EA010F0CEAD11348BF42F45B
:103CC0008072624538BF634507D213F47F0F16D068
:103CD00080EA010000F00040704710B500F003F9E1
:103CE000097EFC3E00F005B880EA010000F00040CB
:103CF000704780EA010000F0004000F03AB912F489
:103D00007F0F04BF0248704780EA010000F031B91C
:103D10000000C07F41000B0ED3F19E0208D950F481
:103D200000034FEA032323FA02F048BF40427047E2
:103D300010B500F0D8F800BF4992248000207047E9
:103D40006FF0004282EA200070470000C10DD1F1FF
:103D50009E0206DB4FEA002343F0004323FA02F001
:103D60007047004207D54FEA4001B1F1FE4F02D241
:103D70004FF00000704710B500F0B5F8499224806C
:103D8000002070476FEA20007047000010F00041EB
:103D900048BF4042B0FA80F310FA03F2C3F19D032A
:103DA0000BD051EAC35101EB1220530638BF7047C4
:103DB00000F1010008BF20F001007047B0FA80F365
:103DC00010FA03F2C3F19D030AD0D90501EB1220CA
:103DD000530638BF704700F1010008BF20F0010012
:103DE000704700004FF47F0C1CEAD0121EBF1CEA83
:103DF000D11392EA0C0F93EA0C0F00F0478090EA7F
:103E0000010F48BF42F480724FF0004C4CEA002092
:103E10004CEA012102EB0302A0FB0113A2F5000210
:103E2000002918BF43F001035B0028BF4FEA3303AA
:103E300042EB22425FEA132C4CEBC2502EBFBCEB8C
:103E4000436FB2F57C0F70474FEA036CBCF1004F33
:103E500008BF20F00100B2F57C0F38BF70470BD5CA
:103E600082F0FF0212F5803FC8BF704700F1C040EA
:103E7000D8BF00F00040704700F5000C5FEA4C0C22
:103E800048BF7047B0F1C04000F073B890EA010F2E
:103E90000CEAD11348BF42F48072624538BF6345D3
:103EA00004D280EA010000F00040704710B500F035
:103EB0001AF800BF8900013E00F007B800F009B809
:103EC0005FEA410C5FEA1C6C08D080EA010000F058
:103ED00050B85FEA400C5FEA1C6CF6D14FF000402E
:103EE000A0F5800070470EF1020E2EF0030E5EF872
:103EF000044B244204D44FEA4102B2F17F4F11D85F
:103F00004FEA4003B3F17F4F0CD80ED14FEAD07C7B
:103F1000B2F17F4F0CEB4C0C0CF1020C08BF4CEBD8
:103F2000D17C04E04FF0080C01E04FEAD17C0CEBAF
:103F30004C0324FA03F404F00704B4F1040C06D291
:103F40000EEB840CBDE810404CF0010C6047DFE83C
:103F50000CF0070802024FF00040A0F5800010BDF1
:103F60000846420018BFD2F1807288BF00F00040BE
:103F700010BDFF2141EAD050C005704780F00040DD
:103F800090EA010F7FF5A9AD81F0004100F007B87C
:103F900090EA010F48BF81F000413FF59EAD421A03
:103FA00004D882F00042A0EB020011444FEAD05244
:103FB0004FF07F4C1CEA410FA2EBD15318BF9CEA93
:103FC000026F4AD04FF0004C4CEA00204CEA01212D
:103FD00021FA03FCB0EB0C0C0FD412F0FE0F36D01C
:103FE0005FEA4C001DD5001240EBC25038BF70474D
:103FF0001CF03F0F18BF70470BE0A2F101025FEA0F
:104000001C2040EBC25038BF70471CF07F0F18BF18
:104010007047C3F12003994014BF401E20F00100F7
:10402000704780084FEA122308BF7047B0FA80FC3F
:10403000A2EB0C02CCF1280C60FA0CF093EA122FE0
:1040400004BF00EBC25070474FEAC3707047130AB9
:104050005FEADC1008BF7047F6E79CEA026F04D005
:1040600010EA5C0F08BF0020704710B5FFF73BFF58
:1040700040DFF63E81F000407047000022323300FE
:104080000088880200000000000000000088888886
:1040900088888888888888888888886601018888D0
:1040A0008888888888888888888888886601022B1C
:1040B0007E151628AED2A6ABF7158809CF4F3C0364
:1040C0002B7E151628AED2A6ABF7158809CF4F3C2C
:1040D00004000000000000000000000000000000DC
:1040E000007F000000000000000000000000000051
:1040F0000000800000000000000000000000000040
:10410000000000810000000000000000000000002E
:10411000000000008200000000000000000000001D
:10412000000000000083000000000000000000000C
:10413000000000000000000000000000081C3044E7
:10414000586C8000739C0008A39C0008859C0008A4
:10415000AB9C0008719C0008A19C0008081C30441E
:10416000586C80004906010800000000A9060108FB
:10417000F906010895060108090601081506010857
:104180002D060108CB050108830501086D0501080E
:10419000450501080105010859050108190501082F
:1041A000D1050108081C3044586C8000292F0108F3
:1041B000F12E0108552F0108E12F0108081C304499
:1041C000586C8000120024003000000006000C0033
:1041D00010000000000000000100000002000000CC
:1041E000081C3044586C80000100020004000600E6
:1041F00008000A000C0010002000400080000001B0
:10420000081C3044586C80010101030701000008BC
:104210000402040801010100081C3044586C8000AD
:104220000100000003000000050000000100000084
:1042300001000000060000000A000000200000004D
:104240000200000004000000080000001000000050
:10425000400000008000000000010000000200009B
:10426000000000000000000000000000000000004E
:104270000100000002000000030000000400000034
:10428000A0860100400D0300801A060000350C00D6
:1042900040420F0080841E0000093D0000127A0099
:1042A0000024F40000366E010048E801006CDC02D6
:1042B00000000000000000000000000000000000FE
:1042C000081C3044586C8000E00000000000000032
:1042D000637C777BF26B6FC53001672BFED7AB76C3
:1042E000CA82C97DFA5947F0ADD4A2AF9CA472C06E
:1042F000B7FD9326363FF7CC34A5E5F171D83115DB
:1043000004C723C31896059A071280E2EB27B275FB
:1043100009832C1A1B6E5AA0523BD6B329E32F8473
:1043200053D100ED20FCB15B6ACBBE394A4C58CF6B
:10433000D0EFAAFB434D338545F9027F503C9FA83F
:1043400051A3408F929D38F5BCB6DA2110FFF3D20D
:10435000CD0C13EC5F974417C4A77E3D645D1973C1
:1043600060814FDC222A908846EEB814DE5E0BDBBB
:10437000E0323A0A4906245CC2D3AC629195E479F2
:10438000E7C8376D8DD54EA96C56F4EA657AAE084C
:10439000BA78252E1CA6B4C6E8DD741F4BBD8B8AE7
:1043A000703EB5664803F60E613557B986C11D9E4D
:1043B000E1F8981169D98E949B1E87E9CE5528DFC4
:1043C0008CA1890DBFE6426841992D0FB054BB16F0
:1043D000C6F8EEF6FFD6DE916002CE56E7B54DEC9C
:1043E0008F1F89FAEFB28EFB41B35F452353E49BE5
:1043F00075E13D4C6C7EF5836851D1F9E2AB622AE0
:104400000895469D30370A2F0E241BDFCD4E7FEADC
:10441000121D583436DCB45BA476B77D52DD5E13D2
:10442000A6B900C140E379B6D48D67729498B0857F
:10443000BBC54FED869A66118AE904FEA078254B2C
:10444000A25D80053F2170F16377AF4220E5FDBF9B
:10445000811826C3BE35882E9355FC7AC8BA32E639
:10446000C0199EA344543B0B8CC76B28A7BC16AD48
:10447000DB647414920C48B89FBD43C43931D3F245
:10448000D58B6EDA01B19C49D8ACF3CFCAF4471092
:104490006FF04A5C38577397CBA1E83E96610D0FD9
:1044A000E07C71CC9006F71CC26AAE6917993A2776
:1044B000D9EB2B22D2A907332D3C15C987AA50A5C9
:1044C0000359091A65D784D082295A1E7BA86D2CFE
:1044D000A584998D0DBDB1545003A97D1962E69A4A
:1044E000459D408715EBC90BEC67FDEABFF7965B6E
:1044F000C21CAE6A5A41024F5CF434089373533FB6
:104500000C52655E28A10FB509369B3D2669CD9FEB
:104510001B9E742E2DB2EEFBF64D61CE7B3E719745
:10452000F568002C601FC8EDBE46D94BDED4E84AC2
:104530006B2AE516C5D75594CF100681F044BAE32F
:10454000F3FEC08AADBC4804DFC17563301A0E6D3E
:104550004C14352FE1A2CC3957F28247ACE72B95AA
:10456000A098D17F667EAB83CA29D33C79E21D76C1
:104570003B564E1EDB0A6CE45D6EEFA6A8A4378B9B
:10458000324359B78C64D2E0B4FA0725AF8EE918EC
:10459000D5886F7224F1C751237C9C21DDDC868590
:1045A0009042C4AAD8050112A35FF9D0915827B947
:1045B0003813B333BB7089A7B622922049FF787AAB
:1045C0008FF88017DA31C6B8C3B07711CBFCD63A72
:1045D0000C0B0A090807000048E8010048E8010040
:1045E00048E8010048E8010048E8010048E8010007
:1045F00033333373F2F233333373DEDE000500609E
:1046000000000000000000000100000000000000A9
:10461000000000000000000000000000000000009A
:10462000080A0C0D0E10121415181A1B1D1E212439
:1046300080818200081C3044586C8000C012000049
:104640001F000000A816000017000000841C0000D6
:104650000F000000E42500001E000000B42D000043
:1046600016000000083900000E0000002C4C00006D
:104670001D000000685B000015000000747200005F
:104680000D000000589800001C00000034B7000026
:1046900014000000E8E400000C0000007831010084
:1046A0001B000000686E01001300000034CA010006
:1046B0000B000000286202001A00000040DB02002C
:1046C000120000003C9303000A000000C0C2040076
:1046D0001900000060B30500110000003820070039
:1046E0000900000020A1070000000000081C304461
:1046F000586C800051B4000821B40008B5BC000813
:104700006DBC000885B8000885B9000889BD00089F
:10471000B9C30008E1B200086DC90008A9BA0008D1
:1047200019C9000839C90008C9B9000845C90008F5
:104730006DC50008BFB9000839CA00089FB9000854
:1047400049CA0008ABB9000879BC000845BD00089B
:1047500045B40008F9B4000839BA0008B9C0000827
:1047600005CA0008E9C90008F1C00008B9C5000879
:10477000F1B10008D7B100080405060403020201E4
:104780000101010000000000000000000D0A2323C9
:104790002323232320424541434F4E205245434586
:1047A00049564544207C2044523A2564207C2052BE
:1047B0005353493A2564207C20534E523A256420B5
:1047C0007C2046513A2564207C2054494D453A25A9
:1047D00064207C20444553433A2564207C20494E84
:1047E000464F3A303258253032582530325820253D
:1047F00030325825303258253032580D0A0000002A
:1048000023232323232320442F4C204652414D456C
:104810003A25303464207C20504F52543A2564208D
:104820007C2044523A2564207C20534C4F543A2536
:1048300073207C20525353493A2564207C20534EE8
:10484000523A25640D0A00003100000032000000D9
:10485000435F4D4300000000505F4D4300000000E7
:1048600043000000500000006572726F723A2041F0
:1048700074206C65617374206F6E65207265676962
:104880006F6E207368616C6C206265206465666978
:104890006E656420696E20746865204D573A206308
:1048A0006865636B206C6F726177616E5F636F6EBA
:1048B000662E68200D0A0000253032583A25303225
:1048C000583A253032583A253032583A2530325845
:1048D0003A253032583A253032583A253032583A53
:1048E000253032583A253032583A253032583A2558
:1048F0003032583A253032583A253032583A25303D
:1049000032583A253032580D0A0000004D756C744B
:10491000695F43004D756C74695F50006572726F1A
:10492000723A20526567696F6E206973206E6F74EA
:1049300020646566696E656420696E207468652010
:104940004D573A20736574206C6F726177616E5FAA
:10495000636F6E662E68206163636F7264696E6751
:104960006C790D0A000000003031323334353637AF
:1049700038394142434445464748494A4B4C4D4EDD
:104980004F505152535455565758595A0000000031
:1049900030313233343536373839616263646566B5
:1049A0006768696A6B6C6D6E6F707172737475761F
:1049B0007778797A00000000D849010800000020CB
:1049C000F401000074010008A04A0108F40100206D
:1049D000AC2B0000D001000801181E484801084C0B
:1049E000041A60041A50041A64041A580432021398
:1049F000951614080D191B0899041ACD0C136D9700
:104A000014086599140827951B0835044113499427
:104A10001408059A1B08851C1A010C4B39931813AE
:104A2000B19B1B08A5041A89281AAD341202920101
:104A3000320463401FE31027131804822032103918
:104A40003653093D32E01391651B08BD041AC904B1
:104A50004BED686C1ADD0C1309665B08B910011C7C
:104A6000A9F04B0C49F01A1408D100081481828077
:104A7000010302841A0A9389CA611B3401B49AFFA4
:104A80000C0117A91C592F2122F24B981A18E9582A
:104A9000A9281A90A45A68A85AFF01012000000012
:0400000508000139B5
:00000001FF
