:020000040800F2
:10000000202E002015020008198B000889500008D6
:10001000B98900087B0B0008051B010800000000DF
:1000200000000000000000000000000049E9000896
:100030008110000800000000A596000865FB00087C
:100040002F0200082F02000865FE00082F0200089A
:100050002F0200082F020008611100082F0200087B
:100060002F0200082F0200082F0200082F020008AC
:100070002F0200082F0200082F020008B50F000809
:100080002F0200082F0200082F0200082F0200088C
:10009000000000002F0200082F0200082F020008B5
:1000A0002F0200082F0200082F0200082F0200086C
:1000B0002F0200082F0200082F0200082F0200085C
:1000C0002F0200082F0200082F0200082F0200084C
:1000D0002F020008151301082F0200082F02000844
:1000E0002F0200082F02000819AB00082F02000899
:1000F0002F02000800000000000000002F0200088E
:100100002F0200082F02000811DC00082F0200084F
:100110002F0200082F0200082F0200082F020008FB
:100120002F0200082F0200082F0200082F020008EB
:100130002F0200082F02000800F002F800F05AF821
:100140000AA090E8000C82448344AAF10107DA4532
:1001500001D100F04FF8AFF2090EBAE80F0013F02A
:10016000010F18BFFB1A43F001031847B43E01000A
:10017000D43E01000A444FF0000C10F8013B13F08C
:10018000070408BF10F8014B1D1108BF10F8015BF0
:10019000641E05D010F8016B641E01F8016BF9D1E3
:1001A00013F0080F1EBF10F8014BAD1C0C1B09D13A
:1001B0006D1E58BF01F801CBFAD505E014F8016BAC
:1001C00001F8016B6D1EF9D59142D6D3704700003E
:1001D0000023002400250026103A28BF78C1FBD850
:1001E000520728BF30C148BF0B6070471FB51FBD05
:1001F00010B510BD00F020F91146FFF7F7FF11F020
:10020000C9FF00F03EF903B4FFF7F2FF03BC00F0B2
:1002100045F900000948804709480047FEE7FEE726
:10022000FEE7FEE7FEE7FEE7FEE7FEE7FEE7FEE7A6
:1002300004480549054A064B7047000061FE000866
:100240003901000820240020202E00202026002034
:100250002026002053EA020C00F069802DE9F04BC3
:100260004FF00006002B1FBFB3FA83F503FA05F425
:1002700024FA05F65E4012BF1643B2FA82F502FA7E
:1002800005F4C5F120051EBF22FA05FC44EA0C0462
:10029000203556EA044C4FEA144418BF641C4FF052
:1002A00000084FF00009904271EB030C39D300298C
:1002B00019BFB1FA81F701FA07F6B0FA80F700FA30
:1002C00007F6C7F120071EBF20FA07FC46EA0C0616
:1002D0002037B6FBF4FCA7EB0507103F07F01F0B18
:1002E000CBF120060CFA0BFB2CFA06F644BFB34602
:1002F0000026202FA4BF5E464FF0000B5BEA060CE1
:1003000008BF4FF0010B19EB0B09ABFB027C48EB6C
:100310000608C01B06FB02CC0BFB03CC71EB0C01E7
:10032000C1E70B46024641464846BDE8F08B13B58F
:100330004FF000004FF00001AFF30080BDE81C401B
:10034000704710B5431C02E010F8011B71B1810722
:10035000FAD14FF0013202C88C1A8C4314EAC21150
:10036000F9D0C01A0A0603D0C01E10BDC01A10BDB5
:100370000A0401D0801E10BD0902FCD0401E10BD31
:1003800010B5203AC0F00B80B1E81850203AA0E830
:100390001850B1E81850A0E81850BFF4F5AF5FEA64
:1003A000027C24BFB1E81850A0E8185044BF18C917
:1003B00018C0BDE810405FEA827C24BF51F8043BBE
:1003C00040F8043B08BF7047D20728BF31F8023B12
:1003D00048BF11F8012B28BF20F8023B48BF00F8A6
:1003E000012B70474FF0000200B513469446964625
:1003F000203922BFA0E80C50A0E80C50B1F1200138
:10040000BFF4F7AF090728BFA0E80C5048BF0CC0E5
:100410005DF804EB890028BF40F8042B08BF704743
:1004200048BF20F8022B11F0804F18BF00F8012BB5
:100430007047704770477047754600F02BF8AE461E
:1004400005006946534620F00700854618B020B5E0
:10045000FFF7EEFEBDE820404FF000064FF000072A
:100460004FF000084FF0000B21F00701AC46ACE85C
:10047000C009ACE8C009ACE8C009ACE8C0098D46C9
:10048000704710B50446AFF300802046BDE8104029
:10049000FFF7B9BE00487047C0230020014918206B
:1004A000ABBEFEE7260002007047000070B50446B0
:1004B000206804F057FE50B3206804F03FFE40B9B6
:1004C00020688168134A114041F01001816000BF2B
:1004D00000BF02F081FB054613E002F07DFB401BEC
:1004E00002280ED92068806800F0040048B1A06D91
:1004F00040F01000A065E06D40F00100E0650120D3
:1005000070BD2068806800F004000028E5D100205C
:10051000F6E70000E8FFFF7F70B50446206804F0AE
:100520000DFE0646206804F00EFE78B376BB206808
:10053000806800F00500012806D1206804F0EEFD77
:1005400003202168086009E0A06D40F01000A0655C
:10055000E06D40F00100E065012070BD02F03CFB61
:10056000054614E002F038FB401B02280FD9206832
:10057000806800F0010050B1A06D40F01000A0654F
:10058000E06D40F00100E0650120E6E705E020684D
:10059000806800F001000028E4D10020DDE70000C1
:1005A00038B5044600200090206804F0CCFD0028F7
:1005B0004FD1206880682849084048B1A06D40F0BC
:1005C0001000A065E06D40F00100E065012038BD3D
:1005D000206804F0ABFD00BF2048006800F0E07028
:1005E00000F4000068B11E4800681E49B0FBF1F03D
:1005F000401C009002E00098401E009000980028E7
:10060000F9D1607E012824D002F0E6FA05461AE00E
:10061000206804F098FD10B9206804F087FD02F00E
:10062000DBFA401B02280ED92068006800F00100A8
:1006300048B9A06D40F01000A065E06D40F00100E9
:10064000E0650120C3E72068006800F00100002891
:10065000DED00020BBE70000170000800827014023
:10066000B4000020400D03003EB5044600250020E4
:1006700000900190029007F0E9FF144801F082F920
:1006800008B100F097FD00940020019002906946A7
:100690000E4801F023FA08B100F08CFD0B4801F080
:1006A00077FD08B100F086FD4FF0FF31074801F0FB
:1006B00009FD064801F09FFD044801F085FB054651
:1006C000024801F023FB28463EBD000084020020C2
:1006D00030B589B005460C461022002105A811F05E
:1006E00081FD224605A905A811F088FC9DF814009B
:1006F00000F08000E8B100BF00200AE005A9095C15
:100700004A0005AB411C595C42EAE11105AA1154AB
:10071000401C0F28F2DB9DF823104906090E8DF8C6
:10072000231000BF9DF8230080F087008DF8230080
:1007300016E000BF00200AE005A9095C4A0005ABED
:10074000411C595C42EAE11105AA1154401C0F28D2
:10075000F2DB9DF823104906090E8DF8231000BF27
:10076000D4F8140110280FD100BF002009E004F2D2
:100770000111095C05AA125C514004F201121154E6
:10078000401C1028F3DB5DE09DF8140000F08000B1
:10079000E8B100BF00200AE005A9095C4A0005ABEA
:1007A000411C595C42EAE11105AA1154401C0F2872
:1007B000F2DB9DF823104906090E8DF8231000BFC7
:1007C0009DF8230080F087008DF8230016E000BF1D
:1007D00000200AE005A9095C4A0005AB411C595CF0
:1007E00042EAE11105AA1154401C0F28F2DB9DF8E2
:1007F00023104906090E8DF8231000BF802104F252
:100800000110D4F81421815405E0002104F20110F4
:10081000D4F814218154D4F81401401CC4F81401F4
:100820001028F2D300BF002009E004F20111095C96
:1008300005AA125C514004F201121154401C102808
:10084000F3DB00BF00BF00200AE004F1F101095C06
:1008500004F20112125C514004F1F1021154401CE7
:100860001028F2DB00BF102204F1F10101A811F001
:100870009FFC2246294601A811F0C0FB102200214E
:1008800005A811F0AFFC09B030BD10B50446102228
:10089000002104F1F10011F0A5FC0020C4F81401BE
:1008A000F0220021204611F09DFC10BD70B50446D9
:1008B0000D4622461021284611F0CEFB70BD2DE9D1
:1008C000FF4104460F461546D4F81401002846D0CF
:1008D000D4F81401C0F11000A84204D2D4F81401D5
:1008E000C0F1100000E028460646B2B204F2011141
:1008F000D4F814315818394611F05AFCD4F81401C0
:100900003044C4F81401D4F81401102801D3B542BE
:1009100001D1BDE8FF8100BF00200AE004F1F10130
:10092000095C04F20112125C514004F1F10211540D
:10093000401C1028F2DB00BF102204F1F1016846D0
:1009400011F036FC22466946684611F057FB10222A
:10095000694604F1F10011F02BFC3744AD1B21E096
:1009600000BF002008E004F1F101095C3A5C51404D
:1009700004F1F1021154401C1028F4DB00BF1022D6
:1009800004F1F101684611F013FC224669466846FD
:1009900011F034FB1022694604F1F10011F008FC5B
:1009A0001037103D102DDBD8AAB2394604F20110E1
:1009B00011F0FEFBC4F8145100BFAAE70EB51048B1
:1009C00090F83C04B0B902208DF808000D48009062
:1009D000A0300190A0F5207191F8400069460CF01C
:1009E000FFFD0020064981F814040021044880F826
:1009F0003C1400BF024890F8121480F83D140EBD5C
:100A000028060020140D00200EB5194890F8120495
:100A1000174991F81114884229DA154890F8120400
:100A2000401C134981F8120491F8120400EBD071B4
:100A30004910A0EB4101012919D122208DF80400B1
:100A40000C4890F874008DF806000A4890F83900B8
:100A50008DF80500074991F8400001A90CF0A9FDA7
:100A60000090009841B2034880F8391000BF0EBDD5
:100A700028060020340B002010B5044634B1012CA8
:100A800012D0022C1DD0032C36D127E000220221E7
:100A90004FF0904002F09AF800224FF480714FF02E
:100AA000904002F093F828E0012202214FF090409C
:100AB00002F08CF8012211024FF0904002F086F80B
:100AC0001BE0012202214FF0904002F07FF801224A
:100AD00011024FF0904002F079F80EE0012202215D
:100AE0004FF0904002F072F800224FF480714FF006
:100AF000904002F06BF800E000BF00BF002010BD86
:100B0000014609B90F2000E0162070470220704707
:100B100000B585B014216846FFF764FC042004F09A
:100B200067FB042004F064FB4FF480700090012008
:100B30000190002002900320039069464FF09040FE
:100B400001F07AFF0220009069464FF0904001F0DA
:100B500073FF00224FF480714FF0904002F036F89E
:100B6000002202214FF0904002F030F8002005B042
:100B700000BD012070470020704700BFFEE72DE94F
:100B8000F04F87B00446884691461F464FF0000A52
:100B900094F9105094F911B0A06838606079012878
:100BA00058D102208DF81400A07C8DF81600E07C4E
:100BB00005A90CF0FEFC0490049846B2B54201DD94
:100BC000284600E030460546B54203D10020386093
:100BD00082463FE0A189A068884202D34FF0010A13
:100BE00001E04FF0000AA089E1890844A168884229
:100BF00030D808208DF81400E07C05A90CF0D9FC51
:100C0000049004984FFA80FBE189A068B0FBF1F2F0
:100C100001FB120001281DD122208DF814008DF84F
:100C20001550A07C8DF81600E07C05A90CF0C1FCE5
:100C30000490049845B2B5420CD14FF0000A2079D7
:100C4000012807D102208DF80C00E07C01A90CF0EE
:100C5000C7FC00BF88F8005089F800B0504607B0C4
:100C6000BDE8F08F0848006B60B90848D0F8180458
:100C70000549B1F80A1148430449D1F81814411A3A
:100C80000148016370470000340B00202806002053
:100C900010B504460748D0F8480350B10548D0F8CD
:100CA0004803C06828B10348D0F84803C16820460B
:100CB000884710BD2806002038B505460C460020A0
:100CC00000906946284600F07BFD08B1002038BD41
:100CD0000098844202D80098401C08B90120F6E729
:100CE0000020F4E710B505F0B5FA08B10E2010BDEC
:100CF000084890F80401012809D105F0B1FA08B1BB
:100D00000F20F4E705F0AAFA08B10F20EFE7002062
:100D1000EDE70000340B00200B4890F812040A495C
:100D200091F81114884201DB01207047064890F8C1
:100D30008504C0F3400028B1034890F83C04012822
:100D400000D1F2E70020F0E7280600200E4890F8D6
:100D500010140E4890F86000814201DB01207047BA
:100D6000094890F88504C0F3400058B1074890F84E
:100D7000040108B90120F2E7034890F8830408B998
:100D80000120ECE70020EAE728060020340B0020D1
:100D90002DE9F043CBB004460E4691461F46DDF8E0
:100DA000488116B1B8F1000F03D102204BB0BDE865
:100DB000F08301A8FFF769FD6946384600F0E2FCC0
:100DC00005461DBB0099491C01A8FFF76FFD24B122
:100DD0001022214601A8FFF772FD4A46314601A8BC
:100DE000FFF76DFD01A947A8FFF772FC9DF81F01F1
:100DF00000069DF81E1140EA01409DF81D1140EAD1
:100E000001209DF81C110843C8F800002846CDE7D2
:100E10002DE9F04F87B005460C4616461F46DDE922
:100E200011ABDDF84090DDF84C8015B1B8F1000F42
:100E300003D10A2007B0BDE8F08FB4F5807F01DD53
:100E40000E20F7E703A84B463A463146CDE900AB02
:100E50000290204608F027FC33462246294603A884
:100E6000CDF800800DF0C1FE08B10F20E2E70020B0
:100E7000E0E7000038B5284D95F861506BB2264D7B
:100E800095F9392095F8751095F840000BF0A2FA05
:100E900044B22248294600904B6C91F8482091F8C2
:100EA000400021460CF065FB1C4814302C46009095
:100EB000636C94F8482094F8684061B22C4694F82A
:100EC00040000CF056FB2046016D1548D0F8C403D5
:100ED00008441349C1F8B0032046416D1048D0F8CA
:100EE000D80308440E49C1F8B403204690F818010D
:100EF00088B92046816D0A48D0F8C40308440849DF
:100F0000C1F8B0032046C16D0548D0F8D8030844A5
:100F10000349C1F8B40338BD340B0020E0090020B8
:100F20002806002030B50246002300200AE00124F4
:100F30008440144001258540AC4201D15C1CE3B2E1
:100F4000441CE0B28842F2DB184630BD70B5024660
:100F50000B464FF0FF310AB9002070BD002010E0B1
:100F6000145C6140002408E001F001056D1E074E8D
:100F7000AE4386EA5101651CACB2082CF4DB441C7C
:100F8000A0B29842ECDBC843E7E700002083B8ED4D
:100F900010B54FF48040064909680143044A1160C6
:100FA00000BF01F04DF901F063F901F055F910BDF2
:100FB0009008005810B5024801F04AFA10BD000030
:100FC00008040020124B02689A420BD2426C92082D
:100FD000104B03EB820282640278083A1423B2FBBE
:100FE000F3F10CE0426C92080A4B1C3303EB8202D3
:100FF00082640278083A1423B2FBF3F2D11D054A49
:101000008032C26401F01F0301229A4002657047DA
:101010000804024000080240027902F07F014A1EE3
:10102000064B03EB82024265044A403282654A1E47
:1010300002F0030301229A40C26570470009024092
:1010400030B5D0E913546C60446D14B1D0E9165436
:101050006C6090F8444004F01C050124AC40056C21
:101060006C60046863608468102C04D10468A2601A
:101070000468E16003E00468A1600468E26030BDD8
:1010800070472DE9FF4106460C4615461F460020D5
:101090000090019002900390022E02D0032E08D1FE
:1010A00003E001208DF8000007E002208DF8000029
:1010B00003E00B2004B0BDE8F08100BFE0B28DF882
:1010C0000100200A8DF80200200C8DF80300E8B220
:1010D0008DF80400280A8DF80500280C8DF806000C
:1010E000F8B28DF80700380A8DF808003246012161
:1010F00068460DF090FD08B10F20DBE70020D9E72E
:10110000024602B109B903207047107B00F00F00BE
:10111000002806DD92F82000002802DD002008707B
:101120001CE092F8280010B90120087016E0107B2E
:1011300000F00F0028B992F8200010B902200870C2
:101140000CE0107B00F00F0030B992F8200000286E
:1011500002DD0320087001E01820D5E70020D3E766
:1011600010B5012001F05AFC10BD002070470000AE
:101170002DE9F04104460A4D0A4E0B4F0DF00AFCD2
:101180004FEA2028404612F085F80646A5606660C2
:1011900027600648E060064820610020BDE8F08135
:1011A000000048420000904100007A440D093E00D2
:1011B000AB03050072B600BFFEE7000003484069BC
:1011C00040F2FA31884301494861704700400058B5
:1011D0001D48006800F40070012816D11A48006804
:1011E00020F400701849086000BF0846006840F409
:1011F000006008600846006820F40060086000BFD6
:101200000846006840F4007008600F48006800F469
:101210008060012816D10C48006820F480600A49DB
:10122000086000BF0846006840F480500860084627
:10123000006820F48050086000BF0846006840F451
:101240008060086070470000004000582DE9FF41B1
:1012500005460E461746022001900295039627B1D7
:1012600001A801F0A7FA044604E0694601A801F0CC
:1012700059FA04461CB9002004B0BDE8F081022CE4
:1012800001D10120F8E76FF00100F5E7F0B5024663
:1012900006E012F8015BFF2D01D00120F0BD491ED0
:1012A00002F007000028F4D1134600240BE0D3E934
:1012B000005008334FF0FF377D407840054301D0A0
:1012C0000120EBE7641CB4EBD10FF0D3082000FB46
:1012D00014111A4606E012F8015BFF2D01D001201F
:1012E000DCE7491E0029F6D10020D7E72DE9FE4FA3
:1012F000054689461746984600200290A5F10060F1
:101300003F49098809048909B0FBF1F201FB120089
:10131000C00A0190E819401EA0F100603849098810
:1013200009048909B0FBF1F201FB1200C00A009028
:101330003E46AA46CB46B9F1000F05D007F007009C
:1013400010B905F0070018B16FF00400BDE8FE8F7A
:101350002C48406900F0004010B16FF00300F5E741
:10136000DDE90010884203D0C5F30A00C0F500662D
:10137000019C3FE031465046FFF788FF60B3B8F16B
:10138000000F02D16FF00400E0E74FF0006000EBC7
:10139000C4210214404610F0E1F8B2B2CAF30A01C7
:1013A00001EB0800594610F0D9F80022012120462F
:1013B000FFF74CFF18B16FF0010002901DE04FF0F5
:1013C000006101EBC4200A14414600F039F868B10D
:1013D0006FF00200029010E032465946504600F08D
:1013E0002FF818B16FF00200029006E0B244B34447
:1013F000BE1B641C00988442BCD900BF0298A5E7BC
:10140000E075FF1F0040005870B5064614461D46A3
:101410000DE000BF00BF09480069C0F3C0400028CC
:10142000F8D122462B463146012001F00FFAD6E9C9
:101430000001604069400843EBD170BD0040005896
:101440002DE9FC4704460D4616462F464FF000088E
:10145000C1461AE008223946684610F07FF84FF07E
:10146000FF33DDE9001059405840014305D02046C4
:10147000DDE90023FFF7C8FF804608340837B8F1DC
:10148000000F00D004E009F10109B9EBD60FE1D358
:1014900000BF4046BDE8FC87034840690349084354
:1014A00001494861704700000040005804000100F5
:1014B0000649496921F47E71022202EBC00242F41E
:1014C00080321143014A51617047000000400058CA
:1014D00010B50849496941F00101064C616102609B
:1014E00000BF00BF00BFBFF36F8F00BF00BF00BFD2
:1014F000436010BD00400058F0B50246402314463A
:101500000D46104E766946F480260E4F7E6100BF70
:10151000EFF31086304672B600BF2E682660241D99
:101520002D1D5E1EF3B2002BF7D100BF054E3669AC
:10153000C6F30046002EF9D100BF80F3108800BF2B
:10154000F0BD00000040005870B5054601F044FBB6
:10155000064606E001F040FB801BA84201D30320B1
:1015600070BD1E48006900F48030B0F5803FF1D0B6
:101570001A48046904F0010020B100BF0120174996
:10158000086100BF4CF2FA30044000BF04F0404054
:1015900030B11248806904F0404108430F49886126
:1015A00024F0404018B124F040400C49086100BFCD
:1015B0001CB10B4844600120D2E706E001F00CFBAF
:1015C000801BA84201D30320CAE70448006900F445
:1015D0008020B0F5802FF1D00020C1E700400058F6
:1015E000E405002010B504460CB9002010BD1022FF
:1015F0000021204610F0F6FD0120F7E770B5002528
:101600000DF0A4F9044640F6B830844201D9FE2515
:101610000EE0B4F5E16F01DA002509E0A4F5E16020
:10162000C0EBC01040004FF49661B0FBF1F0C5B2C2
:10163000284670BD70B5002400BF08480068044605
:10164000601C48B901F0D4FA054601F0D7FA4540CC
:1016500001F0DAFA85EA0004204670BD8075FF1FAC
:101660003FB504462088C1B942F21072029BB3F51F
:10167000616F01D2642209E049F6B025029BAB42BA
:1016800002D24FF47A7201E042F21072904201DD10
:10169000034600E01346184600BF00B9012004B01D
:1016A00030BD00002DE9F04104460D4690462E461F
:1016B0000E4991F8200003F0F3FC10B10020BDE8C2
:1016C000F08100270AE03078A04201D13046F6E7E9
:1016D000304603F0DBFC0646781CC7B2034890F89E
:1016E0002000B842EFDC0020E9E70000A81A002043
:1016F0002DE9FF4707460D461646DDE90C94DDF857
:1017000038801EB114B1B8F1000F03D10A2004B023
:10171000BDE8F0878FB1012F12D19DF80E0001288E
:1017200008D10DB1032D02D10220207004E0012068
:10173000207001E00320207004E00420207001E00C
:101740000520E4E700BFF28920784346494604F0CB
:10175000EBFFDCE702460B4600210CE0084810F8DE
:101760002100904205D1064800EB8100186000205E
:101770007047481CC1B20229F0DB0C20F8E70000DA
:101780006C01002010B502460B46002112E001EB6F
:1017900001140A4800681030005D904208D101EB46
:1017A000011406480068103020441860002010BD65
:1017B000481CC1B20A29EAD30320F8E7F40000204C
:1017C000024609B90A207047012A06D0022A0FD022
:1017D000032A18D0042A26D120E0154800680069A1
:1017E0000860134800680069114B1B6818621CE010
:1017F0000F480068406908600D48006840690C4B5C
:101800001B68186211E00A4800688069086008488F
:1018100000688069064B1B68186206E0044800688F
:10182000C069086001E00520CDE700BF0020CAE7DD
:10183000680100203EB504460D4890F874008DF80C
:1018400006008DF805400D208DF80400084890F83A
:101850008000012802D10E208DF80400044991F87F
:10186000400001A90BF0A5FE00900098C0B23EBD5B
:10187000340B002010B586B000246846FFF778FCD2
:10188000019811F0CBFC04B2204606B010BD000058
:101890002DE9FF4104460D460C48005D46B20C4957
:1018A00020460BF042FC80460121E8B200220823CA
:1018B000CDE90032CDE9020106480B4632464146E9
:1018C000476A0120B84704B0BDE8F081D83A010862
:1018D000E03A01083C3C010800BF08488068014626
:1018E00003E000BF05488068014600BF03488068E8
:1018F0008842F6D1C1F1FF30704700000028004057
:101900002DE9F0410446002500BF1D48006805464A
:10191000681CC0B901F06CF9804601F075F908EB5C
:10192000000601F06BF90746300EE071300CA07133
:10193000300A60712671380EE070380CA070380AD9
:10194000607027701AE0E571280AA071280C607198
:10195000280E207100BF0A48001D00780546E5707A
:1019600000BF0748001D00686FF07F4101EA1020AA
:101970000546A570280A6070280C2070BDE8F0812B
:101980008075FF1F2DE9F8430446002000900026D3
:1019900000BF94F85400012802D10220BDE8F8836A
:1019A000012084F8540000BF2046FEF7B5FD8146B3
:1019B000206803F0CDFB00287DD1A06D20F480705D
:1019C00040F00200A0652068C06848F2030100EA08
:1019D00001082068C06888432168C860002528E0A5
:1019E000206881683C4A114041F00041816000BF9D
:1019F00013E00098401C00900098B0F52E3F0CD3E7
:101A0000A06D20F0020040F01000A06500BF002093
:101A100084F8540000BF0120C0E720688168C90F26
:101A20000029E6D12068D0F8B41001F07F010E44FF
:101A30006D1C082DD4D3B6FBF5F620688168264AC4
:101A40001140491C816000BF31462068D0F8B420A5
:101A500022F07F020A43C0F8B42000BF20688168EA
:101A60001D4A1140891C816000BF01F0B5F807468E
:101A700012E001F0B1F8C01B02280DD9206803F074
:101A800067FB48B1A06D40F01000A065E06D40F02C
:101A90000100E065012081E7206803F059FB002880
:101AA000E7D12068C06840EA08002168C860A06DDE
:101AB00020F0020000E003E040F00100A06503E038
:101AC000A06D40F01000A06500BF002084F8540015
:101AD00000BF484662E70000E8FFFF7F2DE9F843BA
:101AE00005460C460027002000902869B0F1004F01
:101AF00003D07E492869884200D100E000BF00BFC2
:101B000095F85400012802D10220BDE8F883012095
:101B100085F8540000BF286803F024FB00287DD11D
:101B2000606802287BD02869B0F1004F03D06F496C
:101B30002869884208D128682168826AC1F31103A4
:101B40001A43826200BF37E0207900F01F020F20A5
:101B50009040296E81432068C0F3110018B92068B5
:101B6000C0F3846004E0206890FAA0F0B0FA80F03E
:101B7000227902F01F02904001432966012160682A
:101B800001EB9001E869814216D82868D4E9002168
:101B9000836A01F01F084FF00F0C0CFA08FC23EACF
:101BA0000C0301F01F08C2F3836C0CFA08FC43EA33
:101BB0000C03836200BF00BF2868A26821684369E4
:101BC00023EA0123DFF828C102EA0C0C0CEA012CFD
:101BD00043EA0C03436100BF206800F00040002886
:101BE0007DD000BF4348006800F0E07600BF424966
:101BF000206888421BD106F40000C0B946F40001F9
:101C00003C4803F0C5FA3D4800683D49B0FBF1F09F
:101C1000401C00EB40008000009004E05AE020E00F
:101C20000098401E009000980028F9D157E03549EF
:101C30002068884208D106F0807028B946F080718B
:101C40002C4803F0A5FA4AE02F492068884246D183
:101C500006F4800048BB46F48001264803F098FA59
:101C60003DE02869B0F1004F03D02049286988423F
:101C700008D128682168826AC1F311039A438262FD
:101C800000BF00BF206800F0004070B100BF1948DD
:101C9000006800F0E07600BF17492068884205D14F
:101CA00026F40001134803F073FA18E01549206880
:101CB000884205D126F080710E4803F069FA0EE0E3
:101CC0001149206888420AD126F48001094803F0AE
:101CD0005FFA04E0A86D40F02000A865012700BF6E
:101CE000002085F8540000BF38460EE7040000804D
:101CF00000FFFF0308270140001000B0B4000020DF
:101D0000400D0300004000B8002000B470B5044648
:101D10000CB9012070BDA06D40F00200A065204606
:101D2000FEF7C4FB05466DB92046FEF7F5FB0546F8
:101D30000DB90120A06520688168204A11408160AA
:101D400000BF00BF2068406840F29F31884321688F
:101D5000486040F29F30216808602068C0681849D8
:101D600008402168C8602068006920F04040216870
:101D700008612068406920F00700216848612068F8
:101D8000006A00F0F020216808622068806A002064
:101D9000216888620B48006820F0FE7009490860DD
:101DA000204600F065F900202066E065A06500BFD0
:101DB00084F8540000BF2846ACE70000E8FFFF6F3E
:101DC00000023E830827014001460868006C704706
:101DD0002DE9F84304464FF00008002500260020B6
:101DE000009014B90120BDE8F88394F83C00012864
:101DF00000D100BF206920B12069B0F5001F00D1DB
:101E000000BFA06D30B9204600F044F90020E06525
:101E100084F85400206803F0A0F9B0B92068816804
:101E20008C4A114041F08051816000BF8A480068AF
:101E30008A49B0FBF1F0401C4000009002E000989D
:101E4000401E009000980028F9D1206803F085F921
:101E500048B9A06D40F01000A065E06D40F00100B1
:101E6000E0654FF00108206803F07CF90746A06D9B
:101E700000F0100000287DD1002FFCD1A06D20F4CF
:101E8000807040F00200A065206803F05CF9002833
:101E900078D1207EA16841EA8031607E41EAC0317C
:101EA000A07E41EA4030216B11B14FF4805100E037
:101EB00000210843E1680843216901F0004119B19C
:101EC000216921F0004101E04FF40011084394F82A
:101ED0002C1040EA410005432020005D01280CD170
:101EE000A07E10B945F4803507E0A06D40F02000D9
:101EF000A065E06D40F00100E065606A28B1A08C4B
:101F000000F4E070A16A084305432068C0685449A2
:101F1000084028432168C860606800F04040E16CD8
:101F20000843064394F83C0001280BD1606800F098
:101F3000404040F00100216C0843616C0843A16CF3
:101F40000843064320680069464908403043216839
:101F500008616068B0F1404F14D06068B0F1804F04
:101F600010D06068B0F1004F0CD03F48006820F4FA
:101F7000701001E066E005E0616801F4701108434B
:101F8000394908600021626B206803F007F937497E
:101F9000A26B206803F002F9206930B92068806ADA
:101FA00060F00F002168886229E02069B0F5001F09
:101FB00025D1002008E08200216ED14001F00F0100
:101FC0000F2900D102E0401C0828F4D300BF0128EB
:101FD00006D12168896A61F00F01226891620DE0E3
:101FE000217F491E1F2202EA81026FF00F019140FA
:101FF000226E11432268926A2268916200BF00201B
:1020000021684A698446072303FA0CF31A4022FA2E
:102010000CF2606B824208D10020E065A06D20F0D8
:10202000020040F00100A06512E0A06D20F0020067
:1020300040F01000A065E06D40F00100E0654FF059
:10204000010805E0A06D40F01000A0654FF0010808
:102050004046C8E6E8FFFF7FB4000020400D0300C3
:102060000102FEFF02FCFF1F0827014004FFFF03DF
:10207000074A0168914209D149154FF0B042126EEA
:102080008A434FF0B0431A6600BF00BF704700009C
:102090000024014008B50146094A086890420ED163
:1020A00040154FF0B042126E02434FF0B0431A6633
:1020B0001A46126E0240009200BF00BF00BF08BD6A
:1020C000002401402DE9F04104460D4660690828CE
:1020D00001D108260CE02068C06800F0010030B192
:1020E000A06D40F02000A0650120BDE8F08104262D
:1020F00000F072FD074616E0681CA0B100F06CFD10
:10210000C01BA84200D875B920680068304050B99B
:10211000A06D40F00400A06500BF002084F85400CA
:1021200000BF0320E1E72068006830400028E3D0CA
:10213000A06D40F40070A065206803F018F800B3AB
:10214000A07EF0B92068006800F00800082818D1C7
:10215000206803F007F860B92068406820F00C00A0
:1021600021684860A06D20F4807040F00100A065F7
:1021700007E0A06D40F02000A065E06D40F0010098
:10218000E065207E10B90C20216808600020ACE7D3
:1021900070B50446206802F0E5FF48BB00BF94F824
:1021A0005400012801D1022070BD012084F85400A0
:1021B00000BF2046FEF7F4F90546A5B9A06D40F62C
:1021C0000161884340F48070A0650020E0651C2018
:1021D0002168086000BF002084F8540000BF206818
:1021E00002F0CEFF05E000BF002084F8540000E0BC
:1021F00002252846D8E770B5044600BF94F854007D
:10220000012801D1022070BD012084F8540000BFD4
:102210002046FEF74BF9054655B92046FEF77CF9F6
:1022200005462DB9A06D20F4807040F00100A06536
:1022300000BF002084F8540000BF2846E3E70000F8
:1022400000BF0448406840F001000249486000BFF8
:1022500070470000002004E000BF0448406840F0E0
:1022600004000249486000BF70470000002004E0FD
:1022700000BF0448406840F002000249486000BFC7
:1022800070470000002004E0014609B901207047B2
:1022900091F82500022808D00420C86300BF002060
:1022A00081F8240000BF0120F1E70868006820F0F1
:1022B0000E000A681060886C006820F480708A6CD8
:1022C00010600868006820F001000A68106091F84A
:1022D000440000F01C02012090400A6C5060D1E9DB
:1022E00013205060486D40B1486D006820F4807044
:1022F0004A6D1060D1E916205060012081F8250058
:1023000000BF002081F8240000BF00BFBFE770B508
:102310000446002594F82500022803D00420E06339
:10232000012534E02068006820F00E002168086074
:102330002068006820F0010021680860A06C006837
:1023400020F48070A16C086094F8440000F01C0137
:1023500001208840216C4860D4E913104860606D0A
:1023600040B1606D006820F48070616D0860D4E950
:1023700016104860012084F8250000BF002084F872
:10238000240000BFA06B10B12046A16B88472846EF
:1023900070BD000010B504460CB9012010BD2068C6
:1023A000006820F001002168086027492068884201
:1023B0000BD226492068401A1421B0FBF1F08000AE
:1023C00060642248083820640AE01F492068401AE7
:1023D0001421B0FBF1F0800060641B4808382064D1
:1023E00000202168086094F8440000F01C010120DE
:1023F0008840216C48602046FEF7E4FD0020A16C77
:102400000860D4E913104860606858B16068042817
:1024100008D82046FEF700FE0020616D0860D4E970
:102420001610486000206065A065E065E0622063EA
:102430006063A063E06384F8250000BF84F8240093
:1024400000BF00BFAAE700000804024008000240E5
:1024500070B50446206C05682068066894F844004E
:1024600000F01C01042088402840E0B106F0040080
:10247000C8B12068006800F0200028B92068006812
:1024800020F004002168086094F8440000F01C016A
:1024900004208840216C4860206B002865D02046CD
:1024A000216B884761E094F8440000F01C01022091
:1024B0008840284088B306F0020070B320680068A6
:1024C00000F0200040B92068006820F00A00216870
:1024D0000860012084F8250024492068884208D932
:1024E00094F8440000F01C01022088402049086054
:1024F00008E094F8440000F01C01022088401B49C9
:102500008039486000BF002084F8240000BFE06AE2
:1025100058B32046E16A884727E0FFE794F8440073
:1025200000F01C01082088402840F0B106F00800A7
:10253000D8B12068006820F00E002168086094F887
:10254000440000F01C0101208840216C48600120FB
:10255000E06384F8250000BF002084F8240000BF59
:10256000606B10B12046616B884770BD80000240EF
:102570000404024010B504460CB9012010BD3349D3
:10258000206888420BD232492068401A1421B0FBDF
:10259000F1F0800060642E48083820640AE02B497E
:1025A0002068401A1421B0FBF1F0800060642748D5
:1025B00008382064022084F825002068006847F667
:1025C000F071884321680860D4E902010843216959
:1025D000084361690843A1690843E1690843216A26
:1025E0000843216809680843216808602046FEF70F
:1025F000E9FCA068B0F5804F01D10020606020792F
:1026000000F07F00A16C0860D4E913104860606896
:1026100060B16068042809D82046FEF7FDFC002060
:10262000616D0860D4E91610486003E00020606521
:10263000A065E0650020E063012084F8250000BF6C
:10264000002084F8240000BF00BF97E70804024080
:10265000080002402DE9F04104460D4616461F468B
:102660004FF0000800BF94F82400012802D1022096
:10267000BDE8F081012084F8240000BF94F8250013
:1026800001283FD1022084F825000020E063206863
:10269000006820F00100216808603B463246294668
:1026A0002046FEF7CDFC206B30B12068006840F07A
:1026B0000E00216808600BE02068006820F004002C
:1026C000216808602068006840F00A0021680860FE
:1026D000A06C006800F4803028B1A06C006840F461
:1026E0008070A16C0860606D28B1606D006840F476
:1026F0008070616D08602068006840F0010021680A
:10270000086008E08020E06300BF002084F8240017
:1027100000BF4FF001084046AAE701B500980DF050
:1027200007FC08BD2DE9F04104460F4600BF2048D4
:102730000078012802D10220BDE8F08101201C4967
:10274000087000BF002048604FF47A70FEF7FCFE6E
:1027500006462EBB2068042807D1FEF79DFE4FF4E5
:102760007A70FEF7F1FE064618E04FF0FF30386051
:1027700065680BE02846FEF79BFE4FF47A70FEF783
:10278000E3FE06460EB13D6005E06D1CD4E9010193
:102790000844A842EED800BFFEF710FDFEF718FD72
:1027A00000BF00200249087000BF3046C4E70000A7
:1027B000E405002070B5044600BF1A4800780128DF
:1027C00001D1022070BD01201649087000BF002011
:1027D0004860206888604FF47A70FEF7B5FE0546C1
:1027E00025B100BF00200F49087018E000BF0E4857
:1027F000406940F040700C49486100BF20680428DF
:1028000005D1002007490861FEF746FE07E00549AB
:10281000A0684861606808616068FEF749FE284664
:10282000D0E70000E40500200040005800200649E1
:10283000496941F00041044A51611146496901F07A
:10284000004101B901207047004000582DE9F041D6
:102850000646884614461D4600BF184800780128E1
:1028600002D10220BDE8F08101201449087000BFA8
:10287000002048604FF47A70FEF766FE0746AFB955
:10288000012E05D122462B464046FEF721FE03E0ED
:1028900021464046FEF730FE4FF47A70FEF754FEB4
:1028A000074607484069B0430549486100BF00201A
:1028B0000249087000BF3846D4E70000E405002054
:1028C0000040005800200849496901F0004151B119
:1028D0000649054A9160064991601146496901F02F
:1028E000004101B1012070470040005823016745B5
:1028F000AB89EFCDF0B502460B4600206EE0012516
:10290000854005EA0301002967D0374D860855F850
:10291000264085072E0F0725B5402C40B2F1904F79
:1029200001D100250AE0314DAA4201D1012505E07F
:102930002F4DAA4201D1022500E007258607360F58
:10294000B540A54223D12B4D2D688D43294E3560CE
:10295000351D2D688D43361D3560264D803D2D6813
:102960008D43244E803E3560351D2D688D43361DC8
:10297000356085072E0F072505FA06F41A4D8608DF
:1029800055F82650A543184E870846F82750156875
:1029900047000326BE4035431560C60802F12005F6
:1029A00055F826504607F70E0F26BE40B543C70818
:1029B00002F1200646F82750956847000326BE40DE
:1029C000B5439560556801268640B5435560D56886
:1029D00047000326BE40B543D560401C23FA00F5EE
:1029E000002D8CD1F0BD000008000140000400481B
:1029F000000800488008005810B50446012C08D192
:102A000005480078012803D1002102200EF0A0FE25
:102A100000E000BF00BF10BD9400002010B50446C8
:102A200004480068204020B1024804602046FFF7B7
:102A3000E3FF10BD0C08005870B503460A4600219C
:102A4000ACE001268E40156805EA0604002C6ED025
:102A5000157905F00305012D04D0157905F003055E
:102A6000022D13D198684E000325B540A8434E00AF
:102A7000D568B54028439860586801258D40A84323
:102A80001579C5F300158D4028435860157905F078
:102A90000305032D09D0D8684E000325B540A8438F
:102AA0004E009568B5402843D860157905F00305B8
:102AB000022D13D1CE0803F1200555F826004D074D
:102AC000EE0E0F25B540A8434E07F60E1569B5402A
:102AD0002843CE0803F1200545F8260018684E006B
:102AE0000325B540A843157905F003054E00B54010
:102AF00028431860556805F44035002D4DD02A4D07
:102B00008E0855F826008D072E0F0725B540A843DF
:102B1000B3F1904F01D100250BE0244DAB4201D120
:102B2000012506E0224DAB4202D1022501E034E04E
:102B300007258E07360FB54028431B4D8E0845F8F4
:102B400026001C4D2868A043556805F4801505B182
:102B50002043184D28602D1D2868A043556805F4B2
:102B6000001505B12043134D2D1D2860114D8035F2
:102B70002868A043556805F4803505B120430D4D04
:102B8000803528602D1D2868A043556805F4003560
:102B900005B12043074D84352860491C1568CD4098
:102BA000002D7FF44EAF70BD0800014000040048C6
:102BB000000800480008005810B5426921EA0203E5
:102BC00002EA010443EA0443836110BD0AB1816152
:102BD00000E081627047000010B5002403480078CF
:102BE00010B10DF0E7F90446204610BD00000020AA
:102BF00001480068704700009075FF1F0148006899
:102C0000704700009475FF1F01480068704700007E
:102C10009875FF1F10B50024032000F089F800F01C
:102C200065FB064908600F2000F00AF808B101248E
:102C300001E000F008F8204610BD0000B4000020BC
:102C4000014600207047704710B50146084600282D
:102C500017DB00F01F0301229A400B4B440943F895
:102C6000242000BF00BF00BFBFF34F8F00BF00BFD5
:102C700000BF00BF00BF00BFBFF36F8F00BF00BF2A
:102C800000BF00BF10BD000080E100E00146084623
:102C900000280DDB00BF00BF00F01F0301229A4097
:102CA00043099B0003F1E023C3F8002100BF00BFEC
:102CB00000BF70472DE9F05F80460D4616460EF0C6
:102CC000C9FF074639462A46334601F00700C0F1DE
:102CD000070ABAF1040F02D94FF0040A01E0C0F16B
:102CE000070AD14600F1040ABAF1070F02D24FF0E9
:102CF000000A01E0A0F1030AD4464FF0010A0AFAE3
:102D000009FAAAF1010A0AEA020A0AFA0CFA4FF0D1
:102D1000010B0BFA0CFBABF1010B0BEA030B4AEABC
:102D20000B04214640460EF09DFFBDE8F09F0000D9
:102D300000BF00F00702064B19684FF6FF03194069
:102D4000044B0B4343EA0221014B196000BF70475B
:102D50000CED00E00000FA051248006820F4804005
:102D6000104A106010480068322250430F4AB0FBEE
:102D7000F2F100E0491E0B481430006800F40070C6
:102D8000B0F5007F01D10029F4D106481430006865
:102D900000F40070B0F5007F01D1032070470020DF
:102DA000FCE7000000040058B400002040420F007F
:102DB0000348006840F48040014908607047000003
:102DC000000400580C49096821F00701891C0A4ACF
:102DD00011600A49096841F00401084A116001289C
:102DE00002D040BF20BF20BF0449096821F0040180
:102DF000024A1160704700000004005810ED00E026
:102E00000248006800F4C0607047000000040058E9
:102E10000348006840F48070014908607047000072
:102E20000004005870B504460D4654B910480068B7
:102E300000F40070B0F5007F0AD1FFF78DFF38B1C4
:102E400070BD0B48006800F4007008B9FFF7B0FFD0
:102E50000848006820F0040006490860012D01D1EF
:102E600030BF02E040BF20BF20BF00BFE8E7000046
:102E70001404005810ED00E02DE9F041044600274D
:102E80000026B046206800F48030B0F5803F5FD166
:102E9000FFF7BEFFFFF7A0FE054606E0FFF79CFE2A
:102EA000401B022801D9032606E07E48006800F492
:102EB0008070B0F5807FF1D100BF002E47D100BFF8
:102EC0007948006800F44070616B88421AD07648F7
:102ED000006820F4407700BF4FF0B040D0F8900079
:102EE00040F480307049086000BF00BF4FF0B04030
:102EF000D0F8900020F48030086000BF4FF0B04060
:102F0000C0F8907007F00200022811D1FFF764FEAC
:102F1000054608E0FFF760FE401B41F28831884219
:102F200001D9032603E002F0EFF90128F2D100BF36
:102F30005EB9606B5C49096821F4407101434FF050
:102F4000B042C2F8901000BF02E0B04600E0B046C8
:102F5000207800F0010010B1606802F04FFA20788C
:102F600000F00200022802D1A06802F047FA20789F
:102F700000F0200020280CD120694B49083909684D
:102F800021F4406101434FF0B042C2F8881000BF05
:102F900000BF208800F40070B0F5007F02D1206AE5
:102FA00002F01EFA208800F48060B0F5806F02D134
:102FB000606A02F015FA208800F40060B0F5006F36
:102FC00002D1A06A02F00CFA207800F040004028FC
:102FD00002D1606902F0F0F9207800F080008028CA
:102FE00002D1A06902F0E8F9208800F48070B0F501
:102FF000807F02D1E06902F0DFF9207800F0100054
:10300000102815D1E06828490839096821F4407171
:1030100001434FF0B042C2F8881000BFE068B0F53D
:10302000807F05D11046C06840F080701146C860AE
:10303000208800F40040B0F5004F13D1206B1A49EE
:103040000839096821F0404101434FF0B042C2F80D
:10305000881000BF206B28B91046C06840F080700F
:103060001146C860208800F48040B0F5804F15D12B
:10307000E06A0D490839096821F0405101434FF0D9
:10308000B042C2F8881000BFE06AB0F1005F05D11D
:103090001046C06840F480301146C8604046BDE824
:1030A000F0810000000400589000005870B50446FC
:1030B0000E460CB9012070BD8848006800F007007A
:1030C000B04217D28548006820F00700304383499A
:1030D0000860FFF781FD054606E0FFF77DFD401B18
:1030E000022801D90320E6E77C48006800F00700C9
:1030F000B042F2D1207800F0020002281DD1A06871
:103100004FF0B041896821F0F00101434FF0B04227
:10311000916000BFFFF760FD054606E0FFF75CFD2C
:10312000401B022801D90320C5E700BF4FF0B04083
:103130008068C0F300400028F0D0207800F0400004
:1031400040281DD160696649096821F00F0141EAF4
:1031500010114FF0B042C2F8081100BFFFF73CFD5C
:10316000054606E0FFF738FD401B022801D9032081
:10317000A1E700BF5A480068C0F300400028F1D022
:10318000207800F0040004281DD1E0684FF0B04121
:10319000896821F4E06101434FF0B042916000BFC3
:1031A000FFF71AFD054606E0FFF716FD401B022853
:1031B00001D903207FE700BF4FF0B0408068C0F323
:1031C00040400028F0D0207800F0080008281ED1E8
:1031D0002169C8004FF0B041896821F46051014372
:1031E0004FF0B042916000BFFFF7F6FC054606E0E5
:1031F000FFF7F2FC401B022801D903205BE700BF68
:103200004FF0B0408068C0F380400028F0D02078B4
:1032100000F0010098B36068022804D102F04CF875
:10322000A8B9012047E76068032804D102F0BDF87F
:1032300068B901203FE7606820B902F090F830B922
:10324000012038E702F03EF808B9012033E7606852
:103250004FF0B041896821F0030101434FF0B042C3
:10326000916000BFFFF7B8FC054609E0FFF7B4FC2A
:10327000401B41F28831884202D903201BE705E058
:1032800001F0F2FF6168B0EB810FEFD113480068E5
:1032900000F00700B04217D91048006820F007007E
:1032A00030430E490860FFF797FC054606E0FFF73C
:1032B00093FC401B022801D90320FCE60748006864
:1032C00000F00700B042F2D100F010F805490860A4
:1032D00005480068FFF7B4FCEDE600000040005828
:1032E00008010058B4000020AC00002010B500F028
:1032F0002FF84FF0B041896801F0F0010909034A45
:1033000052F82110B0FBF1F010BD00002837010881
:1033100010B5FFF7EBFF4FF0B041896801F4E061B1
:10332000090A024A12F82110C84010BD6837010886
:1033300010B5FFF7DBFF4FF0B041896801F4605131
:10334000C90A024A12F82110C84010BD68370108A6
:103350002DE9F0414FF00008002701F085FF0446F9
:1033600002F017F806461CB10C2C35D1012E33D1D2
:1033700001F0EFFFB0B901F0ECFF012806D100BF6A
:103380004FF0B040006800F0F00005E000BF3448A6
:10339000006800F4706000BFC0F30320314951F8A9
:1033A000200015E001F0D5FF012806D100BF4FF045
:1033B000B040006800F0F00005E000BF2848006859
:1033C00000F4706000BFC0F30310264951F82000DC
:1033D00007468CB9B8460FE0042C02D1DFF888808C
:1033E0000AE0082C08D101F061FF012802D1DFF8C2
:1033F000788001E0DFF8748001F036FF0C282BD1D3
:1034000001F0C7FF0646012E0FD0022E02D0032E78
:103410000AD101E0144D0AE001F048FF012801D172
:10342000114D00E0114D02E000BF3D4600BF00BF5E
:1034300001F0B5FF68434FF0B041C96801F0700179
:10344000012202EB1111B0FBF1F14FF0B040C06866
:1034500002EB5070B1FBF0F84046BDE8F08100008F
:1034600094000058883701080024F4000048E8015F
:103470002DE9F047044614B90120BDE8F08701F0BA
:10348000F3FE074601F085FF0646207800F0200095
:1034900020286ED11FB10C2F63D1012E61D101F014
:1034A0005EFF18B1206A08B90120E6E74FF0B0408E
:1034B000A16A006800F0080028B14FF0B040006831
:1034C00000F0F00004E0FD48006800F470600009BE
:1034D00081421CD9A06A07F0DBFA08B10120CCE7D1
:1034E00000BF4FF0B040006840F008004FF0B0411E
:1034F00008600846006820F0F000A16A08434FF019
:10350000B041086000BF606A01F02FFF1BE000BF00
:103510004FF0B040006840F008004FF0B041086044
:103520000846006820F0F000A16A08434FF0B0415F
:10353000086000BF606A01F018FFA06A07F0A8FAEF
:1035400008B1012099E7FFF7D1FEDD490860DD48A9
:103550000068FFF775FB8146B9F1000F45D048467A
:103560008BE7206A40B301F0EBFEFFF735FB054621
:1035700007E03AE0FFF730FB401B022801D90320A7
:103580007BE701F0ECFE0028F4D000BF4FF0B04024
:10359000006840F008004FF0B0410860084600683D
:1035A00020F0F000A16A08434FF0B041086000BF6E
:1035B000606A01F0DAFE18E000BF4FF0B04000682A
:1035C00020F001004FF0B041086000BFFFF704FB9E
:1035D000054606E0FFF700FB401B022801D9032047
:1035E0004BE701F0BCFE0028F4D1207800F0010088
:1035F00000285ED0082F03D00C2F08D1032E06D14F
:1036000001F05AFEC8B36068B8BB012035E74FF03F
:10361000B040006820F48010A16808434FF0B0412A
:10362000086000BF6068B0F5803F02D101F035FE50
:103630001CE06068B0F5041F0CD100BF4FF0B04033
:10364000006840F400104FF0B041086000BF01F086
:1036500024FE0BE000BF4FF0B040006820F4803043
:103660004FF0B041086000BF01F00EFE00BF60687F
:1036700080B1FFF7B1FA054607E01AE0FFF7ACFAB0
:10368000401B642801D90320F7E601F015FE00284D
:10369000F4D00EE0FFF7A0FA054606E0FFF79CFA2B
:1036A000401B642801D90320E7E601F005FE00284D
:1036B000F4D1207800F00200022848D1042F03D072
:1036C0000C2F0CD1022E0AD101F0FCFD18B120699B
:1036D00008B90120D1E6606901F0FAFD37E0206900
:1036E000E0B100BF4FF0B040006840F480704FF090
:1036F000B041086000BFFFF76FFA054606E0FFF72C
:103700006BFA401B022801D90320B6E601F0DAFD6E
:103710000028F4D0606901F0DBFD18E000BF4FF035
:10372000B040006820F480704FF0B041086000BFE6
:10373000FFF752FA054606E0FFF74EFA401B022853
:1037400001D9032099E601F0BDFD0028F4D12078CD
:1037500000F0080008285CD1A069E0B35748D0F811
:10376000008008F01001E069884226D008F00200CD
:10377000022804D108F0010008B901207DE608F014
:10378000010080B101F0C8FDFFF726FA054606E00A
:10379000FFF722FA401B112801D903206DE601F042
:1037A000C7FD0028F4D14548006820F01000E16909
:1037B00008434FF0B041C1F8940000BF3F48006893
:1037C00040F001004FF0B041C1F8940000BFFFF796
:1037D00003FA054607E00BE0FFF7FEF9401B11284E
:1037E00001D9032049E601F0A3FD0028F4D010E040
:1037F00001F092FDFFF7F0F9054606E0FFF7ECF95E
:10380000401B112801D9032037E601F091FD002863
:10381000F4D1207800F00400042868D101F0F6FC0F
:1038200080B9FFF7F5FAFFF7D7F9054606E0FFF78D
:10383000D3F9401B022801D903201EE601F0E6FC63
:103840000028F4D0E068F8B3E068852802D0E0688A
:10385000052808D11948001F006840F004004FF007
:10386000B041C1F89000FFF7B7F905461348001FB3
:10387000006840F001004FF0B041C1F8900008E04E
:10388000FFF7AAF9401B41F28831884201D9032091
:10389000F3E501F031FD0028F2D0E068812802D084
:1038A000E068852824D1FFF797F905460348001FF3
:1038B000006840F080004FF0B04106E094000058EE
:1038C000B4000020AC0000202EE0C1F8900008E019
:1038D000FFF782F9401B41F28831884201D9032069
:1038E000CBE57148006800F400600028F0D04FE09C
:1038F000FFF772F905466C48006820F080004FF031
:10390000B041C1F8900008E0FFF766F9401B41F2B2
:103910008831884201D90320AFE56348006800F48C
:1039200000600028F0D133E0FFF756F905465E4805
:10393000006820F080004FF0B041C1F8900008E02E
:10394000FFF74AF9401B41F28831884201D9032030
:1039500093E55548006800F400600028F0D1FFF7B7
:103960003BF905465048006820F001004FF0B04197
:10397000C1F8900008E0FFF72FF9401B41F28831B1
:10398000884201D9032078E501F0B6FC0028F2D185
:10399000E06AD0B30C2F66D0E06A022842D101F071
:1039A000EFFCFFF719F9054606E0FFF715F9401B94
:1039B0000A2801D9032060E501F0F7FC0028F4D1C2
:1039C000D4E90C010843A16B40EA0120E16B0843F4
:1039D000216C0843616C08434FF0B041C968334A19
:1039E000114008434FF0B041C86000BF084600686E
:1039F00040F08070086000BF0846C06840F080500A
:103A0000C860FFF7E9F8054607E04AE0FFF7E4F889
:103A1000401B0A2801D903202FE501F0C6FC00282D
:103A2000F4D03EE001F0ACFC4FF0B040C06820F0B4
:103A300003004FF0B041C8600846C0681C49084008
:103A40004FF0B041C860FFF7C7F8054606E0FFF742
:103A5000C3F8401B0A2801D903200EE501F0A5FC9C
:103A60000028F4D11DE0E06A012800D105E54FF0FF
:103A7000B040C66806F00301206B81420FD106F00A
:103A80007001606B81420AD106F4FE41A06BB1EB7C
:103A9000002F04D106F06041606C814201D001200A
:103AA000EBE40020E9E40000900000588C80C11194
:103AB000FFFFFEEE704700000346024A02EB810260
:103AC0001068704700B1004010B50346024800EB93
:103AD0008100026010BD000000B10040014600BF3F
:103AE00091F82C00012801D102207047012081F8B3
:103AF0002C0000BF022081F82D0000BFCA200E4A12
:103B000010605320106000BF0B480C38006840F074
:103B10002000094A0C3A106000BFFF20064A1060DE
:103B200000BF012081F82D0000BF002081F82C008B
:103B300000BF00BFD9E700002428004070B505464B
:103B40000CF098F90446601C0CF0B6F970BD00004A
:103B500010B504460748006800F0400030B140202E
:103B60000449083108602046FFF7E8FF012084F887
:103B70002D0010BD54280040014600BF91F82C00D4
:103B8000012801D102207047012081F82C0000BFDC
:103B9000022081F82D0000BFCA20114A1060532076
:103BA000106000BF0E480C38006840F080000C4ADE
:103BB0000C3A10600B48006840F48020094A1060FD
:103BC00000BFFF20064A106000BF012081F82D00D1
:103BD00000BF002081F82C0000BF00BFD3E7000029
:103BE000242800408008005810B504460DF00AFE55
:103BF00010BD000070B504460E480068216B00EA55
:103C0000010505F0010030B101200A4908310860C2
:103C10002046FFF7E9FF05F0020030B10220054918
:103C2000083108602046FFF745FF012084F82D0089
:103C300070BD000054280040024600BF92F82C00DE
:103C4000012801D102207047012082F82C0000BF1A
:103C5000022082F82D0000BFCA20244B1860532098
:103C6000186000BFB1F5807F18D120480C3800687B
:103C700020F488501D4B0C3B18601C482030006815
:103C800020F00040194B20331860106B20F0010029
:103C900010630120154B3833186017E013480C38B7
:103CA000006820F40850114B0C3B18600F48283076
:103CB000006820F000400D4B28331860106B20F096
:103CC000020010630220094B3833186000BFFF2048
:103CD000064B186000BF012082F82D0000BF0020B5
:103CE00082F82C0000BF00BFADE700002428004090
:103CF00070B504460125002C5AD094F82D0028B93F
:103D0000002084F82C00204600F058F8022084F8A7
:103D10002D0000BFCA20274908605320086000BF5B
:103D2000204606F00FFF0546CDBB22480C38006840
:103D3000214908401F490C3908602169606808431F
:103D4000A16908431B490C390968084319490C3912
:103D500008602089E16841EA00401649143908608A
:103D6000D4E90901084313491839096821F4F851C5
:103D70000843104918390860204606F00BFF054635
:103D80006DB9D4E9071008436169084309490C3942
:103D9000096821F06041084306490C39086000BFFA
:103DA000FF200449086000BF15B9012084F82D00E8
:103DB000284670BD24280040BFFF8FFB10B590B08F
:103DC0000446382102A8FCF70DFB1B4920688842F5
:103DD00030D18013029000120F9002A8FFF74CF828
:103DE00008B1FDF7E7F900BF1448006840F400404F
:103DF0004FF0B041C1F8900000BF4FF48060896D72
:103E000001434FF0B04291651146896D0140019127
:103E100000BF00BF002211460220FEF74BFF022028
:103E2000FEF734FF002211462A20FEF743FF2A2026
:103E3000FEF72CFF10B010BD002800409000005885
:103E40002DE9F04305460C4617464FF0000800BF29
:103E500095F82C00012802D10220BDE8F083012052
:103E600085F82C0000BF022085F82D006E48006800
:103E700000F44076B6F5807F57D07FBB6A480C309F
:103E8000006800F0400000B102E00020E07000BFD8
:103E90006069B0F1004F03D0206A00B900E000BFB4
:103EA000207806F041FE4FEA0049607806F03CFEBB
:103EB00049EA0029A07806F037FE49EA0009E078CF
:103EC00049EA805994F8240006F02EFE49EA006081
:103ED000216A0843616940EA010826E0FFE760695A
:103EE000B0F1803F0ED06069B0F5000F09D04E48A8
:103EF0000C30006800F0400000B102E00020E070EB
:103F000000BF00BF20780004617840EA0120A1785A
:103F10000843E17840EA815094F8241040EA0160B7
:103F2000216A0843616940EA010800BFCA203E498E
:103F3000183108605320086000BFA06AB0F5807F88
:103F40002ED139480C30006820F4885036490C31A5
:103F500008600120344950310860B6F5807F06D1F1
:103F6000D4E90601084330493831086007E02E489B
:103F70003430C0F800802C493831A06908602A49E3
:103F8000643160680860286B40F0010028632648AF
:103F90000C30006840F4885023490C3108602DE053
:103FA00021480C30006820F408501F490C3108608B
:103FB00002201D4950310860B6F5807F06D1D4E952
:103FC0000601084318494031086007E016483C30B4
:103FD000C0F8008014494031A06908601249683176
:103FE00060680860286B40F0020028630E480C30BF
:103FF000006840F408500C490C3108600B48006818
:1040000040F400300949086000BFFF20064918311C
:10401000086000BF012085F82D0000BF002085F852
:104020002C0000BF00BF18E70C2800408008005893
:1040300070B505460C48006820F020000A49086069
:10404000FEF7CAFD044607E0FEF7C6FD001BB0F50B
:104050007A7F01D9032070BD0348006800F020007A
:104060000028F1D00020F6E70C2800404FF0E020B7
:10407000006940F002004FF0E02108617047000045
:1040800070B505460C4614B1012C0BD104E080201C
:1040900006490968884706E04FF4807003490968BB
:1040A000884700E000BF00BF70BD0000F4010020A1
:1040B00010B50446402002490968884710BD000039
:1040C000F40100202DE9F04704468A4616461F46B3
:1040D000B046A079012837D100BF6079012802D10C
:1040E0000220BDE8F0870120607100BF204609F082
:1040F00071FD01F093F85146204609F029FD002199
:10410000204609F025FD4FF0000909E04146204610
:1041100009F0DAFC08F1010809F101001FFA80F941
:10412000B945F3DB01F08EF8204609F079FDA0686F
:1041300008B1012500E000250120A07100BF00208A
:10414000607100BF2846CCE70220CAE72DE9F0479E
:1041500004460D4690469946A07901283AD100BF01
:104160006079012802D10220BDE8F087012060714A
:1041700000BF204609F02EFD842D01D0942D02D1E0
:104180000120207101E00020207101F047F829464C
:10419000204609F0DDFC002706E018F8071020464D
:1041A00009F0D6FC781C87B24F45F6DB01F04AF8DF
:1041B000842D02D0204609F033FDA06808B1012605
:1041C00000E000260120A07100BF0020607100BF48
:1041D0003046C9E70220C7E710B50446202002494F
:1041E0000968884710BD0000F401002010B504469E
:1041F000102002490968884710BD0000F401002022
:1042000038B505460020009002236A461221284650
:10421000FFF758FF9DF800409DF8010040EA042494
:1042200004F0010010B1284600F070F9C4F340001A
:1042300010B1284600F04CF9C4F3800010B12846B4
:1042400000F0A8F8C4F3C00010B1284600F054F9FB
:10425000C4F3001010B12846FFF7C8FFC4F34010A4
:1042600010B12846FFF7B8FFC4F3801010B12846FC
:10427000FFF71EFFC4F3C01058B1C4F3002020B1F3
:1042800001212846FFF7FCFE03E000212846FFF746
:10429000F7FEC4F3402010B1284600F023F90223B2
:1042A0006A4619462846FFF751FF38BD38B504461F
:1042B00014B90125284638BD0025A07920B9002071
:1042C0006071204600F04CF80220A07100BF204829
:1042D000006820F400404FF0B041C1F8940000BFE6
:1042E0001C480068C0EBC000C0F34C40642110FBC8
:1042F00001F0009000BF009818B901250120A060CE
:1043000006E00098401E009000F0EEFF0028F2D179
:1043100000BF00F097FF4FF480500F490968014338
:104320000D4A116000BF401000F082FF00BF4FF443
:1043300000600A49086000BF35B9206809F0B0FB89
:10434000012020710020A0600120A0712846B2E762
:1043500094000058B4000020900800581804005839
:1043600038B5044601204FF0B041496E01434FF08B
:10437000B04251661146496E0140009100BF00BF36
:10438000002211463220FEF795FC3220FEF77EFC1B
:1043900038BD000010B5044604200249096888476A
:1043A00010BD0000F40100202DE9F04704468A46C4
:1043B00016461F46B046A07901283BD100BF607960
:1043C000012802D10220BDE8F0870120607100BF02
:1043D000204609F0FFFB00F021FF1E21204609F0D6
:1043E000B7FB5146204609F0B3FB0021204609F0F7
:1043F000AFFB4FF0000909E04146204609F064FB9D
:1044000008F1010809F101001FFA80F9B945F3DB51
:1044100000F018FF204609F003FCA06808B1012550
:1044200000E000250120A07100BF0020607100BFE6
:104430002846C8E70220C6E72DE9F04704460D46A6
:1044400017469846B946A07901283FD100BF607948
:10445000012802D10220BDE8F0870120607100BF71
:10446000204609F0B7FB00F0D9FE1D21204609F0D7
:104470006FFB290A204609F06BFBE9B2204609F0E0
:1044800067FB0021204609F063FB4FF0000A09E0BA
:104490004946204609F018FB09F101090AF101001B
:1044A0001FFA80FAC245F3DB00F0CCFE204609F08B
:1044B000B7FBA06808B1012600E000260120A0712A
:1044C00000BF0020607100BF3046C4E70220C2E791
:1044D00010B50446022002490968884710BD000053
:1044E000F401002010B504464FF40070014909683A
:1044F000884710BDF401002010B504460820024989
:104500000968884710BD0000F401002010B504467A
:10451000012002490968884710BD0000F40100200D
:104520002DE9F0470446894617469846A0790128A8
:1045300032D100BF6079012802D10220BDE8F087A6
:104540000120607100BF204609F044FB00F066FEC8
:104550000E21204609F0FCFA4946204609F0F8FAF7
:10456000002605E0B95D204609F0F2FA701C86B21B
:104570004645F7DB00F066FE204609F051FBA068D7
:1045800008B1012500E000250120A07100BF002036
:10459000607100BF2846D1E70220CFE72DE9F04740
:1045A00004460D4690469946A079012839D100BFAE
:1045B0006079012802D10220BDE8F08701206071F6
:1045C00000BF0220A071204609F004FB00F026FE87
:1045D0000D21204609F0BCFA290A204609F0B8FA54
:1045E000E9B2204609F0B4FA002706E018F80710EF
:1045F000204609F0ADFA781C87B24F45F6DB00F093
:1046000021FE204609F00CFBA06808B1012600E05D
:1046100000260120A07100BF0020607100BF30465D
:10462000CAE70220C8E74FF0E020006920F002004E
:104630004FF0E0210861704710B504460CB9012025
:1046400010BD94F83D0028B9002084F83C002046B5
:1046500000F02AF8022084F83D00211D20680BF0AC
:1046600021FD012084F8480000BF84F83E000121AC
:104670003F20015540200155412001554220015560
:104680004320015500BF00BF012084F844004520AD
:104690000155462001554720015500BF012084F8EF
:1046A0003D000020CCE7000008B501460A4A086832
:1046B00090420FD14FF480204FF0B042126E02436F
:1046C0004FF0B0431A661A46126E0240009200BFC5
:1046D00000BF00BF08BD00000048014070B504469F
:1046E00000BF94F88000012801D1022070BD012094
:1046F00084F8800000BF2420C4F884002068056886
:104700002068006820F001002168086045F000552D
:104710004FF0005060662068056020460BF0C2FE36
:104720002020C4F8840000BF002084F8800000BF6F
:1047300000BFDBE7014600BF91F88000012801D1EE
:1047400002207047012081F8800000BF00BF00BF39
:104750000A6852E8002F42F002000B6843E80002AA
:10476000002AF5D100BF00BF002081F8800000BF03
:1047700000BFE6E77047704770B504460D4600BFBE
:1047800094F88000012801D1022070BD012084F836
:10479000800000BF2420C4F88400206806682068D8
:1047A000006820F00100216808602068806820F01F
:1047B000606028432168886020460BF073FE206803
:1047C00006602020C4F8840000BF002084F8800028
:1047D00000BF00BFD9E770B504460D4600BF94F88E
:1047E0008000012801D1022070BD012084F88000E2
:1047F00000BF2420C4F88400206806682068006890
:1048000020F00100216808602068806820F0604086
:1048100028432168886020460BF044FE206806602B
:104820002020C4F8840000BF002084F8800000BF6E
:1048300000BFD9E777B581B00446002500BF94F8E2
:104840008000012802D1022004B070BD012084F84C
:10485000800000BF2420C4F884002068006820F095
:104860000100216808602068806820F440100299E7
:10487000084321688860029820B92046DDE90212C9
:104880000BF03CFE2068006840F0010021680860E1
:10489000FEF7A2F906466FF07E40334600224FF441
:1048A0008001009020460CF0B5FC08B1032502E021
:1048B0002020C4F8840000BF002084F8800000BFDE
:1048C0002846C1E770477047704700002DE9F04760
:1048D00004462068C569206806682068876840F635
:1048E0000F0005EA0009B9F1000F0FD105F0200013
:1048F00060B106F0200010B907F0805030B1206F91
:1049000010B12046216F8847BDE8F087B9F1000F4C
:104910007ED0CF48384018B9CE4830400028F7D074
:1049200005F0010058B106F4807040B10120216803
:104930000862D4F88C0040F00100C4F88C0005F047
:10494000020058B107F0010040B10220216808625E
:10495000D4F88C0040F00400C4F88C0005F004008A
:1049600058B107F0010040B1042021680862D4F872
:104970008C0040F00200C4F88C0005F0080070B113
:1049800006F0200010B9B248384040B10820216834
:104990000862D4F88C0040F00800C4F88C0005F4DC
:1049A000006060B106F0806048B14FF4006021689B
:1049B0000862D4F88C0040F02000C4F88C00D4F8D1
:1049C0008C0000284ED005F0200050B106F02000E9
:1049D00010B907F0805020B1206F10B12046216F30
:1049E0008847D4F88CA02068806800F040004028F8
:1049F00002D00AF0280070B320460BF0B7FE206802
:104A0000806800F04000402821D100BF00BF00E0D6
:104A100029E02168083151E8001F21F04000216899
:104A2000083141E80002002AF1D100BFE06F50B127
:104A30008948E16F8863E06FFDF769FC90B1E06F32
:104A4000816B88470EE02046FFF73EFF0AE02046D4
:104A5000FFF73AFF06E0FFE72046FFF735FF0020AB
:104A6000C4F88C0050E7E06E012870D105F010000A
:104A700000286CD006F010000028FAD01020216821
:104A800008622068806800F04000402860D1E06F34
:104A9000006840681FFA80F8B8F1000F56D0B4F8EB
:104AA0005C00404552DDA4F85E80E06F006800685D
:104AB00000F02000F0BB00BF00BF216851E8001FDC
:104AC00021F48070226842E800010029F5D100BF7E
:104AD00000BF00BF2168083151E8001F21F001002C
:104AE0002168083141E80002002AF3D100BF00BF6D
:104AF00000BF2168083151E8001F21F04000216803
:104B0000083141E80002002AF3D100BF2020C4F898
:104B100088000020E06600BF00BF216851E8001F48
:104B200021F01000226842E800010029F5D100BF01
:104B3000E06F00E001E0FDF7A7FBB4F85C00B4F81B
:104B40005E20801A81B22046FFF714FEDCE641E0C9
:104B500034F85C0F6188401A1FFA80F860885C3C6A
:104B6000B8B3B8F1000F34D000BF00BF216851E8DE
:104B7000001F21F49070226842E800010029F5D15D
:104B800000BF00BF00BF2168083151E8001F304A54
:104B9000D24301EA02002168083141E80002002AFC
:104BA000F1D100BF2020C4F888000020E066206713
:104BB00000BF00BF216851E8001F21F010002268EB
:104BC00042E800010029F5D100BF41462046FFF729
:104BD000D1FD99E605F4801050B107F4800038B19A
:104BE0004FF48010216808622046FFF76CFE8BE6C8
:104BF00005F0800058B106F0800010B907F40000FD
:104C000028B1606F10B12046616F88477CE605F0DF
:104C1000400030B106F0400018B120460BF0DCFD3A
:104C200072E605F4000030B106F0804018B120466D
:104C3000FFF748FE68E605F0807030B106F00040EE
:104C400018B12046FFF797FD5EE600BF5CE6000066
:104C500001000010200100049106010810B504466F
:104C60000CB9012010BDA06900B100E000BFD4F86C
:104C7000840028B9002084F88000204600F048F81D
:104C80002420C4F884002068006820F00100216816
:104C9000086020460CF072F8012800D1E2E7A06A13
:104CA00010B120460BF03DFC2068406820F4904095
:104CB000216848602068806820F02A0021688860A8
:104CC0002068006840F001002168086020460BF071
:104CD000A4FCC7E710B504460C492068884214D1EB
:104CE0004FF400304FF0B041896D81434FF0B04236
:104CF000916500BF0C214FF09040FDF7FBFDA06FC8
:104D0000FDF748FB2520FDF79FFF10BD0044004044
:104D100010B594B0044614210FA8FBF763FB3821AB
:104D200001A8FBF75FFB2E492068884255D102207D
:104D300001902C48039001A8FEF79EF808B1FCF7FB
:104D400039FA4FF400304FF0B041896D01434FF014
:104D5000B04291651146896D0140009100BF00BFCE
:104D600001201146C96C0143D1641146C96C014050
:104D7000009100BF00BF0C200F9002201090012076
:104D8000119003201290072013900FA94FF090402C
:104D9000FDF752FE144815490860142048601021A0
:104DA000124881600021C1608021016100214161C0
:104DB0008161C1610162FDF7DDFB08B1FCF7FAF921
:104DC00000BF0A48A067846200BF0022022125209C
:104DD000FDF770FF2520FDF759FF14B010BD00004E
:104DE0000044004004000C00580002400804002069
:104DF00070B504460D461646D4F8880020282CD1FC
:104E000005B10EB9012070BD00BF94F880000128E3
:104E100001D10220F7E7012084F8800000BF0020C4
:104E2000E0660F492068884211D02068406800F48D
:104E3000000060B100BF00BF216851E8001F41F0D1
:104E40008060226842E800010029F5D100BF3246A7
:104E5000294620460CF026F9D5E70220D3E70000CA
:104E60000080004010B504460A492068884210D1ED
:104E70000948006840B1D4F88C0028B9002201210B
:104E80000648054B1B689847012204492046FFF756
:104E9000AFFF10BD00440040140000200C000020B3
:104EA00070B504460E461546D4F88400202854D127
:104EB00006B10DB9012070BD00BF94F88000012833
:104EC00001D10220F7E7012084F8800000BF44F8F8
:104ED000506FA580E5800020E06321206063A06A18
:104EE000503C08B31E48A16FC8621E48A16F0863FA
:104EF0001D48A16F48630020A16F8863236803F1F8
:104F000028022B46216DA06FFDF7A4FB60B1102095
:104F1000C4F88C0000BF002084F8800000BF20206F
:104F2000C4F884000120C6E740202168086200BF61
:104F3000002084F8800000BF00BF00BF2168083156
:104F400051E8001F41F080002168083141E800026B
:104F5000002AF3D100BF0020ADE70220ABE700003C
:104F6000070701085D070108A906010810B50446F6
:104F700004492068884203D1002003490968884712
:104F800010BD0000004400401000002070470000E9
:104F900070B505460C460026374890F804010228F3
:104FA00002D03649C86A804701F054F930B1022076
:104FB00001F069F9002001F046F901262E4890F829
:104FC0000401012813D101F04BF930B1002001F0A8
:104FD0005DF9002001F051F9012601F03FF930B1EF
:104FE000002001F051F9002001F042F901262EBB0A
:104FF000234890F8840410BB214890F81404012839
:1050000002D11F4880F83954284601F03DFB1A4967
:10501000C86A0CF0E5FB1A49D1F8B413884227D3CB
:1050200000BF18480CF0C4FC00BF154890F8850478
:1050300020F020002030124981F8850418E0104843
:1050400090F81404012802D10D4880F83944204614
:1050500001F01AFB084890F80401022808D008481B
:1050600090F8850420F020002030054981F885045F
:105070000CF010FD70BD0000340B00203C3C01081A
:1050800028060020C009002000BFFEE7034988422F
:1050900002D1A1F1100000E0001D7047C41A0020E9
:1050A000014609B9012070470020FCE701460529A7
:1050B00001DB012070470020FCE70000074890F862
:1050C0008504C0F3800028B9044890F8850400F0F6
:1050D000010008B1012070470020FCE728060020ED
:1050E00002461346002105E0585C08B100207047D5
:1050F000481C81B21029F7D30120F8E701460529A1
:1051000006D0082905D0092904D00A2904D100BFF6
:1051100000BF00BF012070470020FCE78168024A01
:105120001140891C81607047E8FFFF7F8168024A57
:105130001140491C81607047E8FFFF7F0146886885
:10514000C0F3400070470146886800F001007047D6
:105150000146886800F00100704701468868C0F386
:105160000070704701468868C0F3800070470146B0
:10517000C86800F4406008B9012070470020FCE7CF
:105180008168024A1140091D81607047E8FFFF7F76
:10519000026822F0E0720A430260704730B543694A
:1051A00001F004050724AC40A34301F0040402FA13
:1051B00004F42343436130BD08B54FF0B041896C1E
:1051C00001434FF0B04291641146896C0140009157
:1051D00000BF08BD08B54FF0B041C96C01434FF0A6
:1051E000B042D1641146C96C0140009100BF08BDB6
:1051F00008B54FF0B041C96C01434FF0B042D164E3
:105200001146C96C0140009100BF08BD024800680A
:10521000C0F30020704700000004005803480068F5
:1052200020F40040014908607047000090040058D5
:105230000349096821F400610143014A1160704784
:10524000080400580348006840F400400149086021
:105250007047000090040058024800680007000EE4
:1052600070470000080100584FF0B040806800F01F
:105270000C007047014603480068084040EA0140BE
:1052800070470000880000584FF0B040006820F4DC
:1052900000104FF0B041086070474FF0B040006818
:1052A00040F480304FF0B041086070474FF0B0409C
:1052B0000068C0F3005070474FF0B0400068C0F382
:1052C000404070474FF0B0400068C0F38020704706
:1052D0004FF0B041496821F0FE4141EA00614FF0D2
:1052E000B04251607047000002480068C0F380304F
:1052F000704700009400005802480068C0F3400066
:10530000704700009000005802480068C0F3400059
:1053100070470000900000580448006820F0010029
:105320004FF0B041C1F8940070470000940000585D
:1053300002480068C0F34000704700009400005825
:105340004FF0B040006840F001004FF0B0410860FD
:1053500070474FF0B0400068C0F3C00070474FF096
:10536000B0400068C0F3400070474FF0B04149685A
:1053700021F47F4141EA00214FF0B0425160704773
:105380004FF0B040006820F080704FF0B0410860EE
:1053900070474FF0B040C06800F0030070474FF016
:1053A000B040C068C0F3062070474FF0B0400068BE
:1053B000C0F3406070470000084909684FF47F223D
:1053C00002EA101291434FF47F2202EA00121143C5
:1053D0004FF0B042C2F888107047000088000058B3
:1053E00005490968020C1204914341EA00414FF05B
:1053F000B042C2F888107047880000580549096813
:1054000021EA104182B211434FF0B042C2F8881035
:105410007047000088000058024602B109B9002018
:105420007047106800B91160506808B15068016099
:105430000020086051600120F2E703460A4603B1EC
:105440000AB90020704719688A4206D000E009684E
:1054500021B108689042FAD100E000210846F1E746
:10546000014609B90020704700200860486001200B
:10547000F9E770B505460C4605B10CB9002070BDC2
:1054800021462846FFF7D9FF06462868A04201D1E9
:10549000206828606868A04200D16E600EB1206864
:1054A0003060002020600120E9E7000030B591B0B5
:1054B0000446142221467E480CF050F803F09AF876
:1054C00005467B480178012088406968084048B952
:1054D00000BF784B0122002108460BF023FF00BFDC
:1054E00000BFFEE7724802787349744801F076FD08
:1054F00018B14FF0FF3011B030BD26208DF82000DC
:1055000008A802F055F918B901206D49087023E088
:1055100027208DF820006B480068006948B108A872
:1055200002F054F86749099809680A6940F2347131
:10553000904726208DF8200008A802F039F958B9C4
:1055400001208DF8200008A802F040F89DF8240002
:1055500010B101205A49087059480078012825D116
:1055600058480068C06920B156480068C1690020E9
:10557000884706208DF8200008A802F027F8524935
:105580000998486126208DF8200008A802F01EF82E
:10559000099890F8400046490870099890F804016D
:1055A0004870099890F80601887016E005208DF87B
:1055B00020000020099008A802F0FAF84149096883
:1055C000C86880474049486106208DF82000084699
:1055D0004069099008A802F0EBF802208DF820003D
:1055E00008A801F0F3FF0822374809990CF0E0FD04
:1055F00003208DF8200008A801F0E8FF08223248B7
:10560000083009990CF0D4FD09F06EFB00BF2E485C
:10561000007D2D49497D2C4A927D2B4BDB7DCDE9C8
:105620000032CDE9021029A30022114602200BF01E
:1056300079FE00BF0F208DF8200001208DF8240096
:1056400008A802F0B5F810208DF8200000208DF891
:10565000240008A802F0ACF804208DF820001448BB
:1056600080788DF8240008A802F0A2F837208DF881
:1056700020000F480069099008A802F099F80F204F
:105680008DF818000A49087806A907F092FF0590DE
:10569000059808B1012000E0002005498871142018
:1056A00000F058FB0249887902F056FE002022E7FC
:1056B000E01A0020843F0108041B0020F41A002097
:1056C000E0010020980100207401002023232323FF
:1056D000232320446576416464723A2020202020F0
:1056E000253032583A253032583A253032583A254A
:1056F0003032580D0A00000010B586B00A208DF82F
:10570000040001A802F07CFA0446054905980860E7
:1057100014B9002006B010BD4FF0FF30FAE70000CA
:10572000D401002010B58AB004461CB94FF0FF30F8
:105730000AB010BD00208DF8040001A801F046FF5A
:1057400010B14FF0FF30F3E79DF808002070002003
:10575000EEE700000148006870470000D401002017
:1057600010B58AB004461CB94FF0FF300AB010BD26
:105770001F208DF8040001A801F028FF10B14FF0A0
:10578000FF30F3E79DF80800207020780149087188
:105790000020EBE7E01A0020024611B94FF0FF307D
:1057A000704712B1012A06D102E00548086003E003
:1057B0000448086000E000BF00BF0020F0E70000E0
:1057C000000300010300010110B501F007FA08B958
:1057D000002010BD6FF00100FBE7000070B504462B
:1057E0000D46144804601448144908601448486081
:1057F000144888601448C8600E480068006813495F
:1058000008600C480068406848600A480068806882
:1058100088600F48C86007480068806908610D49C2
:10582000002000F0E3F810B14FF0FF3070BD002011
:10583000FCE7000098010020D5880008F41A002039
:1058400015890008BD890008918A0008041B002002
:105850001D8B00088C01002030B58FB005460C462A
:1058600001208DF828002A4801790AA84171022DEB
:105870000CD102208DF82C00264988710846C4718D
:1058800002F04CFD0AA802F0BBF93EE001208DF8C1
:105890002C00204988711E48007908710020487149
:1058A0000846C4711C480078D8B91E208DF8040041
:1058B000174800798DF8080001A801F079FF1F2032
:1058C0008DF80400124800798DF8080001A801F055
:1058D0006FFF28208DF804001048029001A801F005
:1058E00067FF02F01BFD01208DF804008DF8080011
:1058F00001A801F05DFF0A480068416A0548884731
:105900000349487800F030F900BF0FB030BD000007
:10591000E01A00209C010020E001002000030001AB
:105920009801002010B58AB001208DF8040001A86C
:1059300001F04CFE04463CB99DF8080010B9002067
:105940000AB010BD0120FBE70020F9E7F0B589B0EF
:1059500000240027FFF738FF044624BB03F0E6F8D5
:105960000746B81C10B96FF0070417E01FB91448B8
:105970000068406910B94FF0FF340FE026208DF821
:105980000000684601F022FE019D4FF4E7660C48D6
:105990000068314642692846904700BF03F0D8F8B6
:1059A00008B14FF0FF3444B905480068C06920B120
:1059B00003480068C16901208847204609B0F0BD4E
:1059C0009801002010B50446052C0ADA064850F864
:1059D0002400806828B1044951F824108868804761
:1059E00010BD0020FCE70000CC1A002070B5044672
:1059F0000D4600261CB900F071FB064600E000BF12
:105A000000BF1EB3134840F824601348114951F8F1
:105A10002410886211480F4951F82410C8621048B8
:105A20000C4951F8241008630E4800688069094940
:105A300051F8241048610C4842784168054850F8F4
:105A40002400436828469847002070BD4FF0FF307F
:105A5000FBE70000CC1A0020595800081D5C000824
:105A6000F956000898010020D801002070B50646BC
:105A70000D4600244DE0284850F82400002846D068
:105A800036B1012E10D0022E27D0032E3DD130E0AA
:105A9000214850F82400806928B11F4850F824009C
:105AA00081692846884731E01B4850F82400C069C6
:105AB00090B1194850F824000078E978884205D060
:105AC00054B915490968C868804728B1124850F888
:105AD0002400C1692846884718E00F4850F8240080
:105AE000006A28B10C4850F82400016A284688470B
:105AF0000CE0094850F82400406A28B1064850F8E4
:105B00002400416A2846884700E000BF00BF601CAF
:105B100044B2052CAFDB70BDCC1A002010B50024B8
:105B200013E00B4850F8240068B1094850F82400ED
:105B3000006940B1E0B2FFF745FF20B1044951F8D8
:105B4000241008698047601C44B2052CE9DB10BDB5
:105B5000CC1A002001464FF0FF30704710B502F01C
:105B600035FAFFF7DBFF10BD70B58AB0044600269A
:105B700001F04CFC10B1B01E0AB070BDFFF7D2FEB0
:105B8000012802D06FF00200F6E700208DF8040033
:105B900001A801F01BFD10B14FF0FF30ECE79DF8BC
:105BA0000850A54235D024B1012C16D0022C2ED19C
:105BB00016E08DB18DF8084001A801F0F9FD48B953
:105BC00015480068006B38B113480068016B204627
:105BD000884701E04FF0FF361AE04FF0FF3617E03C
:105BE00015B14FF0FF3611E08DF8084001A801F023
:105BF000DFFD48B908480068006B38B10648006806
:105C0000016B2046884701E04FF0FF3600E000BFFF
:105C100000BF3046B0E70000980100202DE9F041B8
:105C200086B004460E4617464FF0FF3801F0EEFBF3
:105C300020B16FF0010006B0BDE8F081FFF772FE01
:105C4000012807D03E4AD1799079FFF705FE6FF021
:105C50000200F0E73B490968C868804701280AD17B
:105C60002078384909680978884204D0207810B132
:105C70006FF00300DFE7344806720EB1012000E048
:105C800000208DF80400314801798DF812106078F9
:105C9000694602F0E7F948B100208DF804000021C0
:105CA0000391ADF810106FF0060807E020788DF82A
:105CB00008006178ADF81010616803912248D4E9BA
:105CC0000012C0E90412214800791F498872394640
:105CD00001A801F0ABFB05461D4905980860142D8D
:105CE00020D2DFE805F00A1020211F1F1F162724ED
:105CF0001F1C262512131119232208F1070008B1D1
:105D00004FF0000819E000BF00BF00BF6FF00108AE
:105D100013E06FF0020810E06FF004080DE06FF080
:105D200005080AE000BF00BF00BF00BF00BF00BF02
:105D300000BF00BF4FF0FF3800BF00BF40467AE70A
:105D40009C010020CC1A0020A4010020E01A0020B1
:105D5000D401002010B58AB0044622208DF804003A
:105D6000029401A801F024FD18B14FF0FF300AB0F1
:105D700010BD0020FBE710B500F000FF08B90020BF
:105D800010BD6FF00100FBE710B548B141B1074B02
:105D90001860074B99605A710123054C237004E089
:105DA0000023024C2360024C237010BDB800002079
:105DB00014060020014800787047000014060020F7
:105DC0000348007808B90020704701484078FBE795
:105DD000140600200949097801B970470749497834
:105DE000012909D10178012906D1017921B103499D
:105DF0008989491C014A918100BFEEE71406002001
:105E000010B58AB00446A548007808B90AB010BD9C
:105E1000607B00B9FAE7A1484078012806D1A07B51
:105E200020B99E488089401C9C498881E078E02800
:105E300000D0EBE799484078002849D1207B04281E
:105E400045D1A06800780128FAD1A06840780128DF
:105E5000F6D1A06880780128F2D1A068C078012826
:105E6000EED100208D49C870E020087102208871B1
:105E7000002088818873C873087401204870887076
:105E800004208DF8040001208DF8080001A801F01D
:105E90008FFC002002F060FA81480068406818B169
:105EA0007F4909684868804700BF00207D4B024653
:105EB000411E00907C480BF067FC00BF00BF41F220
:105EC000883179480BF008FD00BF00F00DF9E3E0E0
:105ED000A068007871498870084680780B287DD2C8
:105EE000DFE800F006282C3137555C85BBC2CD00B9
:105EF00000BF6D480BF05CFD00BF00206749888142
:105F0000487004208DF804006548006800788DF81A
:105F1000080001A801F04CFC61490968487802F0CA
:105F20001BFA5F480068806818B15D490968886895
:105F30008047B0E0022059498871ACE00120574900
:105F4000C8708870A7E000205449C870012088708C
:105F5000A1E0207B514988710420896808700120E4
:105F600007E0A168095C491C4C4A92681154411C25
:105F7000C8B24A498979494A5279914202DA474975
:105F8000897901E0454949798142EADC83E00420CE
:105F90008DF8140005A801F033FE7CE000BF4248F4
:105FA0000BF006FD00BF00203C49888148700420AA
:105FB0008DF804003A48006800788DF8080001A8C0
:105FC00001F0F6FB36490968487802F0C5F9344813
:105FD0000068806828B13249096800E05AE08868A2
:105FE000804732480121826A0220904753E0207B9B
:105FF00003280BD105208DF81400A0688078A168D3
:10600000497840EA0120ADF818001FE0207B0728FE
:106010001CD106208DF81400A0688078A16849780A
:1060200040EA0120ADF81800A068C0780004A1681B
:10603000097940EA0120A16849790843642148436D
:106040000790A068807941B205A8017305A801F006
:10605000D7FD0120114988701DE00A208DF8140039
:1060600005A801F0CDFD16E000208DF80400A06821
:1060700040788DF8080001A801F09AFB0BE00D2094
:106080008DF81400A06840788DF8180005A801F07C
:10609000B7FD00E000BF00BF00BFB7E61406002058
:1060A000B8000020CD8C0008FC050020BC000020BA
:1060B0000949097801B970470749497801B9FAE7F0
:1060C0000178042906D10121034A9173017AD17321
:1060D000417A117400BFEEE71406002000487047B3
:1060E000BC000020704700001CB52B48007810B998
:1060F0004FF0FF301CBD2848407808B90020F9E770
:106100002548807B012815D100202349887303206E
:1061100088710520896808701F48C07B1E498968FE
:1061200048701D48007C1C498968887001201A4904
:10613000887018E018488078012805D0042811D10B
:106140000120154988700DE0022013498871084626
:1061500080890012896808700F48007B0E498968A1
:10616000487000BF00BF0D4903C9CDE900010A48CE
:1061700080798DF8010008488068019000BF0848C8
:106180000BF0C6FB00BF0448C17806480122C36A71
:1061900068469847AEE7000014060020D037010893
:1061A000FC050020BC0000202DE9F04104460D460E
:1061B00016461F46A07838B93B4632462946204647
:1061C000FAF7DDFCBDE8F0810020FBE710B50C20FC
:1061D00000F008FAA8B10C4890F8850400F001001E
:1061E00078B9094890F88504C0F3800048B10648A2
:1061F000D0F8400320F002000349C1F84003012019
:1062000010BD0020FCE70000280600200B4890F895
:10621000400300F0800080280ED10848D0F84003E9
:1062200020F080000549C1F840030846D0F840033B
:1062300020F00200C1F8400370470000280600204B
:10624000014600207047704770477047704770479D
:1062500000207047002070470020704700207047E2
:106260000020704701460020704701460220704719
:10627000704702460020704770477047704770476C
:10628000024600207047704770477047704770475C
:1062900001460220704700002DE9F04106460F46F6
:1062A000154617B90120BDE8F08102F0FDFA044659
:1062B0000CB90220F7E721460D48FFF7ADF808B901
:1062C0000520F0E72671A560AAB23946601D0BF0E3
:1062D0006FFF3046FEF712FF20730548D0F8F81024
:1062E000681C08440249C1F8F8000020DBE7000000
:1062F000AC190020014600208A1E122A26D2DFE8AF
:1063000002F0090B0D0F111315171925251B252553
:106310001D1F212303201AE0052018E0022016E0AB
:10632000052014E0012012E0062010E002200EE01B
:1063300002200CE005200AE0062008E0012006E02B
:10634000052004E0042002E0042000E000BF00BFBC
:1063500070470000014609B9012070470248D0F893
:10636000F80008600020F8E7AC19002010B5FC2206
:10637000002104480BF036FF0248FFF771F80020B7
:1063800010BD0000AC19002010B504460CB9012066
:1063900010BD21460B48FFF76CF808B90320F7E75A
:1063A0000848D0F8F810A068401C081A0549C1F840
:1063B000F8002046FBF716F908B90520E8E70020A9
:1063C000E6E70000AC19002070B50848046808E052
:1063D000207B28B925682046FFF7D6FF2C4600E031
:1063E0002468002CF4D1002070BD0000AC190020FE
:1063F00070B50848046808E025682079FEF77EFE3D
:1064000010B12046FFF7C0FF2C46002CF4D100202D
:1064100070BD0000AC1900202DE9F04780460F4602
:10642000154618480468002605B117B90120BDE8D3
:10643000F08716E0A8EB0601A068401C81420ED34D
:1064400022793046711CCEB22A5421898AB2A81909
:10645000611D0BF0ADFE207A3044C6B200E002E0D0
:106460002468002CE6D100BF05E0D4F80090204657
:10647000FFF78AFF4C46002CF7D13846FFF76AFF3A
:106480000020D4E7AC19002002460AB90120704769
:10649000074801680020107006E0087B012802D13F
:1064A00010700020F3E709680029F6D10020EEE71C
:1064B000AC19002010B50446134991F82000FEF7EE
:1064C000F5FD08B1002010BD20780F4989680870DB
:1064D00060780D4989684870E0780B498968C87010
:1064E0000020094989688870074890F82000401CFE
:1064F000C1B2054880F8201001468868FEF7C6FD45
:10650000014988600120DEE7A81A0020014890F8C0
:1065100020007047A81A002070B5054600240949DC
:1065200091F82000FEF7BCFD48B906488268416832
:106530002846FBF7B7F804460CB1607870BD01201F
:10654000FCE70000A81A0020F8B50446194890F8A6
:1065500020700025002629E0164840680078207049
:106560001448406840786070124840688578012D72
:1065700005D1104800688168204688470EE00D4824
:10658000406800788DF800000A48406840788DF82F
:10659000010008484068C0788DF8030000F040F81A
:1065A00015B96846FFF786FF701CC6B2BE42D3DB42
:1065B000F8BD0000A81A002010B504460848046081
:1065C000002180F820100C300549486088601422B2
:1065D000FF210BF007FE0121014880F8211010BDBA
:1065E000A81A002010B50446054882684168204674
:1065F000FBF758F808B1012010BD0020FCE70000AF
:10660000A81A002010B5054991F82000FEF74EFDAC
:1066100008B1012010BD0020FCE70000A81A0020EE
:1066200010B50C4991F82000FEF73AFD08B10020A2
:1066300010BD084890F82000401EC1B2054880F8FF
:10664000201001464868FEF721FD024948600120FC
:10665000EEE70000A81A002070B505460E4600249B
:10666000084991F82000FEF71BFD50B905488268E3
:1066700041683046FBF716F8044614B165700120F6
:10668000A07070BDA81A002070B505460C4844687B
:1066900080F82150014691F82000FEF701FD68B90D
:1066A00000BF6570E07808B90120A0702046FEF7B1
:1066B000EDFC044602488068A042F2D170BD0000A3
:1066C000A81A00201FB50446042C02D00B2004B0E9
:1066D00010BD002000900190029003907F2221467F
:1066E000684608F098FA08B10F20F0E70020EEE7BE
:1066F0007FB504460D4615B10B2004B070BD0020D7
:106700000090019002900390012C02D120208DF87E
:10671000000004222946684608F07DFA08B10F20DF
:10672000EBE70020E9E700002DE9F84381460E463B
:1067300015461C460020009000274FF0130814B99E
:106740000A20BDE8F88369464846FBF739F88046D9
:10675000B8F1000F01D04046F3E70098401C08B99B
:10676000256014E0009880B22F1A002F03DD0098F6
:10677000384420600BE01FB9009820600720E0E754
:1067800000986FF30F0000F580302844206009481E
:106790000068807858B900212068009A821A61EB5D
:1067A0000101921B71F1000101DB0820C9E7002003
:1067B000C7E7000068010020014609B90A207047B8
:1067C00003480068C068401C08600020F7E700002C
:1067D000680100202DE9F0478EB0824689461446B4
:1067E00014B1B9F1000F03D10A200EB0BDE8F08753
:1067F0001325242105A8F9F7F5FD00200490384859
:106800000068878804A905AA2079CDE901210090B4
:106810003A4649465046236808F055FB08B10F2018
:10682000E3E7227905A920680BF0C2FC204601F0BD
:106830004FFB08B11020D8E7A679E07946EA002698
:10684000207A46EA0046264800688068B04203D0B5
:1068500023480068866001E00320C6E700219DF818
:106860001000FFF745FF05460DB12846BDE704209F
:10687000FFF728FF05460DB12846B6E794F80980D2
:10688000A07A48EA0028E07A48EA00483B464246B7
:1068900031460320FAF7F5FB05460DB12846A4E77B
:1068A0003B46424631460220FAF7EBFB05460DB166
:1068B00028469AE79DF81000094909688870002069
:1068C00007490968C860411E05480068816104489D
:1068D00000680161024800684161002085E700000E
:1068E0006801002010B504460CB9092010BD0C4801
:1068F00004602822002100680BF074FC0120084984
:106900000968C870064909688870054909684870AF
:10691000002003490968087006F018FF0020E5E729
:10692000680100207CB504460CB90A207CBD012515
:106930000020019001A808F00FFB11490198096897
:1069400088800F4800688088E082204601F093FC30
:1069500008B11120EAE704F1180000902B46132239
:106960000020216808F041F908B10F20DEE7204639
:1069700001F081FC08B11120D8E70020D6E7000023
:10698000680100202DE9FF470546884691461C46D0
:10699000132603271CB90A2004B0BDE8F08722485B
:1069A0000068C068A84201D90620F5E794F82000E5
:1069B00000B902271C480068C068A8420DD2002018
:1069C000CDE9000594F828103A46A368606A02F001
:1069D00000FE06460EB13046DEE7204601F0B2FB6F
:1069E00008B11120D8E7022704F12C000022A16889
:1069F000CDE90115009203902279121F91B2002374
:106A00003A462068FAF704FA06460EB13046C3E764
:106A1000204601F097FB08B11120BDE7024800684D
:106A2000C5600020B8E700006801002070B504468A
:106A30000D462946204608F0BDFA08B10F2070BD6A
:106A400074B90849096888782146FFF751FE08B1F2
:106A50000F20F4E70420FFF735FE08B10F20EEE722
:106A60000020ECE76801002001B5034800680099A8
:106A70000160002008BD000068010020014609B93E
:106A80000A20704700200CE0084A12681C3202EB12
:106A9000800200EB400303EBC00301EB83031A62A7
:106AA000401C0128F0DB0020EBE70000680100201B
:106AB0002DE9FF4F85B00E4690461F46129C1CB92B
:106AC0000A2009B0BDE8F08F39464046FAF7F4F8DD
:106AD00008B90620F5E713254FF003094FF0020A25
:106AE000204601F063F908B11020EAE704A90598EF
:106AF000FAF730FE05460DB12846E2E7049890F813
:106B00000190049890F802A0A068B04201D0022041
:106B1000D7E7207BC0F3401B17480068807808B98E
:106B20004FF0000B0121E06A8DE8C200039022794A
:106B3000121F91B25B46524620680AF0FBFF0546E1
:106B40000DB12846BDE794F8200008B94FF00209BE
:106B50000120CDE9000794F8281033464A46606AC0
:106B600002F037FD05460DB12846AAE739464046F2
:106B70000AF072FF0020A4E76801002010B501F0C0
:106B8000D5FBF8B900BF10480AF012FF00BF00BFE4
:106B90000D4818300AF00CFF00BF00BF0A48303023
:106BA0000AF006FF00BF00BF074890300AF000FF60
:106BB00000BFFFF74BFB06F0EDFD0449C86A8047B4
:106BC000002010BD0120FCE7900900203C3C01089A
:106BD000014981F8860470472806002010B500BFDF
:106BE00016480AF0E5FE00BF00BF144818300AF04E
:106BF000DFFE00BF00BF114830300AF0D9FE00BFF1
:106C000000BF0E4890300AF0D3FE00BFFFF71EFB16
:106C10000B49C86A804700200A49C1F840030A4866
:106C200000F004F940F23472074908480BF0C0FA4A
:106C300001200449C1F84003002010BD9009002044
:106C40003C3C010828060020340B0020681200207C
:106C500010B5174890F88504C0F3C00080B11448FF
:106C600090F8850420F00800114981F88504084651
:106C7000D0F8440301F59061C268A1F1200090476B
:106C80000B4890F88504C0F3400080B1084890F8A4
:106C9000850420F00200064981F885040846D0F8F2
:106CA000440301F590614268A1F16400904710BD72
:106CB0002806002038B500BFEFF31080044672B6F6
:106CC000154800680090002013490860204680F3B2
:106CD000108800BF0098E8B10098C0F3001008B118
:106CE00003F0A8FD0098C0F3C00008B103F028FA33
:106CF0000098C0F3800008B103F030FE0098C0F3A4
:106D0000400008B103F08AFD009800F0010008B1CE
:106D100003F08AFD38BD00006001002070B52848EE
:106D200090F8850400F00100002848D000240025D8
:106D3000234890F8380420B1214890F838040328FB
:106D400003D1FAF703F8044618E01D4890F8380418
:106D5000012813D11A4890F8130401280DD1F9F72E
:106D6000DBFF0446174890F8160138B914B9F9F753
:106D70004BFE03E0F9F722FE00E00125012C0FD1C4
:106D800000BF11480AF014FE00BF0D48D0F84003C0
:106D900020F020000A49C1F8400308F0E3FD0DE0AF
:106DA00065B9074890F8850420F02000044981F86F
:106DB0008504002081F8130402F046FB00BF70BD7B
:106DC00028060020340B00209009002010B516483A
:106DD00090F88504C0F3800020B30120FFF702FC87
:106DE00080B10120FFF798FB18B900200E4981F807
:106DF00010040D48D0F8400320F002000A49C1F801
:106E000040030FE00520FFF7EDFB18B90620FFF760
:106E1000E9FB38B10448D0F8400320F002000249F1
:106E2000C1F8400310BD00002806002070B50446DC
:106E3000002500263448D0F8400300B170BD24215D
:106E40002046FAF783F80546606AA84202D06562D8
:106E500046F00106142104F12800FAF777F80546F8
:106E6000E06BA84202D0E56346F00206DC2104F1A3
:106E70004000FAF76BF80546D4F81C01A84203D08D
:106E8000C4F81C5146F00406BC2104F59070FAF7D2
:106E90005DF80546D4F8DC01A84203D0C4F8DC5103
:106EA00046F008069C2104F5F070FAF74FF8054605
:106EB000D4F87C02A84203D0C4F87C5246F01006F5
:106EC0004FF4936104F52070FAF740F80546D4F8C2
:106ED0001807A84203D0C4F8185746F0200614211A
:106EE00004F21C70FAF732F805464FF4E6600059D8
:106EF000A84204D04FF4E660055146F04006304603
:106F0000F9F7C6FE00BF99E72806002008B52A4811
:106F100090F8850400902848D0F84003002849D113
:106F2000254890F8850400F0010038B1224890F817
:106F3000850420F00100204981F885041E4890F85E
:106F40008504C0F3800038B11B4890F8850420F018
:106F50000400194981F885040120FFF739FE9DF8E6
:106F6000000000F0010028B11348D0F84403016884
:106F7000124888479DF80000C0F3800080B10F4898
:106F80001430FFF7E1FAFFF7C1FA002808DD0A48DC
:106F900090F8850420F00400001D074981F885045D
:106FA000FFF76DF9044890F8850420F020000249AD
:106FB00081F8850408BD000028060020600A002032
:106FC00008B50548D0F8400328B90020009068466D
:106FD000FFF75AFA00BF08BD28060020F0B589B0B7
:106FE00004460D46164604B115B9032009B0F0BD9C
:106FF000206828B1606818B1A06808B1E06808B9D5
:107000000320F3E7304606F0F7FA08B90920EDE768
:107010002046FFF7D1FA40F234720021EC480BF021
:10702000E1F840F20C520021EA480BF0DBF80120B5
:10703000E84981F8120481F81104E54880F84060BD
:10704000002180F8041180F88010E349C0F8141181
:107050000F208DF81C00DE4991F8400007A906F0CA
:10706000A8FA0690069808B1012100E00021D8484E
:1070700080F808110A208DF81C00D54991F84000CD
:1070800007A906F096FA0690069841B2D04880F813
:10709000CC1006208DF81C00CD4991F8400007A9BE
:1070A00006F087FA0690069841B2C94880F8CD10DC
:1070B00010208DF81C00C64991F8400007A906F081
:1070C00078FA0690C2480699C0F8901011208DF801
:1070D0001C00BF4991F8400007A906F06AFA069023
:1070E000BB480699C0F8941012208DF81C00B849CE
:1070F00091F8400007A906F05CFA0690B44806999A
:10710000C0F8981013208DF81C00B14991F8400088
:1071100007A906F04EFA0690AD480699C0F89C10F3
:1071200014208DF81C00AA4991F8400007A906F028
:1071300040FA0690A6480699C0F8A01017208DF8CE
:107140001C00A34991F8400007A906F032FA069006
:107150000698C1B29E4880F8A51018208DF81C0032
:107160009B4991F8400007A906F023FA0690984839
:107170000699C0F8A8100699C0F8B01019208DF82B
:107180001C00934991F8400007A906F012FA0690F6
:107190000698C1B28E4880F8AC100698C1B28C48EF
:1071A00080F8B4101E208DF81C00894991F8400029
:1071B00007A906F0FEF906900698C1B2844880F847
:1071C000B8101F208DF81C00814991F8400007A9D4
:1071D00006F0EFF906900698C1B27D4880F8B91024
:1071E00020208DF81C007A4991F8400007A906F08C
:1071F000E0F9069076480699C0F8BC1021208DF879
:107200001C00734991F8400007A906F0D2F90690D6
:107210006F480699C0F8C0100B208DF81C006C490F
:1072200091F8400007A906F0C4F90690694906984C
:10723000A1F8F4030C208DF81C00654991F840007A
:1072400007A906F0B6F9069062490698A1F8F60378
:1072500001215F4880F8A4100A21C0F88810062197
:1072600080F88C10D0F88810416490F88C1080F869
:107270004810D0F89010C164D0F894100165D0F88F
:1072800098104165D0F89C108165D0F8A010C165B8
:1072900090F8A41080F8601000208DF814004F487A
:1072A0000390A03004904A4991F8400003A906F0E9
:1072B00097F94848C0F8485306F06CFA0121444851
:1072C00080F805114348C0F844430020414981F843
:1072D00085040120C1F8400300213D48C1620163DB
:1072E00000BF00203E4B0246411E00903D480AF080
:1072F0004BFA00BF00BF00203B4B0246411E0090EE
:10730000384818300AF040FA00BF00BF0020374B61
:107310000246411E0090334830300AF035FA00BF73
:1073200000BF0020324B0246411E00902D48903095
:107330000AF02AFA00BF01A808F094FC2448C030E3
:10734000DDE90112C0E913122A482249C1F84C03B1
:1073500029492048C0F854132849C0F85C1328492B
:10736000C0F850132749C0F85813274801681D4832
:107370001C3888471948C038A96807F0A1FC08B133
:10738000112033E61248FFF7ADFA08B111202DE6BF
:10739000FEF7ECFF08B1132028E60D48D830FFF7C0
:1073A0006DFB08B1112021E617494869804707465F
:1073B0000BF080F9064A92F80501134A916D88474F
:1073C0001149C86A80470120FFF702FC00200DE642
:1073D000340B00202806002000030001140D0020BB
:1073E00049940008900900206D910008C59100089B
:1073F000658B0008458F00083D8E0008B58E00089B
:10740000BD8F0008ED8E00083C3C01080648D0F80E
:10741000400330B9044890F88604012801D10020C7
:1074200070470120FCE70000280600202DE9F04FFE
:1074300087B004460E4602274FF000094FF0000ABD
:107440004FF000084FF0000B1CB9032007B0BDE857
:10745000F08FFFF7DBFF08B10120F7E70020039072
:107460001422002154480AF0BDFE0121534880F83F
:1074700039140120514981F81204207820B10128E3
:1074800016D003283FD12CE04FF0010B01204B49CF
:1074900081F811049DF80C0020F0E00040300390CA
:1074A00094F80490D4F808A0A58994F90E802BE0F4
:1074B0004FF0010BE07B082801DAE07B00E00820B8
:1074C0003E4981F811049DF80C0020F0E000803066
:1074D000039094F80490D4F808A0A58994F90E803C
:1074E00012E04FF0010B0120344981F811049DF89E
:1074F0000C0020F0E000E0300390D4F804A02589CF
:1075000094F90A8000E000BF00BF02208DF814004B
:107510002B4890F874008DF81600294991F8400026
:1075200005A906F046F80490049840B2404501DAF7
:10753000404601E0049840B28046BBF1010F34D1CF
:107540001F4890F80601B0B98DF808801C4890F8E3
:1075500074008DF80A001A4991F84000052202A92A
:1075600006F0D3F828B19DF80810154880F83910B6
:1075700001E003206AE72B465246494603A80096DD
:1075800007F0C8FD074667B920780C4981F8380430
:10759000084690F8850420F00100401C81F885041D
:1075A00003E00020054981F814040448D0F8880459
:1075B000206138464AE70000600A002028060020C3
:1075C000340B002001460220704700003EB50446FF
:1075D00000250CB903203EBD207838286FD2DFE8A3
:1075E00000F01C21262A2E3338DBDBDBDBDBDBDB88
:1075F000DB3D4247545A61677C6F898E92969A9E12
:10760000A2A7B1ACB6BABFC9C3C6DBCEDBDBDBDB3E
:10761000DBDBDBDBDBDBDBDBDBD6634890F80401A9
:107620002071BEE0604890F818012071B9E007F0C1
:107630001DFB6060B5E007F01FFB6060B1E05A48D9
:1076400090F806012071ACE05748D0F8D000606097
:10765000A7E05548D0F8D4006060A2E0524890F806
:10766000050120719DE0504890F88000207198E05D
:107670001D208DF804004C4991F8400001A905F047
:1076800098FF0090009860608BE04748816E406EE4
:10769000C4E9010185E044484030C16E806EC4E910
:1076A00001017EE04048016FC06EC4E9010178E04D
:1076B0003D484030416F006FC4E9010171E06BE06B
:1076C0001B208DF80400384991F8400001A905F00D
:1076D00070FF00900098606063E01A208DF804004D
:1076E000314991F8400001A905F063FF009000982E
:1076F000606056E02C4890F86000207151E02A4804
:10770000C06C60604DE02848006D606049E026482C
:10771000406D606045E02448806D606041E0224833
:10772000C06D60603DE0204890F8CD00207138E0E9
:107730001D4890F83900207133E01B4890F8CC00C8
:1077400020712EE0184890F83800207129E0164882
:10775000406C606025E0144890F84800207120E0FB
:107760001148C06F60601CE00F48606019E00F486E
:10777000606016E00C48D0F8C000606011E00A4874
:10778000D0F81401606005F023FFA06009E006480E
:10779000D0F88400606004E02046FEF766FD0546F0
:1077A00000BF00BF284616E7340B002068120020F7
:1077B0003EB5044600250CB903203EBDF74890F8BD
:1077C000400300F00200022801D10120F5E72078F3
:1077D000382871D2DFE800F01C212B31373C4146BC
:1077E000515C67737E89949FAD70B2D7FEFDFCFB40
:1077F000FAF9F8F7F6F5F4F3F2F1F0EFEEEDEC70DC
:10780000EB7070707070707070707070707070EA83
:10781000207908F009F90546ECE12079022804D026
:107820002179DF4880F8181100E00325E2E1606863
:1078300007F0A0FB00B10325DCE1606807F0AAFBBC
:1078400000B10325D6E12179D54880F80611D1E1B0
:10785000D3486168C0F8D010CCE1D1486168C0F865
:10786000D410C7E1606830B100206168FFF7DEF82E
:1078700010B11120A1E70325BCE1606830B10120FF
:107880006168FFF7D3F810B1112096E70325B1E145
:10789000606830B102206168FFF7C8F810B11120AC
:1078A0008BE70325A6E1606838B103206168FFF724
:1078B000BDF818B1112080E797E103259AE16068CF
:1078C00030B17F206168FFF7B1F810B1112074E783
:1078D00003258FE1606830B180206168FFF7A6F86A
:1078E00010B1112069E7032584E1606830B181207F
:1078F0006168FFF79BF810B111205EE7032579E17D
:10790000606830B182206168FFF790F810B11120F3
:1079100053E703256EE12179A14880F8051102465D
:1079200092F805019F4A916D88479E49C86A804731
:1079300060E121799A4880F880105BE1207A40B2BA
:107940008DF80000964890F875008DF80100944974
:1079500091F840000722694605F0D7FE08B90325D3
:1079600010E0606800908E4991F84000002269465E
:1079700005F0CBFE08B9032504E08948D4E90112DB
:10798000C0E9191236E1207A40B28DF8000084482F
:1079900090F875008DF80100814991F840000722A8
:1079A000694605F0B2FEE0B17D4814E018E108E157
:1079B00003E1FDE0F8E0EAE0E3E0BCE0CEE0A2E0D5
:1079C0008EE089E084E07FE07AE075E067E04AE0FD
:1079D00057E02EE007E04030D4E90112C0E91A1266
:1079E00000E0032506E1207A40B28DF800006C48E3
:1079F00090F875008DF80100694991F84000072260
:107A0000694605F082FE90B16548D4E90112C0E9EB
:107A10001B1290F8040102280AD1614890F818015D
:107A200030B16049C86A804701F078FD00E0032565
:107A3000E0E0207A40B28DF80000594890F87500D7
:107A40008DF80100564991F840000722694605F07B
:107A50005CFE30B152484030D4E90112C0E91C123A
:107A600000E00325C6E06068019001208DF8080061
:107A70004B4991F8400001A905F0ACF900B9032584
:107A8000B8E06068019000208DF80800444991F842
:107A9000400001A905F09EF900B90325AAE020796C
:107AA000012807DB20790F2804DC21793C4880F885
:107AB000601000E003259DE039486168C16499E0E9
:107AC00037486168016595E035486168416591E036
:107AD0003348616881658DE031486168C16589E03E
:107AE00020798DF800002E4991F840000622694661
:107AF00005F00BFE28B19DF80010294880F8CD1044
:107B000000E0032576E020798DF80000244890F805
:107B100074008DF80200224991F840000522694660
:107B200005F0F3FD28B19DF800101D4880F83910CC
:107B300000E003255EE020798DF80000184991F8F7
:107B400040000A22694605F0E0FD28B19DF80010CA
:107B5000134880F8CC1000E003254BE020798DF825
:107B600000000F4991F840000922694605F0CDFD5B
:107B700028B19DF800100A4880F8381000E003256D
:107B800038E007486168C0F88810416432E0217924
:107B9000034880F88C1080F848102BE0280600205D
:107BA000340B00203C3C010814486168C16721E0A7
:107BB00012486168C0F8C0101CE005F0A3FE05463D
:107BC00018E0A079012809DC0C486168C0F814119C
:107BD0006068FEF749FF10B11120EEE5032509E0CA
:107BE00006486168C0F8841004E02046FFF7EAFC0C
:107BF000054600BF00BF2846DFE50000340B00202B
:107C00007CB504460225002000900CB903207CBD01
:107C1000FFF7FCFB08B10120F9E7FEF7F3FC08B120
:107C20000120F4E7FEF772FC20B9142200215C4821
:107C30000AF0D8FA01215B4880F84D1490F88504C9
:107C400020F00400001D574981F8850420788DF844
:107C5000040001208DF8050000208DF80700207831
:107C60000F2870D2DFE800F080088080323B40802F
:107C700080804780705066004A4890F8400300F0CA
:107C80002000202801D10120C1E705F083FD6279A1
:107C900051B2454A92F84000002204F082FB42496A
:107CA00081F8390007208DF80500FF2007F060FB00
:107CB000054655B1627951B23B4A92F84000012223
:107CC00004F06FFB384981F839004EE000250022AE
:107CD00069460220FEF7E0FA00B1132545E0A088CE
:107CE00007F086FD054640E0227BA088A16807F0EA
:107CF000ADFD054639E00025002269460D20FEF75E
:107D0000CBFA00B1132530E0274890F8040180B980
:107D10002679217901F00700FEF7B7FA8DF80060A7
:107D20000025012269461020FEF7B6FA00B113259E
:107D300000BF1AE00025002269461220FEF7ACFAC7
:107D400000B1132511E00FE001208DF80700FEF7C8
:107D50007FFA38B90020FEF796FA0020FEF773FA92
:107D6000002500E0012500E000BF00BF0D48D0F86D
:107D70008804206175B1FEF7C9FB70B9002009497C
:107D800081F81404084690F8850420F0040081F876
:107D9000850402E001A8FEF78DFB284637E70000C6
:107DA000740A002028060020340B002070B5044619
:107DB0000CB1206808B9022070BD002529466D1C51
:107DC0002268505C607129466D1C2268505CA0607E
:107DD00029466D1C2268505CA16841EA0020A06021
:107DE00029466D1C2268505CA16841EA0040A060F1
:107DF00029466D1C2268505CA16841EA0060A060C1
:107E000029466D1C2268515C217329466D1C22682D
:107E1000515CE18129466D1C2268515CE08940EA91
:107E20000121E181207B00F00F000F280EDC207B78
:107E300000F00F022068411904F110000AF0B8F9AF
:107E4000207B00F00F00284485B201E00120B3E759
:107E5000002084F8200084F828002079401B001FAF
:107E6000002816DD2846691C8DB22268105C84F853
:107E700020002079401B001F84F8280094F8282057
:107E800023685919606A0AF093F994F82800284485
:107E900085B22079001F2168085CE0622079C01E4D
:107EA0002168085CE16A41EA0020E0622079801ED6
:107EB0002168085CE16A41EA0040E0622079401EE6
:107EC0002168085CE16A41EA0060E062002073E733
:107ED00070B504460CB1206808B9022070BD0025B9
:107EE00029466D1C2268505C60712068411903228C
:107EF000A01D0AF05DF9ED1C20684119032204F170
:107F000009000AF055F9ED1C29466D1C2268505CE9
:107F1000E06029466D1C2268505CE16841EA00205F
:107F2000E06029466D1C2268505CE16841EA00402F
:107F3000E06029466D1C2268505CE16841EA0060FF
:107F4000E06029466D1C2268505C207429466D1C37
:107F50002268505C60742079001F401B10280AD1F1
:107F600020684119102204F112000AF021F905F1EC
:107F7000100085B206E02079001F401B002801DDBB
:107F80000120ABE72846691C8DB22268105C606254
:107F90002846691C8DB22268105C616A41EA0020A3
:107FA00060622846691C8DB22268105C616A41EAF1
:107FB000004060622846691C8DB22268105C616ACC
:107FC00041EA00606062002088E7000010B50024EC
:107FD000FEF770FEFEF752F9204890F88504C0F3D2
:107FE000401000B30020FEF7F3FDFEF70FF9FDF798
:107FF00065F8002802DDFEF7E9F804431CB9FEF736
:10800000E5FEFEF78BFEFEF781FFFEF7D9FF0120AC
:10801000FEF7DEFD114890F8850420F04000403066
:108020000E4981F88504FEF713FE0C4890F884048D
:10803000022801D101F072FA084890F88504C0F3D3
:10804000801050B1054890F8850420F040000349A5
:1080500081F885040248FEF7E9FE10BD28060020DD
:10806000340B002030B589B005460C463348806A91
:108070000390324890F8CD000290304890F8CC0040
:1080800001900020009014B9032009B030BD2B48A6
:10809000D0F81401049000208DF81400274890F8BF
:1080A00006018DF815002548806A06902448B0F82E
:1080B000F403ADF81C002248B0F8F603ADF81E003A
:1080C0001E4890F839008DF820001C4890F83800C0
:1080D0008DF82100194890F874008DF82200174897
:1080E00090F840008DF8230003AB01AA02A904A870
:1080F000FEF75AF89DF90800F9F79CFB6070684696
:10810000FEF728F908B11320BFE700980F2810D810
:108110006078009988420CD360780099401A2070EA
:10812000607800992944884201D30020ADE70820F7
:10813000ABE7002020700820A7E70000340B0020E8
:108140002806002070B504460CB1206808B901204B
:1081500070BD00250826207B00F00F00064494F82F
:108160002800002801DD701C86B294F828003044F5
:1081700086B2301D86B22079B04201DA0220E7E7EC
:1081800062792946681C85B223685A54227A2846A7
:10819000691C8DB223681A542089C0F3072228462F
:1081A000691C8DB223681A54A068C0F307422846A0
:1081B000691C8DB223681A54A068000E29466A1CF7
:1081C00095B223685854227B2846691C8DB22368D7
:1081D0001A54A27B2846691C8DB223681A54E08980
:1081E000020A2846691C8DB223681A54217B01F0CB
:1081F0000F022168481904F1100109F0D9FF207B12
:1082000000F00F00284485B294F82800002806DD0D
:1082100094F820202846691C8DB223681A5494F8DB
:10822000282023685819616A09F0C2FF94F82800D1
:10823000284485B294F82C202846691C8DB2236806
:108240001A54A08DC0F307222846691C8DB22368FA
:108250001A54E06AC0F307422846691C8DB22368AD
:108260001A54E06A000E29466A1C95B223685854D5
:10827000257100206CE770B504460CB1206808B980
:10828000012070BD00252079172801DA0220F8E7C7
:1082900062792846691C8DB223681A5421684819EE
:1082A0000822A11D09F090FF05F1080085B22168A0
:1082B0004819082204F10E0109F086FF05F10800B3
:1082C00085B2A27D2846691C8DB223681A54E08AC3
:1082D000020A2846691C8DB223681A54227E284659
:1082E000691C8DB223681A54208BC0F307222846DC
:1082F000691C8DB223681A54A069C0F3074228464E
:10830000691C8DB223681A54A069000E29466A1CA4
:1083100095B22368585425710020B2E70020024925
:10832000C1F84003704700002806002000B5FFF7A1
:108330006DF828B901200749C1F84003002000BDAD
:108340000448D0F84003012801D10020F7E70120BC
:10835000F5E700002806002038B504468DF80040F7
:10836000054991F840000F22694605F0CEF910B199
:10837000014880F8084138BD340B002000B585B0B5
:108380000020049000BF0221012259A3CDE9002161
:10839000029002460146022008F0C4FF00BF00BF61
:1083A0000020042102225BA3CDE9002102900246B5
:1083B0000146022008F0B6FF00BF00BF00200221E6
:1083C00001225DA3CDE90021029002460146022070
:1083D00008F0A8FF00BF04A90020FDF7DDF900BFE9
:1083E0000498C0F307200499C1F30741049A120EC0
:1083F0005AA3CDE90021029000221146022008F084
:1084000091FF00BF04A90120FDF7C6F900BF049841
:10841000C0B20499C1F30721049AC2F30742049B36
:108420001B0ECDE90032CDE9021055A30022114602
:10843000022008F077FF00BF00205A4B02464FF49D
:10844000FA710090584809F09FF90020574B0246F6
:108450004FF4FA710090564809F096F90020554BF8
:1084600001224FF4FA710090534809F08DF9002071
:10847000524B02464FF4FA610090514809F084F9DA
:10848000504A0021012009F089F84F4A00210220BA
:1084900009F084F84D4A0021042009F07FF84C4A85
:1084A0000021082009F07AF800F0A8F84FF0817157
:1084B0004848FDF793F94848FCF7F8FF3E4809F0B3
:1084C00027FA4648017846480078FDF7C5F945483F
:1084D000007858B90020444B024600904348016898
:1084E000434809F051F9424809F012FA05B000BDBD
:1084F0004150504C49434154494F4E5F56455253A9
:10850000494F4E3A205625582E25582E25580D0AEB
:10851000000000004D575F4C4F524157414E5F568F
:10852000455253494F4E3A20205625582E25582E55
:1085300025580D0A000000004D575F524144494F35
:108540005F56455253494F4E3A2020202056255819
:108550002E25582E25580D0A000000004C325F537E
:108560005045435F56455253494F4E3A20202020F4
:10857000205625582E25582E25580D0A000000009B
:1085800052505F535045435F56455253494F4E3A00
:1085900020202020205625582D25582E25582E25C0
:1085A000580D0A00099500088C0500205991000813
:1085B000A4050020BD8D0008BC0500202592000800
:1085C000800400205D5B0008F1F30008C1F9000899
:1085D0007DF80008340000208000002031000020D9
:1085E0003000002094000020F19400089800002042
:1085F0006804002000487047D405002010B5002012
:108600001049086048608860C8600846406840F0CB
:10861000040048600846406870B900BF0A4B002259
:108620001146104608F07EFE00BF00BF08F002FFB2
:108630000128FBD100BFFEE700200249C8600320EB
:10864000086010BDD4050020F03D010810B51448A5
:108650001449086040054860002112488160C160EB
:108660000161042141610021017641768176012179
:10867000C161002180F820104162816280F82C10D5
:108680004FF480510163072141638163002180F829
:108690003C10C164F9F79CFB08B1F8F78BFD10BDE5
:1086A000002401408402002010B50420FCF784FD62
:1086B0000120FCF781FD002202210F20FAF7FAFACF
:1086C0000F20FAF7E3FA10BD00B585B01421684613
:1086D000F7F788FE0220FCF77DFD0120FCF77AFD0C
:1086E0000420FCF777FD002238211C48FAF76EFAC7
:1086F00000224FF440614FF09040FAF767FA3820BB
:1087000000900120019000200290039069461348D8
:10871000FAF792F9012000904FF404100190012023
:10872000029069464FF09040FAF786F94FF44060A6
:1087300000900120019000200290039069464FF0C4
:108740009040FAF779F9002211460620FAF7B2FABA
:108750000620FAF79BFA05B000BD000000040048AF
:1087600010B507F0FDFAFFF709FE10BD10B54FF088
:10877000FF3008F029FF10BD00B58BB02C216846F2
:10878000F7F730FE1748184908601F211648816026
:1087900000210161416181614FF08041C16100218F
:1087A00001624FF480714162FBF7A2FA08B1F8F759
:1087B00001FD0D48FBF7E0F908B1F8F7FBFC0020DC
:1087C0000790019005904FF00050069040150A90D8
:1087D000002269460448FBF733FB08B1F8F7EAFCCE
:1087E0000BB000BD00280040E802002010B50820B2
:1087F000044908600846FBF759FD08B1F8F7DAFCB0
:1088000010BD00002003002010B50A480A49086086
:1088100041F61F4048600021074881600921C1607E
:108820000021016141618161FBF706FF08B1F8F7A2
:10883000C1FC10BD004801402C03002010B51848B1
:10884000184908604FF4E130486000211548816004
:10885000C16001610C21416100218161C16101623E
:10886000416200200F4988620846FCF7F7F908B119
:10887000F8F7A0FC00210B48FBF7ADFF08B1F8F7B3
:1088800099FC00210748FBF777FF08B1F8F792FC45
:108890000448FBF723FF08B1F8F78CFC10BD00007B
:1088A000004400407803002010B5002405E0601C5F
:1088B000C4B20F2C01D1002010BD054901EB0410FA
:1088C000FCF70EFC0028F2D0014800EB0410F3E79F
:1088D000B419002010B5044601200C4908706078D6
:1088E0004870A07840B28872E068C860E078087686
:1088F000207C48762079487205480068816A0348E0
:10890000884721460020FDF7B1F810BDA4010020E2
:108910009801002030B585B004460D460020029035
:10892000012023490870607848700846407808B1F3
:1089300005B030BD207940B21D490872287840B298
:108940004872A8788872E87808742069C860E0786E
:108950008DF80C00207B8DF80D00A0680490154860
:108960000068C26A03A8904712480068806B30B163
:10897000207E012803D10F490968886B8047214672
:108980000120FDF773F802A8FCF7CCFE60790128FE
:108990000BD19DF8080040B9002000900190012201
:1089A00000216846FDF73AF900BF00BFC0E70000AC
:1089B000C00100209801002000BFFEE710B58AB07A
:1089C000044600202C490870607848702B480068E5
:1089D000816A2948884721460220FDF747F8207818
:1089E0000A2838D004DC012807D004283FD12AE027
:1089F0000C2831D00D283AD138E006208DF804003B
:108A000001A8FEF7E3FD1E49029848611D48FCF7E6
:108A1000A7FE607840B900201A49091F48711A4919
:108A20004878FDF7A1F803E0FF201649091F4871B7
:108A300012480068416A1348001F8847607808B9E7
:108A400006F032FA14E0012010494874207A887444
:108A5000607AC8740CE00BE0607820B90A49087BA2
:108A6000FDF778F801E0FCF747FE01E000E000BF09
:108A700000BF0AB010BD0000A40100209801002032
:108A800074010020A0010020E01A0020C001002095
:108A90007CB504460D4600201C490870607848707B
:108AA000A07840B20872287840B24872A8788872DC
:108AB000E87808746068C86020780B2807D02078B0
:108AC0000F2804D012480068C26A0020904721464F
:108AD0000320FCF7CBFF2078072804D00B2811D007
:108AE0000F2810D10DE0002000900190094909687D
:108AF000C868804720B9012200216846FDF78EF83A
:108B000002E001E000E000BF00BF7CBDC00100202A
:108B100098010020CC1A002000BFFEE70249098816
:108B20000143014A11807047E201002010B5074857
:108B3000008810B96FF0010010BDFFF7F7FB10B10E
:108B40006FF00200F8E70020F6E70000E2010020E5
:108B500010B5002002490880FFF7E0FB002010BD9F
:108B6000E201002010B5044600BF144808F020FFC1
:108B700000BF134890F81404012802D1104981F86D
:108B80001304104890F80401022808D10C4890F80A
:108B9000850420F020002030094981F88504084828
:108BA000D0F8480348B10648D0F84803006920B11E
:108BB0000349D1F848130869804710BD200A0020F6
:108BC00028060020340B002010B58CB00446002C81
:108BD0003DD06078012804D002280BD003282CD087
:108BE00000BF00BF1BA300221146022008F09AFB21
:108BF00000BF2BE000BFE17EA27E637E207ECDE938
:108C000009320B910890E17DA07D627D6368CDE91A
:108C10000432CDE9060194F91410B4F91220237C32
:108C2000E068CDE90032CDE90210104B0022114678
:108C3000022008F077FB00BF08E000BF0CA3002271
:108C40001146022008F06EFB00BF00BF00BF0CB051
:108C500010BD00000D0A2323232323232042454176
:108C6000434F4E204C4F53540D0A0000143D010851
:108C70000D0A23232323232320424541434F4E2023
:108C80004E4F542052454345495645440D0A000075
:108C900038B5044600BF05A0005D05A300221146BB
:108CA0000090022008F03EFB00BF38BD4142430067
:108CB00053776974636820746F20436C6173732009
:108CC000256320646F6E650D0A00000010B5044630
:108CD000FDF70AFA10BD000010B50446002C2DD097
:108CE0006079002822D1164808F062FE0022102187
:108CF0001448F9F76BFF00BF13A3002211460220AE
:108D000008F010FB00BFA079012807D100BF14A311
:108D100000221146022008F005FB0FE000BF18A357
:108D200000221146022008F0FDFA07E000BF1CA354
:108D300000221146022008F0F5FA00BF10BD000025
:108D4000BC050020000400480D0A2323232323230D
:108D5000203D204A4F494E4544203D200000000060
:108D6000414250203D3D3D3D3D3D3D3D3D3D3D3D34
:108D70003D3D3D3D3D3D3D3D3D3D0D0A000000007A
:108D80004F544141203D3D3D3D3D3D3D3D3D3D3DFF
:108D90003D3D3D3D3D3D3D3D3D3D0D0A000000005A
:108DA0000D0A232323232323203D204A4F494E200D
:108DB0004641494C45440D0A0000000010B50446E8
:108DC00010210248F9F7F8FE10BD00000004004829
:108DD00010B50021012008F0BBFC10BD10B5044601
:108DE000012C07D100BF08A300221146022008F081
:108DF00099FA07E000BF09A300221146022008F0FB
:108E000091FA00BF10BD00004E564D204441544120
:108E10002053544F5245440D0A0000004E564D2039
:108E20004441544120524553544F5245440D0A0089
:108E30000149087370470000800000202DE9F041CF
:108E400004460D4616461F4608F0BEFC124908604F
:108E5000084644600581468107731048006820F089
:108E6000080008300D4908600D48D0F8480348B1A3
:108E70000B48D0F84803006920B10949D1F84813DC
:108E80000869804700BF07A301220021022008F0E3
:108E900049FA00BFBDE8F0819C1900206001002064
:108EA000280600204D4143207278446F6E650D0AFC
:108EB0000000000010B50B48006820F00200801C84
:108EC000084908600848D0F8480348B10648D0F877
:108ED0004803006920B10449D1F848130869804764
:108EE00010BD0000600100202806002010B50F48CA
:108EF000006820F00100401C0C4908600C48D0F8C4
:108F0000480348B10A48D0F84803006920B108492D
:108F1000D1F848130869804700BF06A30122002149
:108F2000022008F0FFF900BF10BD00006001002022
:108F3000280600204D414320727854696D654F75B5
:108F4000740D0A001CB508F03FFC1449086068461F
:108F500006F05CFE1248DDE90012C0E90E1211486D
:108F6000006820F0100010300E4908600E48D0F85C
:108F7000480348B10C48D0F84803006920B10A49B9
:108F8000D1F848130869804700BF08A301220021D7
:108F9000022008F0C7F900BF1CBD000064010020DA
:108FA0002809002060010020280600204D414320B0
:108FB0007478446F6E650D0A0000000010B50F480C
:108FC000006820F00400001D0C4908600C48D0F82F
:108FD000480348B10A48D0F84803006920B108495D
:108FE000D1F848130869804700BF06A30122002179
:108FF000022008F097F900BF10BD000060010020BA
:10900000280600204D414320747854696D654F75E2
:10901000740D0A0070B505460C46A2B202492846F6
:1090200008F09CFA70BD000000F0030870B586B02F
:1090300004460D460026002D75D0012220213B4814
:10904000F9F7C4FD3A4808F063FC287800284ED0B0
:10905000002C4CD026786068002848D02078022860
:109060001BD0032841D16078012815D160680078B1
:1090700020B1012806D002280CD107E00020FCF71F
:1090800073FD08E00120FCF76FFD04E00220FCF70F
:109090006BFD00E000BF00BF28E06078012823D10D
:1090A0006068007800F001002249087008460078E6
:1090B00068B900BF20A300221146032008F032F94E
:1090C00000BF002210211948F9F780FD0CE000BF15
:1090D0001CA300221146032008F024F900BF01223E
:1090E00010211248F9F772FD00E000BF00BF287C94
:1090F000062818DA00BF95F90A0095F909102A7CAC
:10910000134B53F8222095F90830CDE90232CDE90E
:109110000410E8680F4B00221146CDE90006032039
:1091200008F000F900BF06B070BD00000004004860
:10913000A4050020A40000204C4544204F46460DC5
:109140000A0000004C4544204F4E0D0A000000006C
:1091500018000020883D010810B504460022202197
:109160000148F9F733FD10BD0004004810B504466E
:10917000124890F81504114981F8B803104890F886
:10918000610041B20D4880F8BB130D4890F875108E
:109190000A4880F8C8130A4890F88010074880F8F9
:1091A000C913002180F8CA1380F8CB1300F56E7143
:1091B00000F5607004F028FC10BD000028060020B7
:1091C000340B002010B50446144890F8840400B90C
:1091D00010BD124890F81504104981F8CC031048CE
:1091E000416E0E48C0F8D0130D4890F875100B482A
:1091F00080F8DC130A4890F88010084880F8DD13E6
:10920000002180F8DE13012180F8DF1300F573716F
:1092100000F5667004F0F8FB00BFD9E728060020CF
:10922000340B002010B504460B480078022803D107
:109230000021082008F08CFA002220210748F9F7C5
:10924000C5FC002208210548F9F7C0FC00221021C6
:109250000248F9F7BBFC10BD3000002000040048B4
:1092600070B504460D46F9F72DFBC0B90C480088CF
:10927000000480094FF47C31B1FBF0F200FB1210C6
:10928000C60A002201213046F7F7E0FF28B9002383
:109290002A4621460348F8F729F8F9F7C7FA70BDBE
:1092A000E075FF1F00F0030810B5FCF78DFA08BB4E
:1092B000FCF738FB01281DD100BF00BF00BF00BF75
:1092C00000BFBFF34F8F00BF00BF00BF0A48006858
:1092D00000F4E06009490843001D0749086000BF29
:1092E00000BF00BFBFF34F8F00BF00BF00BF00BF74
:1092F00000BFFDE710BD00000CED00E00000FA0526
:109300001FB50446002C45D02078002842D0012209
:1093100008212148F9F75AFC204808F0F9FA00BF63
:109320001FA300221146022007F0FCFF00BF00BF70
:1093300094F9180094F90A10227CE368CDE9003210
:10934000CDE9021023A300221146032007F0EAFF13
:1093500000BF00BF2CA300221146032007F0E2FF4C
:1093600000BF207A01280DD100BF607A08B12AA081
:1093700000E02AA02BA3002211460090032007F052
:10938000D1FF07E000BF2CA300221146032007F005
:10939000C9FF00BF1FBD0000000400488C0500206D
:1093A0000D0A232323232323203D3D3D3D3D3D3D09
:1093B0003D3D3D204D4350532D436F6E6669726DA8
:1093C000203D3D3D3D3D3D3D3D3D3D3D3D3D0D0A4D
:1093D0000000000023232323232320552F4C204665
:1093E00052414D453A25303464207C20504F525430
:1093F0003A2564207C2044523A2564207C20505732
:10940000523A256400000000207C204D5347205430
:109410005950453A0000000041434B004E41434B38
:1094200000000000434F4E4649524D4544205B2505
:10943000735D0D0A00000000554E434F4E464952E1
:109440004D45440D0A00000010B5044600BF154804
:1094500008F0AEFA00BF1448D0F8400320F0200016
:109460001149C1F84003012005F0F2FA10B10B28B0
:1094700002D100E000BF12E00C4890F839100A4811
:1094800080F83A1490F8121480F83D14092180F8FD
:1094900039140920FDF7F8F806F064FA00BF00BFA0
:1094A00010BD00009009002028060020340B002089
:1094B0000149C870704700008000002010B50446C4
:1094C00009480460006818B942F210700649086043
:1094D000064808F06DFA04480168044808F0FCF9F1
:1094E000024808F015FA10BD98000020680400201A
:1094F00010B504460021022008F02AF9014808F0BE
:1095000007FA10BD6804002010B5044600220821A7
:109510000148F9F75BFB10BD0004004838B5174857
:10952000174C0090636C94F8482094F8704061B236
:10953000134C94F8400004F01CF80221114880F804
:10954000F313012180F8F213214691F840000B4AF1
:1095500040320A4904F08CF870B10A4890F820149F
:1095600080F862140848416B00208847054890F84D
:10957000F303044981F8840438BD0000080A002080
:10958000340B0020280600203C3C0108704710B531
:10959000FBF749F801210020F9F744FC10BD000059
:1095A00010B5FBF740F800BF01200349086000BF79
:1095B000F9F708FC10BD000088040058704710B58A
:1095C000FAF754FD10BD10B5FAF750FD09F0D6F9C1
:1095D00010BD2DE9F04F89B005460E4692461C4657
:1095E000DDE912B71DB90A2009B0BDE8F08F4FF0D0
:1095F00000084FF0010900200590069007900890A0
:10960000019002900390049001208DF804008DF8E1
:1096100009B0E0B28DF80A00200A8DF80B00200C8A
:109620008DF80C00200E8DF80D00F8B28DF80E00AC
:10963000380A8DF80F00380C8DF81000380E8DF8B0
:1096400011002BE009F0FF008DF8130009F1010073
:109650001FFA80F905AB5246102101A805F088FADF
:1096600008B10F20C0E700200AE008EB0001695CA8
:1096700005AA125C514008EB0002A954411CC8B273
:10968000102E01DD102100E031468142EDDCA6F113
:10969000100006B208F1100000F0FF08002ED1DC27
:1096A0000020A1E77047F0B50746DDE90556079CA5
:1096B0000CB90A20F0BD4920207000206070A07015
:1096C000E07020716371A571280AE071280C207286
:1096D000280E6072A672300AE072300C2073300ED1
:1096E00060730020A073E77300BFE3E72DE9FC4738
:1096F00005460C4617461E46DDF8288000206049C6
:10970000088081F8140401900090814606B98046D3
:10971000424631465B4808F04BFD594981F8378293
:109720002878887028784009022809D0042802D0B7
:10973000072873D18AE00120514981F8140400BF41
:1097400004204F4981F80401881CC1F80801FF2159
:10975000801E80F80C11297880F80D1180F828718E
:109760004948D0F8D4104648C0F81011217880F844
:10977000141190F8371280F830114249C0F82C11BA
:1097800001A8FDF719F810B11220BDE8FC87019877
:1097900081B23B48A0F81611002180F83D1480F8F2
:1097A0003C140199C0F844146846FCF7D3FD08B195
:1097B0001320EAE70098002847D0334991F939008F
:1097C000F8F738F881462E4890F83702002815DD62
:1097D00000980F2812D82B4A203A69460F20FCF730
:1097E0001BFE08B11320D0E72178009860F3030135
:1097F00021702178224880F8141126E0204890F842
:10980000370200280DDD00980F280AD91F4A694643
:109810004846FCF701FE10B11320B6E72AE00A2003
:10982000B3E71A4A69464846FCF7F6FD08B113202B
:10983000ABE70021124880F828111449C0F82C1118
:109840000098C1B20E4880F8301115E08EB10C4876
:1098500090F8370200280CDD094890F8372231468D
:10986000C01C08F0A5FC064890F83702401C0449CB
:10987000088001E0022088E700BF002085E70000A3
:109880002806002060070020340B0020B40A0020C6
:1098900010B51248D0F8400340F080000F49C1F8DD
:1098A0004003084690F81404012802D10020FFF775
:1098B00059F90A4890F8850420F00200801C0749F5
:1098C00081F88504084690F8850420F020002030B7
:1098D00081F8850408F0DEF810BD0000280600209D
:1098E00030B591B00446062510A9204605F0CAF906
:1098F0000546002D7ED13CB900BF48A30022114689
:10990000022007F00FFD4FE0012C07D100BF49A353
:1099100000221146022007F005FD45E0032C07D187
:1099200000BF4AA300221146022007F0FBFC3BE0E7
:10993000022C07D100BF4BA300221146022007F0E2
:10994000F1FC31E0042C07D100BF4CA300221146EA
:10995000022007F0E7FC27E07F2C07D100BF4DA3D2
:1099600000221146022007F0DDFC1DE0802C07D10B
:1099700000BF4EA300221146022007F0D3FC13E0E3
:10998000812C07D100BF4FA300221146022007F00F
:10999000C9FC09E0822C07D100BF50A30022114668
:1099A000022007F0BFFC00BF00BF1098007C109998
:1099B000C97B109A927B109B5B7BCDE90C32CDE981
:1099C0000E101098017BC07A109A927A109B5B7AE5
:1099D000CDE90832CDE90A011098007A1099C979C9
:1099E000109A9279109B5B79CDE90432CDE906108B
:1099F000109800E010E00279C07810998978109BE7
:109A00005B78CDE90031CDE902023A4B00221146E4
:109A1000022007F087FC00BF11B030BD23232323B1
:109A20002323204170704B65793A2020202020208C
:109A300000000000232323232323204E776B4B6554
:109A4000793A202020202020000000002323232317
:109A5000232320417070534B65793A202020202029
:109A600000000000232323232323204E776B534B36
:109A700065793A20202020200000000023232323A2
:109A80002323204D43526F6F744B65793A20202079
:109A900000000000232323232323204D434B454B69
:109AA00065793A2020202020000000002323232372
:109AB0002323204D434B65795F303A20202020201E
:109AC00000000000232323232323204D43417070F3
:109AD000534B65795F303A20000000002323232395
:109AE0002323204D434E776B534B65795F303A20EB
:109AF00000000000403E01082DE9F04F8DB0054602
:109B00000C461646984600200C9081460B900CE3BC
:109B1000285DFCF7EFFB2044B04202DD0DB0BDE84C
:109B2000F08F2046611CCCB2285C801E122872D2B5
:109B3000DFE800F00920869DF6F4F3F2F17171F090
:109B40007171EFEEEDEC0420FCF74CFD88B10421BF
:109B50000020FCF781FD2046611CCCB2295CFE4848
:109B600080F854142046611CCCB2295CFA4880F875
:109B70005514D9E200200690059004900390B9F1A5
:109B8000000F5CD14FF00109601E28440890601E50
:109B9000301AC0B28DF82400F04890F806018DF814
:109BA0002600EE4890F874008DF82500EB4890F8F8
:109BB00039008DF82700E94890F838008DF8280022
:109BC000E64890F860008DF82900E448D0F81401C8
:109BD000079003A804A9CDE90010E04991F84000DE
:109BE00005AB06AA07A903F00EFD0C909DF8300006
:109BF00000F0070007280CD19DF91810D74880F80D
:109C000039109DF9141080F838109DF8101080F864
:109C10006010002707E086E201220CA90320FCF770
:109C20003BFB781CC7B29DF80C00052190FBF1F0BE
:109C3000B842F1DC9DF80C00401E2044C4B273E22F
:109C40002046611CCCB2285C00F00F01C34880F8AC
:109C5000071190F807110120884081B2BF48A0F891
:109C60000A1100220BA90420FCF716FB5CE2072076
:109C70000C90285DC0F302108DF82500285D00F0DF
:109C80000F008DF82400601CC4B22046611CCCB2C9
:109C9000285C0A902046611CCCB2285C0A9A42EAF1
:109CA00000200A902046611CCCB2285C0A9A42EA45
:109CB00000400A9064210A9848430A90A74991F805
:109CC000400009A903F0E1FC0C909DF8300000F081
:109CD0000700072810D19DF82410A04880F86810CC
:109CE0009DF8241080F870100A9941660A99C1669F
:109CF0009DF8251080F861109DF830008DF82C003B
:109D000001220BA90520FCF7C7FA0DE2E7E1C5E146
:109D10009DE187E10FE1D6E07BE061E01CE0FFE739
:109D2000FF278D48D0F8480350B18B48D0F848033E
:109D3000006828B18849D1F8481308688047074669
:109D40008DF82C7008F03F008DF82D0002220BA931
:109D50000620FCF7A1FAE7E103200C902046611CE5
:109D6000CCB2285C40B28DF8280006A809902046A5
:109D7000611CCCB2285C06902046611CCCB2285CE9
:109D8000069A42EA002006902046611CCCB2285C6C
:109D9000069A42EA004006906421069848430690DD
:109DA000002007902046611CCCB2285C40B28DF8A0
:109DB00020006A4991F8400009A903F03AFCC0B2BA
:109DC0000C909DF8300040B2002808DB9DF8300070
:109DD0008DF82C0001220BA90720FCF75DFAA3E106
:109DE0002046611CCCB2285C00F00F070FB9781C2C
:109DF000C7B24FF47A7007FB00F158480165016D56
:109E000001F57A71416500220BA90820FCF744FA9C
:109E10008AE12046611CCCB22F5C00208DF828001E
:109E20008DF8290007F02000202802D101208DF8AC
:109E3000290007F01000102802D101208DF8280019
:109E400007F00F008DF82A00444991F840000AA954
:109E500003F050FC401CA8B39DF828103F4880F840
:109E600074109DF8291080F875109DF82A103C4A4E
:109E7000505C09F027FA01463848816702208DF8C6
:109E80002000364890F874008DF82200334991F88C
:109E9000400008A903F08DFB0790304890F9390085
:109EA000079949B2884203DD2C4890F9390001E056
:109EB000079840B2294981F8390000220BA90920EE
:109EC000FCF7EAF930E103200C902046611CCCB28B
:109ED000285C8DF824002046611CCCB2285C0A90D6
:109EE0002046611CCCB2285C0A9A42EA00200A9003
:109EF0002046611CCCB2285C0A9A42EA00400A90D3
:109F000064210A9848430A90144991F8400009A92D
:109F100003F044FBC0B20C909DF8300040B2002822
:109F200008DB9DF830008DF82C0001220BA90A20D7
:109F3000FCF7B2F9F8E00A20FCF754FB002870D0D7
:109F40000A210020FCF788FB002009900A90079066
:109F500008900590069005E028060020340B0020AC
:109F6000683B01082046611CCCB2285C0990204661
:109F7000611CCCB2285C099A42EA00200990204674
:109F8000611CCCB2285C099A42EA00400990204644
:109F9000611CCCB2285C099A42EA00600990204614
:109FA000611CCCB2285CADF82800BDF828004FF445
:109FB0007A7110FB01F0001200B2ADF82800DDE963
:109FC0000901CDE907015B4907980844079003A8F8
:109FD00005F01CFEDDE90301CDE905015648D0F886
:109FE0003C0300905448D0F8383303A8DDE9071249
:109FF00005F06EFE0498009001A8039BDDE90512B0
:10A0000005F0B1FDDDE90101CDE90701DDE9070159
:10A0100005F03AFEFCF719F90121474880F834149D
:10A0200000BF81E00D20FCF7DDFA78B10D210020A2
:10A03000FCF712FB404890F88404042806D03E4800
:10A0400090F88404052801D0FCF716F96CE000BFF5
:10A0500000BF2046611CCCB22F5C2046611CCCB2F4
:10A06000285C47EA00272046611CCCB2285C47EAFE
:10A070000047642047432046611CCCB2285C00F0B6
:10A080000F0B39465846FCF7F4F882468DF82CA0A1
:10A0900001220BA91120FCF7FFF845E00E20FCF788
:10A0A000A1FAD8B10E210020FCF7D6FA0027BA4653
:10A0B0002046611CCCB22F5C2046611CCCB2285CCF
:10A0C00047EA00272046611CCCB215F800A01B48C7
:10A0D000514602683846FCF7B7F800BF24E000BFDD
:10A0E0002046611CCCB22F5C2046611CCCB2285C9F
:10A0F00047EA00272046611CCCB2285C47EA0047AB
:10A10000642047433846FCF79BF818B101208DF8CE
:10A110002C0002E000208DF82C0001220BA9132056
:10A12000FCF7BAF800E0F9E400BFB442FFF6F0AC87
:10A1300000BFF3E4803DD512280600209C190020C2
:10A140002DE9F04FA3B01325FE4846680489B0F905
:10A150000AA090F90C90002700200690FA48D0F849
:10A16000D4B04FF00008012005900021F74880F896
:10A170003C14A0F880A480F8829490F8841480F8AD
:10A180008314002180F81F1480F81E1480F8211415
:10A19000C0F8241480F8281480F8291480F82A14B0
:10A1A000C0F82C140020E94981F81C040021E7487C
:10A1B000C0F8301480F83414E549C86A804700BFFD
:10A1C000E44807F0F5FB00BF21463046FCF758F89D
:10A1D00038B1DE48A0F876A480F8789423B0BDE8C2
:10A1E000F08FD94890F8040101281AD1FCF738F80B
:10A1F00050B10020FCF74AF80020FCF73EF804219B
:10A20000D24880F883140CE0FCF728F848B100200D
:10A21000FCF73AF80020FCF72BF80521CB4880F832
:10A2200083143846791CCFB2305C22909DF88800A8
:10A230004009012806D003287DD005287CD00728B6
:10A240007BD199E2112C06DA0121C04880F81D1457
:10A25000FFF71EFBC2E70796E0B28DF82000BA4870
:10A2600090F8180130B10121B84880F81D14FFF7AB
:10A270000FFBB3E704F000FD07AA01460290FF20A0
:10A28000FCF7A8FA0546002D63D19DF82510AE48CD
:10A29000C0F8D010D0F8D01007A8807A41EA002189
:10A2A000A948C0F8D010D0F8D01007A8C07A41EA69
:10A2B0000041A548C0F8D0100A99C0F8D4109DF804
:10A2C0002C00C0F30211A04880F861109DF82C000A
:10A2D00000F00F019C4880F868109DF82C0000F0F9
:10A2E0000F01994880F870109DF82D100165006DE0
:10A2F00010B90121944801659348016D4FF47A70BB
:10A30000414391480165016D01F57A714165002174
:10A3100080F816110DF12E002090A4F11100C0B2AA
:10A320008DF88400884991F8400020A902F046F891
:10A330000221854802E023E01DE03DE280F818118B
:10A340000120FCF74FF960B101210020FCF784F9EE
:10A3500007E00120FCF746F918B101210720FCF7BE
:10A360007BF97A4890F8850420F008000830774996
:10A3700081F8850427E20120744981F81C0400BF9C
:10A38000714890F875008DF87A00704890F82004B4
:10A3900040B28DF879000D208DF878006A4890F869
:10A3A0008000012802D10E208DF87800664991F8CE
:10A3B00040001EA903F0FDF81D90A4F10D0000B2AD
:10A3C000002801DA002002E0A4F10D0000B21D997E
:10A3D00009B2884201DC0C2C06DA01215B4880F8C6
:10A3E0001D14FFF755FAF9E61196E0B28DF8480012
:10A3F00059481A90FF208DF86C0011A8FDF7D6FC83
:10A4000030B10121514880F81D14FFF741FAE5E60B
:10A410004E481399C0F8301403A911A8F6F770FE3E
:10A4200030B10121494880F81D14FFF731FAD5E613
:10A430004FF000080020069000BF42E000EB400112
:10A4400001EBC0024049D83101EB82014968139AFF
:10A45000914234D100EB400101EBC0023A49D831BE
:10A4600001EB82018978012929D1884600EB40015E
:10A4700001EBC0023449D83101EB8201C978059162
:10A4800000EB400101EBC0022F49D83101EB820102
:10A49000096A0968069100EB400101EBC0022A49F4
:10A4A000D83101EB8201D1F804B0274991F80411A9
:10A4B000022903D10322254981F8832403E0411CAA
:10A4C000C8B20128BADB00BFB8F1010F14D19DF862
:10A4D0000C00032809D111A8007BC0F3401020B95B
:10A4E00011A8007BC0F3801030B10121174880F81B
:10A4F0001D14FFF7CDF971E615208DF8780012498B
:10A5000091F840001EA903F054F81D9006A904AA72
:10A510001D9880B2CDE9012100900B4811AA9DF849
:10A520000C10D0F814310598F7F7E2F80546DDB3C2
:10A53000072D24D10821054880F81D14024890F801
:10A5400016010BE09C190020340B00202806002087
:10A550003C3C0108C009002060080020D0B99DF8EB
:10A5600088000521B1EB501F14D1A948406B1C99FC
:10A5700088420FD10121A64880F83A100AE0082D40
:10A5800004D10A21A34880F81D1403E00121A14849
:10A5900080F81D149F480699C0F82C140699C0F83D
:10A5A0006414FFF775F919E6FFE711A800909DF80C
:10A5B00010205946DDE90503FCF77AFA05466DB12E
:10A5C000022D04D10B21934880F81D1403E00C21C7
:10A5D000904880F81D14FFF75BF9FFE500218D48D6
:10A5E00080F81D1480F81E8411A8007BC0F30011B0
:10A5F000884880F821140021C0F8241480F8281419
:10A600000699C0F82C140699C0F8641411A8007BB0
:10A61000C0F340117F4880F82A14002180F83914D3
:10A6200011A8007BC0F340117A4880F83C1490F8E0
:10A63000830420B1774890F88304012802D10020D8
:10A6400073498862B8F1010F04D10220714981F881
:10A650001C041CE09DF888000521B1EB501F0ED1B1
:10A6600001216B4880F83A1090F8160110B968483B
:10A670001C9941630120674981F81C0407E000210F
:10A68000634880F83A100020624981F81C0461494F
:10A6900091F8382491F88304149903F043F89DF855
:10A6A0000C0030B1012821D0022832D0032851D12A
:10A6B00040E0584890F88304009011A8007B00F017
:10A6C0000F024B46002115A8FFF716FA9DF86410FB
:10A6D000504880F81F141A99C0F824149DF86C1083
:10A6E00080F82814012180F829143AE0494890F8AC
:10A6F0008304009011A8007B00F00F024B4600215C
:10A7000015A8FFF7F9F99DF86410424880F81F1466
:10A7100027E0404890F8830400909DF86C204B4659
:10A7200000211A98FFF7E8F99DF86410394880F87D
:10A730001F1416E09DF86410364880F81F141A990B
:10A74000C0F824149DF86C1080F82814012180F8BA
:10A75000291406E001212F4880F81D14FFF798F80E
:10A7600000BF00BF2B4890F8850420F00200801C39
:10A77000284981F8850426E0E01B82B2F1192648B9
:10A7800007F016FD0320234981F81C04002121480D
:10A7900080F81D1420481F49C1F82404E01BC1B2F1
:10A7A0001C4880F8281490F8850420F00200801CD2
:10A7B000184981F8850406E00121164880F81D1427
:10A7C000FFF766F800BF00BF124890F81404012894
:10A7D00008D1104890F83C0401280BD10020FEF766
:10A7E000C1F907E00A4890F80401022802D10020CC
:10A7F000FEF7B8F9074890F8850420F020002030D3
:10A80000044981F8850407F045F900BFE6E400003B
:10A81000340B0020280600206008002010B5062117
:10A820000520FAF7B5FB10BD10B504210320FAF797
:10A83000AFFB10BD00B58DB0434890F8040102286D
:10A8400002D04249C86A804700BF4148D0F8B013DF
:10A8500000F5607007F040F800BF00BF3D4807F00A
:10A8600057F800BF00BF3A48D0F8B41300F566703F
:10A8700007F032F800BF00BF3648183007F048F83C
:10A8800000BF314890F80401022804D0304890F805
:10A89000140401281AD116208DF82C002A4991F8A9
:10A8A00040000BA902F085FE0A9000BF2848D0F8AE
:10A8B000B4030A9A81182748783007F00DF800BFD2
:10A8C00000BF2448783007F023F800BF2248016811
:10A8D0001D48C1621E4890F815048DF814001E48EA
:10A8E0000068069003A805F0BDF91748D0F81001DC
:10A8F00000901548D0F80C3101A8DDE9031205F0ED
:10A90000E7F9DDE90101CDE908011148D0F81804A3
:10A91000079001208DF815000B4890F8180110B928
:10A9200000208DF81500084991F8400005A902F0B3
:10A93000B7FE074890F8140418B90021044880F8BD
:10A9400039140DB000BD0000340B00203C3C010860
:10A9500028060020A80900206401002010B5114835
:10A9600090F80401022802D00F49C86A804707F016
:10A9700091F802210D4880F839140220FBF784FE7B
:10A980000A4890F81404012802D1084981F81304F8
:10A99000064890F8850420F020002030034981F813
:10A9A000850410BD340B00203C3C01082806002023
:10A9B00010B504462046F6F75FF810BD10B5044602
:10A9C0002046F6F79DF810BD10B5F6F79FF810BDBC
:10A9D00010B5F6F79DF810BD10B5F6F7CAF810BD22
:10A9E00010B5F6F7C8F810BDF0B587B004460E46AE
:10A9F000254903C9CDE905012349083103C9CDE93A
:10AA0000030121481030D0E900128068CDE900121E
:10AA100002900027B6F5007F0DD1002008E005A9BF
:10AA200031F81010A14202D35DF8207002E0401C02
:10AA30000328F4D30DE0002008E003A931F810103A
:10AA4000A14202D35DF8207002E0401C0328F4D339
:10AA500000BF0E48006820F0070038430B4908602B
:10AA6000F8F7BAF8054607E0F8F7B6F8401B0228F1
:10AA700002D9032007B0F0BD0448006800F00700C9
:10AA8000B842F1D10020F5E7CC360108004000586B
:10AA90002DE9F04104460D48C4F3031150F821603C
:10AAA000FAF7DAFBC0F30310094951F82000B6FBAE
:10AAB000F0F5F8F7A5F980460648B5FBF0F74146F2
:10AAC0003846FFF791FFBDE8F081000088370108A4
:10AAD0002837010840420F007047704703464FF087
:10AAE000FF30704700207047002070474FF0FF3064
:10AAF000704710B503460020401E10BD70477047D8
:10AB0000704710B503464FF0FF3010BD10B5034637
:10AB10000020401E10BD000010B50248F9F76AF889
:10AB200010BD0000E802002002460023114603E0A9
:10AB30005B1CA1F10A00C1B20A29F9D2180741EA47
:10AB40001060704770B5054600261148006800F097
:10AB50004000D0B90E48006840F080000C49086001
:10AB6000F8F73AF8044609E0F8F736F8001BB0F5B4
:10AB70007A7F03D90326032085F82D000448006856
:10AB800000F0400008B9032EEED1304670BD000041
:10AB90000C28004070B5044600251748006820F0D6
:10ABA00080001549086014480C30006800F020004F
:10ABB00040B92046F9F73CFAE0B1032084F82D00B3
:10ABC000032517E00C480C30006820F020000A49EB
:10ABD0000C3108602046F9F72BFA18B1032084F8ED
:10ABE0002D00032504480C30006840F02000024985
:10ABF0000C310860284670BD0C2800400146012039
:10AC00007047F0B50646DDE905450BB9082000E0C0
:10AC1000002000EBC2001830012D01D1022700E016
:10AC20000027274400EBC700F0BD000001460020CC
:10AC30000B2922D2DFE801F0060C12181B1D1F2180
:10AC4000090F150041F6846017E042F6B10014E0E8
:10AC500043F6095011E045F261100EE047F612206C
:10AC60000BE04AF2C32008E04FF2244005E004481C
:10AC700003E0044801E0044800BF00BF7047000043
:10AC800048E8010090D0030020A107002DE9F04F13
:10AC9000044617461D46DDE909C807F104094FF0CF
:10ACA000000A052901D0062902D10C2D00DA0C2555
:10ACB0001CB90B2905D00C2903D0012C03D10C2978
:10ACC00001D14FF0010A0B9808B1102000E00020DC
:10ACD00000EBC8004FF0040B0BFB1100BCF1000FA0
:10ACE00002D04FF0000B01E04FF0140B00EB0B0310
:10ACF000062901D88A0007E00833BAF1010F02D112
:10AD0000881E820000E08A00002B00DA00239818D9
:10AD1000401E90FBF2F000FB095000F10C060629E2
:10AD200000D8B61CB000401CA1F1020B4FF0010E80
:10AD30000EFA0BFE00FB0EF0BDE8F08F10B503F02D
:10AD400075F8042804D0052804D0072806D103E0AC
:10AD5000022010BD0120FCE70320FAE70020F8E7FD
:10AD600010B503F0CCF8C01C10BD000038B5044687
:10AD70002148046000202149487048608860886547
:10AD80001F4803F021F900211C48417300201B4992
:10AD9000087303F08AFB0021084603F0A9F9042296
:10ADA0000021012003F0CEFC00231A464FF6FF716C
:10ADB000084603F0E1F901F03DFA00BF0020114B15
:10ADC0000246411E0090104806F0DEFC00BF00BFA6
:10ADD00000200E4B0246411E00900D4806F0D4FCA8
:10ADE00000BF00BF084806F0E3FD00BF00BF0848F1
:10ADF00006F0DEFD00BF38BDFC0100200C1D002068
:10AE000035B2000875B20008681D002049B200087C
:10AE1000801D00207CB5002001900090C548B0F84E
:10AE2000540020286FD00CDC04286DD004DC0128ED
:10AE300012D0022869D129E0082867D01028F9D15A
:10AE400032E140287ED080287DD0B0F5807F7BD055
:10AE5000B0F5007FEED1A2E000BFB74806F0A8FD34
:10AE600000BF002003F0F8FBFFF73EFE012801D1F0
:10AE7000FFF733FEB148006838B1B0480068006899
:10AE800018B1AE4909680868804750E100BFAC4876
:10AE900006F08EFD00BFA748407890B9002003F06F
:10AEA000DBFB002140F6021003F02CFD40F64410BD
:10AEB00003F0EEF840F00204214640F6441003F09F
:10AEC00021FDFF2201A99F4803F002F89948243090
:10AED00002F0B2FF99480068B8B3984800688068EB
:10AEE00098B3944890F82400012810D1914890F923
:10AEF000313090F93020914800689DF80410846842
:10AF00009048A04729E0D8E081E00FE1BDE0894901
:10AF1000C86B694602F026FF0098002802DD4FF456
:10AF20007A7001E04FF47A70009901EB60004FF401
:10AF30007A7190FBF1F044B27E4890F929207F4865
:10AF4000006803E0D8E00AE019E007E023469DF836
:10AF5000041085687B48A84700BF00BFE7E00020D9
:10AF600003F07AFB7548006840B174480068806956
:10AF700020B172480068816900208847D7E000202E
:10AF800003F06AFB6D48006840B16C480068806956
:10AF900020B16A480068816901208847C7E000BF86
:10AFA00069A301220021022006F0BCF900BF02F0D3
:10AFB0003DFF042813D100BF5F4806F0F9FC00BF35
:10AFC000002003F049FB5D480068F8B15B48006869
:10AFD0004068D8B1594909684868804716E002F0CE
:10AFE00025FF052812D100BF554806F0E1FC00BF3F
:10AFF000002003F031FB5148006838B14F48006829
:10B00000C06818B14D490968C86880478FE000BF23
:10B0100052A301220021022006F084F900BF454816
:10B02000806D88B34348806DC0F307414E48426C41
:10B0300040F6031090473F48B0F85800C0F307218E
:10B040004948426C40F6041090473A4890F858102E
:10B050004548426C40F6051090474348816C40F6E5
:10B060000210884740F001043F482146426C40F6F8
:10B070000210904700202F49886500231A4640F2AD
:10B080006221084603F078F851E000BF37A301229F
:10B090000021022006F046F900BFFFF723FD01283A
:10B0A00001D1FFF72BFD42E000BF33A301220021B5
:10B0B000022006F037F900BF39E000BF204806F053
:10B0C00077FC00BF1B48407810B9002003F0C4FA99
:10B0D0001A48006878B119480068C06858B1174923
:10B0E0000968C868804700BF26A30122002102200A
:10B0F00006F018F900BF1AE000BF25A301220021C5
:10B10000022006F00FF900BF0A48407810B900206D
:10B1100003F0A2FA0948006838B1084800680069DD
:10B1200018B1064909680869804700E000BF00BF00
:10B130007CBD00000C1D0020681D0020FC010020CB
:10B14000801D00200C1C00204952515F52585F5452
:10B15000585F54494D454F55540D0A0050524520F3
:10B160004F4B0D0A000000003C3C010853594E4370
:10B17000204F4B0D0A000000484452204F4B0D0A4F
:10B1800000000000484452204B4F0D0A0000000010
:10B190004952515F4352435F4552524F520D0A008C
:10B1A0002DE9F04F8BB007460C4615461E464FF072
:10B1B00001084FF000094FF0000A01F04BF80020A1
:10B1C00000F006FA384600F0DFF901200021069170
:10B1D0000791CDE9081002910391049103200B46D9
:10B1E0004FF41672CDE9004005912146002000F091
:10B1F00059FA002000F076F8FFF7B2FD8346F7F722
:10B200008CFA06F0E1FA824608E0002000F065F8CA
:10B210008146A94502DD4FF0000804E0504606F0E3
:10B22000DFFAB042F1D300BF01F014F840460BB092
:10B23000BDE8F08F10B504460248A0F85440FFF76F
:10B24000E9FD10BD0C1D002010B5044600F002F809
:10B2500010BD000010B50648006838B10448006809
:10B26000C06818B102490968C868804710BD00006D
:10B27000FC01002010B5044600F002F810BD0000EB
:10B2800010B50648006838B104480068406818B135
:10B29000024909684868804710BD0000FC01002091
:10B2A00010B5002400231A461946184602F064FF20
:10B2B00002F027FE0446204610BD10B50446204685
:10B2C00002F0E6FE10BD70B504460D461646324645
:10B2D0002946204602F0EAFE70BD10B5044602F091
:10B2E00044FE10BD10B50446FFF7FCFB012802D157
:10B2F000FFF7FCFB06E000231A4640F262210846F5
:10B3000002F03AFF54B100BF2146104806F0E4FABB
:10B3100000BF00BF0D4806F0FBFA00BF00200C493B
:10B32000886591F85600002103F0B1F9084840788B
:10B33000012804D16FF07F4003F018F904E00449BC
:10B340008968880103F012F910BD0000801D0020FB
:10B350000C1D002010B50446FFF7C4FB012802D1E4
:10B36000FFF7C4FB06E000231A4640F262210846BC
:10B3700002F002FF54B100BF2146104806F0ACFABB
:10B3800000BF00BF0D4806F0C3FA00BF00200C4903
:10B39000886591F85600002103F079F90848407853
:10B3A000012804D16FF07F4003F0F6F804E004496F
:10B3B0008968880103F0F0F810BD0000801D0020AE
:10B3C0000C1D0020F8B506460C4600231A4640F234
:10B3D0000121084602F0D0FE624991F85600012191
:10B3E00003F055F95F480078012810D15D4890F8C6
:10B3F000510006280BD140F6890002F049FE20F0EA
:10B400000405294640F6890003F07CFA0AE040F67C
:10B41000890002F03DFE40F00405294640F689000F
:10B4200003F070FA4F48007805286FD2DFE800F08B
:10B430000F030E3C4A004B48C4770E3002F096FFD3
:10B4400000222146304602F047FE7CE000BFFFF7B5
:10B4500049FB01281DD16A4621463046FFF751FBC2
:10B4600068B99DF800103F4881750E3002F07EFFEC
:10B4700000229DF80010304602F02EFE08E000BFCA
:10B4800039A301220021022005F04CFF00BFF8BDC6
:10B4900009E0344884750E3002F068FF002221462E
:10B4A000304602F019FE4EE002202E49887308460D
:10B4B00084760E3002F05AFF00222146304602F018
:10B4C0000BFE40E0224631462D4806F0D7FF022011
:10B4D00024498873601CC1B2224881760E3002F084
:10B4E00045FF0021F12000F035FF0021F02000F0A1
:10B4F00031FF1C48806C642809D17021F32000F0D2
:10B5000029FF1D21F22000F025FF08E01AE0E121CB
:10B51000F32000F01FFF0421F22000F01BFF0220A7
:10B5200000EBC405290AF42000F014FFE9B2F5206D
:10B5300000F010FF601CC1B26FF07F42104802F0B3
:10B54000CBFD00E000BF00BF00BF064841680D48CA
:10B5500006F0C2F900BF00BF0A4806F0D9F900BFE3
:10B5600000BF94E70C1D0020526164696F53656E43
:10B5700064204F76657273697A650D0A00000000D9
:10B580000C1C0020681D002010B50446204602F067
:10B590009DFF10BD70B505460C46012D07D10A4828
:10B5A00004700A48C4770E3002F0E0FE0AE0074853
:10B5B000407D012806D104480470044884750E308B
:10B5C00002F0D4FE70BD0000F80100200C1D002028
:10B5D00010B50446214804702046FFF791FA062C66
:10B5E00004D2DFE804F00B1204232A3100BF032049
:10B5F00002F03CFF0021194841732CE0002002F0CA
:10B6000035FF00211548417325E0012002F02EFF8F
:10B610001248407B1149097B884206D00F48017BC4
:10B6200041730146487B00F01BF814E0022002F051
:10B630001DFF0021094841730DE0022002F016FFB2
:10B6400000210648417306E0002002F00FFF0021B0
:10B650000248417300BF00BF10BD00000C1D002058
:10B6600010B504460E48047344730120FFF7B0FF81
:10B67000012C0AD134214FF4E86003F043F944214E
:10B6800040F2417003F03EF909E014214FF4E86004
:10B6900003F038F9242140F2417003F033F910BD72
:10B6A0000C1D00202DE9F04F85B082460E46144651
:10B6B0009B46DDE910890F9FBF4917984870FFF737
:10B6C0000BFA1798012801D14FF00008B9F1010FCA
:10B6D00003D1BA491298087002E0FF20B7490870F8
:10B6E000BAF1000F7ED0BAF1010F7CD0BAF1050F8C
:10B6F0007AD1012002F0C4FF0020AF4981F8380060
:10B700000846C463092180F844104FF4487101646D
:10B71000304602F073FB0146A74880F84510002030
:10B72000A54988734FF6FF7000EAC701A24801825D
:10B73000002181741021C1740021017541759F4859
:10B7400001789D4881750121C17500210176052090
:10B75000FFF73EFF9848383002F052FD96480E3011
:10B7600002F004FE96A103C9CDE9030103A802F08B
:10B77000A4FF40F2FF1003F07BF840F6B800FFF79B
:10B780009CFD054625F01005294640F6B80000F05E
:10B79000E1FD042140F6B90000F0DCFD40F69B001D
:10B7A000FFF78BFD054625F01C0545F0080140F626
:10B7B0009B0000F0CFFD40F2D160FFF77EFD054613
:10B7C00025F0180545F0180140F2D16000F0C2FDE7
:10B7D00040F2AC60FFF771FD054625F0700545F0BD
:10B7E000500102E00FE066E0E1E040F2AC6000F002
:10B7F000B1FD4FEAC8004FF47A714843B0FBF4F052
:10B800006D498860D4E0002002F03AFF00206A49C8
:10B8100081F838000846C4630B2180F84410304694
:10B8200002F0ECFA0146644880F8451000206249B5
:10B8300088734FF6FF7000EAC7015F480182042158
:10B8400081741821C1740021017589F001014175CD
:10B850005A480178584881751398012803D1F2217C
:10B860005548C17502E001215348C1750121524874
:10B87000017600F0EFFC0020FFF7AAFE4E483830BA
:10B8800002F0BEFC4C480E3002F070FD4EA103C920
:10B89000CDE9010101A802F010FF40F2FF1002F013
:10B8A000E7FF4FEAC8004FF47A714843B0FBF4F069
:10B8B000414988607CE0002002F0E2FE01203E4920
:10B8C00081F83800084680F850404148815D3A4888
:10B8D00080F8511080F852B01EB90B2C05D00C2CFA
:10B8E00003D0012E06D10C2C04D10121324880F85E
:10B8F000531003E00021304880F8531001202E49F6
:10B900008873084690F85000052804D0084690F83F
:10B910005000062808D10C2F03DA0C212648818319
:10B9200004E02548878301E023488783224880F884
:10B930001E90224801782048C177139980F8201082
:10B94000169980F8211000F085FC0120FFF740FED9
:10B950001948383002F054FC17480E3002F006FD4A
:10B9600008F0FF0002F02DFC134890F82100012898
:10B970000CD140F2367002F08BFB20F0040001463F
:10B98000009040F2367002F0BDFF0BE040F23670DE
:10B9900002F07EFB40F004000146009040F2367059
:10B9A00002F0B0FF4FF6FF700349886000E000BF6F
:10B9B00000BF05B0BDE8F08F0C1D0020F80100208D
:10B9C000B227000000000000C194C1000000000088
:10B9D000C03C010870B504460D46022000FB04502F
:10B9E0000949886500231A464FF6FF71084602F0A0
:10B9F000C3FB054991F85600002102F048FE294694
:10BA0000204602F0E5FD70BD0C1D00202DE9F04739
:10BA100086B080460C4615461E464FF000090020B1
:10BA200004900590FFF758F805B100260DB10120EC
:10BA300000E00020A4494870B8F1000F03D0B8F12D
:10BA4000010F78D1A9E0A06808B1E06820B94FF0F3
:10BA5000FF3006B0BDE8F087A07F082802DD4FF078
:10BA6000FF30F6E7A27F04A8216905F077FD216881
:10BA700009B1012100E00021084602F001FE00208A
:10BA8000914981F83800241D8F486168C163217F86
:10BA900080F84410206802F0B1F901468A4880F825
:10BAA00045100020884988734FF6FF71A06801EAAD
:10BAB000C00185480182E17E8174A07EC006010E2E
:10BAC0008148C174617F0175A07F241F18B9217D51
:10BAD0007D4881750AE094F82200022803D1FF21F5
:10BAE0007948817502E0FF217748817594F8240038
:10BAF000022803D094F82200022825D194F82300CC
:10BB0000F1280AD094F82300F22806D094F82300F4
:10BB1000012802D04FF0FF309BE700208DF80C0089
:10BB200002946A4A6A48016801A8FEF7D7FF18B173
:10BB30004FF0FF308DE7C3E000216348017601211B
:10BB4000C1750021417508E0223461785E48C175F5
:10BB5000A178017614F82219417500F07BFB0020D2
:10BB6000FFF736FD5848383002F04AFB56480E3091
:10BB700002F0FCFB04A802F0A0FDA08B02F078FE0E
:10BB8000208B02F0CFFA4FF47A707043C000A168A6
:10BB9000B0FBF1F04C49886093E0208E10B94FF073
:10BBA000FF3056E73220005D012801D1277D00E0FB
:10BBB000FF27A16A09B1012100E00021084602F037
:10BBC0005FFDF0B202F0FDFA01203F4981F8380034
:10BBD0002C20015D3C4880F850102D20015D3A4832
:10BBE00080F851102E20015D374880F852102F2028
:10BBF000005D20B1012807D002281CD109E00021F6
:10BC0000314880F8531017E001212F4880F8531075
:10BC100012E02C20005D0B2803D02C20005D0C28A6
:10BC200004D10121284880F8531003E00021264860
:10BC300080F8531000E000BF00BF01202249887344
:10BC4000218E214881833220015D1F488177C7778B
:10BC50003420015D1C4880F820103520015D1A4811
:10BC600080F8211000F0F6FA0120FFF7B1FC164829
:10BC7000383002F0C5FA14480E3002F077FB124853
:10BC800090F8210001280BD140F2367002F000FA42
:10BC900020F0040A514640F2367002F033FE0AE00A
:10BCA00040F2367002F0F4F940F0040A514640F2D6
:10BCB000367002F027FE4FF6FF700349886000E0FF
:10BCC00000BF00BF4846C4E60C1D0020801D0020B8
:10BCD000FC0100202DE9FC5F0746884691461D4681
:10BCE000DDE90FAB0E9E0C9CFEF7F6FE27B1012F8F
:10BCF0004BD0042F7DD19CE000205E4981F83800B4
:10BD00000846C4630B2180F84410284602F076F8F8
:10BD10000146584880F84510C0F840900020554929
:10BD200088734FF6FF7000EAC60152480182042171
:10BD300081741821C174002101758AF001014175D7
:10BD4000BBF1010F02D1F221C17502E00121494886
:10BD5000C17501214748017600F07CFA0020FFF709
:10BD600037FC4448383002F04BFA42480E3002F0BB
:10BD7000FDFA41A103C9CDE90001684602F09DFC2E
:10BD800040F2FF1002F074FD64E00120394981F8AF
:10BD90003800084680F850403948415D354880F801
:10BDA00051100D9980F852101DB90B2C05D00C2C98
:10BDB00003D0012D06D10C2C04D101212D4880F88F
:10BDC000531003E000212B4880F85310012029492B
:10BDD0008873084690F85000052804D0084690F86B
:10BDE0005000062809D10C2E04DA0C212148818349
:10BDF00005E02EE01F48868301E01E4886831D482B
:10BE000080F81EA01F4801781A48C17780F820B03A
:10BE1000139980F8211000F01DFA0120FFF7D8FBDC
:10BE20001448383002F0ECF912480E3002F09EFA55
:10BE300010E00420FFF7CCFB02200E4981F8380007
:10BE400008468464162180F84C10383002F0D8F986
:10BE500000E000BF00BF404602F068FB054981F8E2
:10BE6000560091F85600FEF74AFE024914984860C1
:10BE7000BDE8FC9F0C1D0020C194C1000000000023
:10BE8000C03C0108F80100202DE9F04106460C46AF
:10BE900015464FF47A7005FB00F7304602F016FBAA
:10BEA000204602F043FB80460121404602F0EFFBB2
:10BEB00002F03AFC00BF3946054805F00DFD00BF11
:10BEC00000BF034805F024FD00BFBDE8F08100007D
:10BED000681D00202DE9F04385B006460C46174644
:10BEE0009846002003900490FEF7F6FD002E70D0D7
:10BEF000012E6FD0022E6ED0032E6DD1A07C0828AB
:10BF000003DD301F05B0BDE8F083A27C03A8A16863
:10BF100005F024FB206810B94FF0FF30F2E742F241
:10BF20001071206888420CD802250320BE4988730E
:10BF300081F83800BC482168C163E17C80F8441076
:10BF40000FE000250020B849887381F83800B64812
:10BF50002168C163E17C80F8441020688108B24800
:10BF600001644FF6FF71606801EAC001AE480182CA
:10BF700004218174A07CC006010EAB48C17400216D
:10BF80000175A07D022802D0207D022825D1607D88
:10BF9000F12808D0607DF22805D0607D012802D00C
:10BFA0004FF0FF30AEE7009401208DF808009F4A63
:10BFB0009F4801686846FEF791FD10B14FF0FF30D1
:10BFC000A0E70021984801760121C1750021417543
:10BFD0000AE020E094E0FCE015E1617D9248C17543
:10BFE000A17D0176217D417500F034F92846FFF7E7
:10BFF000EFFA8D48383002F003F98B480E3002F02A
:10C00000B5F903A802F059FB208A02F031FCA0899F
:10C0100002F088F8F8E0206810B94FF0FF3071E7BF
:10C02000A07C082802DD4FF0FF306BE7A27C03A85C
:10C03000A16805F093FA00207B4981F838007A481E
:10C040002168C163E17C80F84410A169016400208B
:10C05000754988734FF6FF71606801EAC001724844
:10C06000018204218174A07CC006010E6E48C17457
:10C0700000210175A07D022802D0207D022821D157
:10C08000607DF12808D0607DF22805D0607D012810
:10C0900002D04FF0FF3035E701208DF80800009402
:10C0A000624A634801686846FEF718FD10B14FF018
:10C0B000FF3027E700215C4801760121C17500218E
:10C0C000417506E0617D5848C175A17D0176217DED
:10C0D000417500F0BFF80020FFF77AFA5248383077
:10C0E00002F08EF850480E3002F040F903A802F03A
:10C0F000E4FA208A02F0BCFBA08902F013F883E086
:10C100000120494981F838002178474880F85010CB
:10C11000617880F85110A17880F85210E07820B151
:10C12000012807D002281AD109E000213E4880F8F2
:10C13000531015E001213C4880F8531010E020789E
:10C140000B2802D020780C2804D10121364880F831
:10C15000531003E00021344880F8531000E000BF82
:10C1600000BF012030498873A1882F488183A179BD
:10C170008177E17980F82010217A80F8211000F091
:10C1800069F80120FFF724FA2748383002F038F820
:10C1900025480E3002F0EAF8234890F851000628AE
:10C1A0000BD140F6890001F073FF20F004094946E5
:10C1B00040F6890002F0A6FB0AE040F6890001F093
:10C1C00067FF40F00409494640F6890002F09AFBF7
:10C1D0001AE0206818B12068B0F57A7F02D94FF0D4
:10C1E000FF308FE60320FFF7F3F902200E4981F8B4
:10C1F00038000D4821688164162180F84C103830D1
:10C2000001F0FEFF00E000BF00BF384602F08EF9EB
:10C21000054981F8560091F85600FEF770FC024877
:10C22000C0F8048000206DE60C1D0020681D002071
:10C23000FC01002008B5002000909DF8000020F0CF
:10C240000400001D0090009802F0E2F90220F6F7C9
:10C2500064FA08BD10B5002002F0FEF910BD000020
:10C2600010B5084991F85600002102F010FA002399
:10C270001A464FF4C071084601F07EFF01F046FFF8
:10C2800010BD00000C1D00202DE9FE4F81460E461A
:10C2900015461F46DDE90EAB4FF000080124B9F149
:10C2A000000F03D0B9F1010F21D10DE0CDE900ABB2
:10C2B00039462846DDE90C23FEF7A3FC4FF47A71DA
:10C2C00000FB01F82C4613E00D988DE8010C3A466E
:10C2D000294630460C9BFEF7D9FC4FF47A7100FBDF
:10C2E00001F80749885DFEF7A1FC044600E000BFA5
:10C2F00000BF08EB0400401EB0FBF4F0BDE8FE8F69
:10C30000C03C010870B50446204602F00FF905460E
:10C310000121284602F0BBF902F006FA70BD0000C8
:10C3200010B5094991F85600012102F0B0F907480B
:10C330002D21426C4FF4D760904702F0FCF904487D
:10C3400002F0DCF910BD00000C1D00203C3C01088F
:10C35000FFFF0F0070B504460D462946204602F047
:10C36000D1FA70BD70B504460D46164632462946D0
:10C37000204602F0D3FA70BD70B50446FEF72CFBE0
:10C3800001280DD140F6231001F082FE054625F06C
:10C39000060545EA040140F6231002F0B3FA00BF97
:10C3A00070BD70B504460D461646022C04D13146C8
:10C3B000284600F024F870BD0020FCE770B5054663
:10C3C0000C46022D03D1204600F020F800E000BF0B
:10C3D00000BF70BD2DE9F04105460E4614461F46CC
:10C3E000022D06D13A462146304600F03FF8BDE81E
:10C3F000F081E0B2FBE7034603FB02107047024600
:10C40000002A01DA002070471046FCE730B50179B8
:10C41000102900D030BD0168C97B012900D0F9E79F
:10C42000002100221CE003689B5C0F4C246804F58B
:10C43000906424F811300C4B1B6803F5906333F8BB
:10C440001140531C0568EB5C44EA0324064B1B684F
:10C4500003F5906323F811404B1CD9B2931CDAB258
:10C460000529E0DD00BFD5E74401002010B50446F2
:10C47000881A43B2002B00DA0023D8B210BD0000A6
:10C4800010B50446207910B1012812D108E0062227
:10C490000A482168006800F5906000F0A6FC0AE0F8
:10C4A000062206482168006800F28C4000F09DFCDE
:10C4B00001E0002010BD00BF0120FBE74401002087
:10C4C0002DE9FC4705460E4617461C464FF000086E
:10C4D000052D01DA284600E00520607094F901007E
:10C4E0000F4900F022FEA07094F901200C4B53F884
:10C4F00022100C4B985C00F061FD80460A49C86D23
:10C500008047814604F10C00011F4B463A46CDE9B5
:10C5100000103146404600F0B8FCBDE8FC87000042
:10C52000E03A0108D83A01083C3C010801464FF0C6
:10C53000FF3070471FB504460020039020783A284A
:10C5400077D2DFE800F0D01D20D0D0D023D03AD071
:10C550003D4043464C5255595D6165696D777A7D22
:10C5600080868C8F9396999C26D0D0D0D0D0D0D076
:10C57000D0D0D0D0D0D09FA6B0B3D0B6BDC0C3C9A4
:10C5800000200390B0E000200390ADE00020039075
:10C59000AAE0574A07CA8DE8070060788DF80000C6
:10C5A0005448006800F5906001905248006802907D
:10C5B000684600F0D0FD039096E00020039093E0E1
:10C5C0000020039090E0402003908DE02020039015
:10C5D0008AE094F901004849085C039084E094F9EA
:10C5E00001004649085C03907EE0002003907BE058
:10C5F00040F6B830039077E04FF47A70039073E020
:10C600004FF4FA6003906FE041F2883003906BE0E2
:10C6100041F27070039067E04FF48040039063E054
:10C620004FF47A71484205F0FFFF00F5FA6003907D
:10C630005AE058E00020039056E03148039053E060
:10C640000020039050E02B48006800F590600390B4
:10C650004AE02848006800F28C40039044E06020E3
:10C66000039041E02348006803903DE000200390E0
:10C670003AE00020039037E02248039034E022485B
:10C68000039031E02079214A2149FFF7B4FE03905D
:10C690002AE013208DF80C0003208DF80D000120F6
:10C6A0008DF80E0020E0022003901DE0082003908A
:10C6B0001AE02079154A1649FFF79DFE039013E012
:10C6C0000220039010E0082003900DE094F901008F
:10C6D0001049085C039007E094F901000E4900F04E
:10C6E00024FD039000E000BF00BF039804B010BD1C
:10C6F000443B010844010020F83A0108FE3A0108D1
:10C7000020441E1E333399419A990940400D03007D
:10C71000E00A4C1ED83A0108E03A010810B586B08C
:10C72000044618223A496846F3F72AFE207A20B1D7
:10C7300001285CD0022866D15AE0206808B1606800
:10C7400008B906B010BD33492068086032496068F6
:10C750000860182269462F48006805F029FD00206E
:10C760001DE040F6354141432C4A02EB811100EBBC
:10C770004002294B1B6843F82210502100EB400275
:10C78000254B1B6803EB82021172002100EB400273
:10C79000214B1B6803EB82025172411CC8B2602816
:10C7A000DFDB4FF6FF701C490968A1F88C040146D5
:10C7B00019480068A0F88E1417480068A0F8901473
:10C7C00015480068A0F8921413480068A0F8941463
:10C7D00011480068A0F8961406220F48016801F27B
:10C7E0008C41006800F5906000F0FFFA0CE000BF9B
:10C7F00006220948016801F28C41006800F590604A
:10C8000000F0F3FA00E000BF00BF00BF99E70000AE
:10C81000503B010840010020440100206035081C05
:10C820002DE9F04F91B004460F4690469946DDF849
:10C8300068B0072500200F901090824600260C90CB
:10C840000D900E9006225948016801F590610CA8E0
:10C8500000F0CBFA47E0616888190FA900F03BFDB2
:10C860008246BAF1000F00D140E006EB0A00C6B2E2
:10C8700007259DF83F0006280ED14FF6FF70ADF852
:10C880003000ADF83200ADF83400ADF83600ADF848
:10C890003800ADF83A0026E09DF83F00072802D1A5
:10C8A00005F0FE051FE0002014E0BDF84010012255
:10C8B0008240114061B19DF83F1000EB011101EB86
:10C8C00041013A4A126852F8211009B905F0FE05F3
:10C8D000411CC8B21028E8DBBDF840009DF83F10AD
:10C8E0000CAA22F81100207AB042B4DC00BF02206A
:10C8F0008DF82800607A8DF82A000AA8FFF71AFE42
:10C9000009908DF80850A07A8DF809009DF83D0037
:10C910008DF80A009DF83E008DF80B009DF83C0054
:10C920008DF80C00E07A8DF80D00207B8DF80E005C
:10C93000607B40B28DF80F0060208DF810000CA8CD
:10C940000590099840B28DF8180005208DF819005F
:10C9500016480068079007208DF8200000208DF809
:10C960002100206801900FAB9A1C511E01A800F015
:10C9700061FC0546072D07D106220CA90B4800686B
:10C9800000F5906000F031FA9DF83D0038709DF898
:10C990003E0088F800009DF83C0089F800008BF804
:10C9A0000060284611B0BDE8F08F0000440100206F
:10C9B00001464FF0FF3070472DE9F041AAB0044620
:10C9C0000D4616461F46002029902890602110A889
:10C9D000F3F708FD4FF00C080622002135480068E7
:10C9E00000F5906000F014FBD0B94FF6FF703149AC
:10C9F0000968A1F8800401462E480068A0F8821456
:10CA00002C480068A0F884142A480068A0F886140E
:10CA100028480068A0F8881426480068A0F88A14FE
:10CA2000607A8DF80800207A8DF8090021480068A6
:10CA300000F5906003901F48006804901E4800684D
:10CA400005906020ADF8180000200790206808903D
:10CA500060680990A07A8DF8280001208DF82900DF
:10CA6000D4E90301CDE90B01207D8DF83400E18A82
:10CA700094F90800F4F70CFF0E9002A80F9028A874
:10CA800029AB10AA3946CDE9000608A800F087FBBB
:10CA90008046B8F1000F08D19DF8A400411E002087
:10CAA00005F0C2FD10A9085C287040462AB0BDE818
:10CAB000F081000044010020400100202DE9F041F8
:10CAC0008CB004460E4694F901500027B8466068C1
:10CAD0000B9023494868804718B100200CB0BDE88E
:10CAE000F081E07C18B90AA90BA805F021FD1D48CA
:10CAF000405D4FFA80F81A48C1680B988847A07CBF
:10CB0000012100220692CDE907210990208980B2F7
:10CB1000CDE90202049208200592CDE90020A17817
:10CB20000F4801234246D0F818C01846E047607C01
:10CB3000012802D10C48475D01E00C48475D07F130
:10CB40000D00C1B20648426D01209047E07C2A46A4
:10CB50000B9900F0E5FB68B230700120BEE70000E1
:10CB60003C3C0108D83A0108FE3A0108F83A0108AD
:10CB700070B504460725606805F01EF808B905F091
:10CB8000FE0594F900000522002100F0E9FC08B937
:10CB900005F0FD0594F901000522002100F0E0FCFC
:10CBA00008B905F0FB05284670BD000038B50446FD
:10CBB000206900906278237803EB4303074DA16856
:10CBC0002D6805EB83035B7A03EB4303044D2D686B
:10CBD00005EBC300E36800F0E1FB38BD4401002031
:10CBE000400100202DE9F0410446227802EB420288
:10CBF000134B1B6803EB8202527A02EB4202114B89
:10CC00001B6803EBC20292F9021094F9020000F0D3
:10CC10000AFB07460025207800EB40000849096818
:10CC200051F820603846D4E9011200F0D1F90546E8
:10CC3000A28905482946C36B30469847BDE8F08174
:10CC400044010020400100203C3C01082DE9F04750
:10CC50008CB004460D46164694F901003749085C2D
:10CC60004FFA80F8227802EB4202354B1B6803EB47
:10CC70008202527A02EB4202324B1B6803EBC20281
:10CC800092F9021094F9020000F0CDFA074694F9E7
:10CC900001002D4900F049FA82464FF0000938465C
:10CCA000D4E9011200F094F981460AA90BA805F015
:10CCB0006BFC88B9207800EB4000214A0B99126880
:10CCC00042F82010227802EB42021D4B1B6853F8F9
:10CCD00022001E4AD16888474FF47A6000210591EE
:10CCE0000691CDE9071001200822CDE90102CDF817
:10CCF0000080CDE90310154853460A464946D0F84E
:10CD00001CC00120E04794F90110227802EB420296
:10CD10000B4B1B6853F8220000F05EFB217B0B4895
:10CD2000426D01209047A18994F90100F4F7B0FD0C
:10CD300030602F7001200CB0BDE8F087D83A0108B0
:10CD40004401002040010020E03A01083C3C010879
:10CD500001464FF0FF30704770B504460D46072D71
:10CD60001DD005DC5DB1052D0DD0062D30D10BE0B9
:10CD7000092D20D00A2D1DD00F2D29D126E02068A5
:10CD800004F01AFF70BD00BF94F9000005220021D5
:10CD900000F0E6FB08B10120F4E70020F2E794F987
:10CDA00000000522002100F0DBFB08B10120E9E7CB
:10CDB0000020E7E700BF94F900000722002100F0FF
:10CDC000CFFB08B10120DDE70020DBE70020D9E739
:10CDD0000020D7E770B504460D46022C03D1284643
:10CDE000FFF74EFB70BD0020FCE710B5034653B1C2
:10CDF00049B1002005E031F8104023F81040441CF0
:10CE0000E0B29042F7DB10BD2DE9F04F06460F4629
:10CE100090469946DDF828A049464046099A00F018
:10CE20009FFB10B90020BDE8F08F0025AB4628E03D
:10CE300000241DE037F81B100120A0400140A9B1DB
:10CE4000281900EB40000AEB8000007AC0F30312BF
:10CE5000281900EB40000AEB8000007A00F00F0177
:10CE6000404600F07DFB012800D1DCE7601CC4B225
:10CE7000102CDFDB05F11000C5B20BF1010000F052
:10CE8000FF0BB542D4DB0020CDE7F0B5DDE9054569
:10CE90004E00083E46434FF47A7757434FF0020C5A
:10CEA0000CFB076666B14E00083E46434FF47A77A6
:10CEB00057430CFB07660644761EB6FBF0F60BE004
:10CEC0004E00083E46434FF47A7757434FF0020C2A
:10CED0000CFB0766B6FBF0F68E4224D94E00083EE6
:10CEE00046434FF47A7757434FF0020C0CFB07662A
:10CEF00066B14E00083E46434FF47A7757430CFB29
:10CF000007660644761EB6FBF0F60DE04E00083EBE
:10CF100046434FF47A7757434FF0020C0CFB0766F9
:10CF2000B6FBF0F600E00E46266087002668464312
:10CF300026B126684643761C760802E026684643FA
:10CF40007608BE1B03EB4307C7EBC317A6EBC70668
:10CF5000002E19DD87002668464326B12668464321
:10CF6000761C760802E0266846437608BE1B03EB73
:10CF70004307C7EBC317A6EBC70606F2E7364FF425
:10CF80007A7796FBF7F616E087002668464326B1C7
:10CF900026684643761C760802E0266846437608F3
:10CFA000BE1B03EB4307C7EBC317A6EBC7064FF443
:10CFB0007A7796FBF7F62E60F0BD0000024601205E
:10CFC0009040024B5843B0FBF1F0704740420F00D5
:10CFD0002DE9FE4F04468A469146002002906000EB
:10CFE00006F070F95146009006F04CFA494601905F
:10CFF00006F052FA834605F0C1FF074604F090FFA1
:10D00000054605F0CFFD40B202900298BDE8FE8FC4
:10D010002DE9F04104460E4617464FF0000814B9BA
:10D020000020BDE8F081354609E034F815001021F4
:10D03000F3F778FF404400F0FF08681CC5B2BD421A
:10D04000F3DB4046EDE72DE9FF4F04468846914665
:10D050004FF0000AD346002600275CE0002553E08D
:10D06000606830F817000121A9400840002848D026
:10D07000711901EB4101A06850F8210000B941E0AD
:10D08000207848B9606938B1606930F8170001212B
:10D09000A940084000B935E006EB050C0CEB4C0C40
:10D0A000A36803EB8C0393F908301A1106EB050C07
:10D0B0000CEB4C0CA36803EB8C031B7A43F30301CA
:10D0C000637858B200F04CFA00B91BE0711901EB1B
:10D0D0004101A06800EB8100407A00EB4000E1686C
:10D0E00001EBC000007D20B90BF1010000F0FF0B47
:10D0F00008E07019C2B25046411C01F0FF0A08F85E
:10D10000002000BF681CC5B2102DA9DB06F110007D
:10D11000C6B2781CC7B2208AB0429FDC89F800A052
:10D12000039880F800B0BDE8FF8F024651F8220056
:10D13000A0F5F430483840B1A0F5F430483830B1AB
:10D14000A0F57430903820B100BF00207047012056
:10D15000FCE70220FAE73CB5044694F9005094F944
:10D16000000094F90210884202D194F902003CBDFB
:10D1700000BF681E45B294F90200A8420DD094F990
:10D180000110A068CDE9001094F90230E0782A4639
:10D190006168FFF739FE0028EBD02846E7E72DE964
:10D1A000FF470446884691461D46DDE90C676068E6
:10D1B00004F016FB82462068A0EB0A0038600120CC
:10D1C000307000202870606810B1206850451BD86E
:10D1D0000020C8F80000A0690390D4E90301CDE95C
:10D1E0000101207D0090237A627AD4F81CC09CF85B
:10D1F0000000DCF80C1000F00BF9386033462A46CA
:10D200004946E069FFF71FFF2878002804DD002069
:10D21000386004B0BDE8F0873078002801DD0B20CD
:10D22000F7E70C20F5E702468A4201DD1046704719
:10D230000846FCE72DE9FC4F0446884691469A468D
:10D24000257994F9067094F90760207A4FFA80FBEB
:10D25000607928B994F90BB094F9097094F90A60CF
:10D2600035B30F2F02D194F909700EE094F915101F
:10D27000A069CDE9001094F91430207B3A46216969
:10D28000FFF7C2FD08B905F0FD050F2E02D194F994
:10D290000A6010E094F91C2094F91D10304600F04B
:10D2A0005FF928B994F91D00B04202DD94F91D60C0
:10D2B00001E005F0FB05072D04D1BBF1000F01D102
:10D2C0004FF0010B88F8007089F800608AF800B010
:10D2D0002846BDE8FC8F10B5024600201378032BCA
:10D2E0001CD153785BB24B704B7803F00F038B70FB
:10D2F0004B78C3F303134B7093788B808B88D4786F
:10D3000043EA04238B8013790B700B78C3F3021369
:10D31000CB700B7803F00F030B70052010BD0000DD
:10D32000FEB504460D461646062C0CDA00BF0B4827
:10D3300050F824000AA3012200218DE86100022098
:10D3400003F0F0FF09E000BF0DA30122002102203D
:10D35000CDE9005603F0E6FF00BFFEBD4801002006
:10D3600052585F2573206F6E2066726571202564A8
:10D3700020487A2061742044522025640D0A000060
:10D380005258206F6E206672657120256420487A9D
:10D390002061742044522025640D0A000FB42DE949
:10D3A000F04104460D46164631462046DDE9092384
:10D3B000F4F756F9074605FB07F0E168814204D906
:10D3C000E06805FB1700E06001E00020E060BDE8D8
:10D3D000F0015DF814FB00007CB504460D4600BF6B
:10D3E00004A3012200210220CDE9004503F09AFFA9
:10D3F00000BF7CBD5458206F6E2066726571202579
:10D400006420487A2061742044522025640D0A006B
:10D410002DE9F04F87B006460D46934698464FF0EB
:10D42000FF30069004F0D0F9059000274FF0010975
:10D43000BA46002483E005980290DDE91101CDE9A8
:10D44000000104EB440105EBC10042463146109B4C
:10D4500004F034FB8146139800FB09F704EB440009
:10D4600005EBC000C068B84204D8B8F1000F0CD179
:10D47000012E0AD1012004EB440105EBC10108751E
:10D480000AF1010000F0FF0A57E0002004EB44011C
:10D4900005EBC101087504EB440005EBC000006911
:10D4A000B84215D904EB440005EBC000C068391A36
:10D4B0000698814201D9069805E004EB440005EB8B
:10D4C000C000C068381A06900AF1010000F0FF0A97
:10D4D0009EBB002003900490B9F1640F03D14FF478
:10D4E0006160039008E0B9F57A7F03D149F6B02076
:10D4F000039001E0184803901749119888420AD90F
:10D500001198401A1549B0FBF1F0401C134A0399D9
:10D5100002FB001003901298009001A8119BDDE916
:10D52000031202F0D5FBDDE90101CDE90301DDE9DC
:10D53000030102F0F3FB069000BF601CC4B25C451F
:10D54000FFF679AFBAF1000F04D14FF0FF3007B00A
:10D55000BDE8F08F0698FAE730EC01008051010039
:10D5600003468B4203DB934201DC0120704700201D
:10D57000FCE72DE9F04104460D4616461F46DDF84E
:10D580001880022C06D143463A4631462846FEF71B
:10D5900097FF00E000BF00BFBDE8F08170B5044612
:10D5A0000D46022C03D12846FEF7C0FF70BD0020B7
:10D5B000FCE77CB504460D4600200190022C04D106
:10D5C0002846FEF7B7FF00907CBD0198FCE70000FD
:10D5D00008B502480090009808BD00000300010152
:10D5E00070B505460C46022D03D12046FFF796F88C
:10D5F00000E000BF00BF70BD0146022901D101203B
:10D6000070470020FCE72DE9F84304460D46164616
:10D610001F46DDE90889022C09D143463A463146C6
:10D620002846CDF80090FFF7FBF8BDE8F88300200E
:10D63000FBE770B504460D46022C03D12846FFF7E0
:10D64000B7F970BD0020FCE72DE9F04104460D4616
:10D6500016461F46DDF81880022C07D143463A468D
:10D6600031462846FFF7A8F9BDE8F0810920FBE71D
:10D6700070B504460D461646022C04D131462846A4
:10D68000FFF71CFA70BD0020FCE770B504460D469C
:10D69000022C03D12846FFF76BFA70BD0020FCE78F
:10D6A00070B505460C46022D03D12046FFF77EFAE1
:10D6B00000E070BD00BF00BFFBE770B505460C463B
:10D6C000022D03D12046FFF78DFA00E000BF00BF16
:10D6D00070BD2DE9F04104460D4616461F46022C4A
:10D6E00006D13A4631462846FFF7B0FABDE8F08148
:10D6F0000020FBE770B504460D46022C03D12846F6
:10D70000FFF726FB70BD0020FCE770B504460D4610
:10D710001646022C04D131462846FFF71DFB70BD8A
:10D720000020FCE737B5044615460CB1012C0BD19F
:10D73000012D07D19DF80400C0F3401020B1F8F787
:10D7400057FE01E0F8F754FE3EBD000000201049EE
:10D750000968C860411E0E48006801610C480068F5
:10D7600041610B4800688161094800688069084987
:10D7700009680862002007E04FF0FF320449096899
:10D780001C3141F82020401C0128F5DB70470000C7
:10D790006801002000B58DB00021564880F81811AE
:10D7A000002054498862544981F81004012081F80E
:10D7B000110481F81204002081F8130400214D485F
:10D7C00080F807110121A0F80A1190F8CC1080F818
:10D7D000381090F8CD1080F8391090F8A51080F826
:10D7E000611000F144014030C26E806EC1E9080250
:10D7F000081F426F006FC1E90A023E4890F8B81056
:10D8000080F8741090F8B91080F87510D0F8BC103A
:10D810008167D0F8C010C1670020374981F814042F
:10D820000021344880F83A1001208DF80800334870
:10D830000090A03001902F4991F840006946FFF711
:10D84000CFFE00202C4981F81504084690F81504F5
:10D8500081F8CC032748416E2748C0F8D0132548EB
:10D8600090F87510244880F8DC13224890F8801056
:10D87000214880F8DD13002180F8DE13012180F8B3
:10D88000DF13142200F5737100F57870F2F778FD5C
:10D890000121194880F8F213022180F8F3130020C7
:10D8A0000B900C901448D0F8480348B11248D0F8B7
:10D8B000480340680B901048D0F8480300690C906A
:10D8C0000F4803904438049030300590393006906A
:10D8D0000848D430079094380890001D099094307F
:10D8E0000A9000F244620BA903A8F8F7B0FC0DB04F
:10D8F00000BD0000340B002028060020140D00207D
:10D90000880A002010B500243A48D0F840030128C6
:10D9100001D0012010BD24213748F3F717FB04463E
:10D920003548406AA04201D01720F3E7142132485D
:10D930002830F3F70BFB04462F48C06BA04201D000
:10D940001720E7E7DC212C484030F3F7FFFA0446C4
:10D950002948D0F81C01A04201D01720DAE7BC21E9
:10D960002648F3F7F3FA04462348D0F8DC01A04236
:10D9700001D01720CEE79C212048C030F3F7E6FA0B
:10D9800004461D48D0F87C02A04201D01720C1E710
:10D9900014211B48F3F7DAFA04461748D0F8300789
:10D9A000A04201D01720B5E740F234721249154861
:10D9B00004F0FEFB40F2347200210F4804F012FC28
:10D9C0000C4890F815040B4981F8E0030D48C16E2E
:10D9D0000848C0F8E4130B4890F87510054880F823
:10D9E000F013012180F8F213022180F8F3130020D4
:10D9F00090E700002806002068120020881300200D
:10DA000084190020340B002070B505460C4600BF79
:10DA1000284603F0CDFF00BF0C49086B80470C4936
:10DA200091F840000B4A2146FFF722FE68B10A48F0
:10DA300090F8201480F86214054AD06C034A516BA8
:10DA40008847E07C044981F8840470BD3C3C0108AF
:10DA5000340B0020480A002028060020034600223C
:10DA60001946080C000408B91022090401F07F408F
:10DA700018B902F10800C2B2090201F0704010B9F1
:10DA8000101DC2B20901054800EB11700078104466
:10DA9000C2B2C2F11F00C0B270470000C33C01080F
:10DAA0000849096821F04001064A116040F44171BB
:10DAB00011604FF4B85151601146096841F04001BE
:10DAC000116070470000015818B5024600201E4B37
:10DAD0001B68C3EBC303C3F34C43642413FB04F37D
:10DAE000009300BF009B1BB901200123936008E055
:10DAF000009B5B1E0093154B9B6803F00203022BF7
:10DB0000F0D100BFFF23114C23730F4B1B68C3EBF5
:10DB1000C303C3F34C43642413FB04F3009300BF1B
:10DB2000009B1BB901200123936008E0009B5B1E52
:10DB30000093064B9B6803F00103002BF0D000BF5D
:10DB4000024BDB680B7018BDB400002000000158C8
:10DB500018B5024600201D4B1B68C3EBC303C3F37B
:10DB60004C43642413FB04F3009300BF009B1BB9D8
:10DB700001200123936008E0009B5B1E0093144B7F
:10DB80009B6803F00203022BF0D100BF104B197306
:10DB90000E4B1B68C3EBC303C3F34C43642413FB5A
:10DBA00004F3009300BF009B1BB901200123936085
:10DBB00008E0009B5B1E0093054B9B6803F001038C
:10DBC000002BF0D000BF024BDB6818BDB400002072
:10DBD0000000015838B504462079012811D10B48BE
:10DBE000006800EB4000C0F34F300090F7F716FBE1
:10DBF00000BF0098401E009000980028F9D1F7F768
:10DC000021FB204600F00CF838BD0000B4000020D5
:10DC100010B50248F6F7F4FA10BD0000200300200A
:10DC200018B502460020124B1B6803EB4303C3F3F5
:10DC30004B43642413FB04F3009300BF00BF0D4B60
:10DC40001B68C3F3800100BF009B1BB901200223A6
:10DC500093600AE0009B5B1E009300BF054B1B68AE
:10DC6000C3F340030B40002BE8D100BF18BD0000F8
:10DC7000B40000201404005801B582B09DF80800DB
:10DC8000C0F3801080019DF80810C1F3401140EAF4
:10DC900041109DF80810C1F3001140EA01109DF8F1
:10DCA0000810C1F3C00140EAC1009DF80810C1F39B
:10DCB000800140EA81009DF80810C1F3400140EA6C
:10DCC00041009DF8081001F0010108430190012274
:10DCD00001A9892000F000FE0EBD000038B5044601
:10DCE0001B48844206D9E1208DF80000E9208DF818
:10DCF000010026E01748844206D9D7208DF800009D
:10DD0000DB208DF801001CE01348844206D9C120B5
:10DD10008DF80000C5208DF8010012E00F48844204
:10DD200006D975208DF8000081208DF8010008E0EB
:10DD30000B48844205D96B208DF800006F208DF8C8
:10DD4000010002226946982000F0C6FD38BD00009F
:10DD500000E9A43580F8A9328044E52D000B6B1B47
:10DD600040FC54192DE9FE4F06460F4620A00068DE
:10DD7000029040F6070000F08BF9804602A8C8F335
:10DD8000C101405C019008F0070000900098401E1F
:10DD9000012101FA00F0019948431649B1FBF0F95D
:10DDA000B9FBF6FA01250AFB05F0082800D2022586
:10DDB0000AFB05F0042800D2042509FB05FB4FF4FB
:10DDC000D66000F065F90007040D40F2B16000F084
:10DDD0005FF9044304F40060B0F5006F01D1064818
:10DDE00004434FEA5B106043C0113860BDE8FE8F0A
:10DDF00004080A0C0048E80100F0FFFF02460AB9D7
:10DE00001F20704700210BE0074850F83100904276
:10DE100004D9054800EBC1000079F2E7481CC1B203
:10DE20001629F1D300BFFEE7843B010801480078C2
:10DE300070470000E801002038B504460322694617
:10DE4000142000F00FF900F03DF82070207820B188
:10DE5000012814D00F2828D128E09DF80000207157
:10DE60009DF801004042401041B2A1719DF80200AE
:10DE70004042401041B261710021A1601EE09DF856
:10DE800000004042401041B221739DF8010040B2B1
:10DE9000801C811061739DF802004042401041B225
:10DEA000A17307480168216108E000BF1422002126
:10DEB000204603F061FB0F20207000BF00BF38BD7B
:10DEC000EC0100200148007870470000E9010020C3
:10DED000F8B505460C4616460020009069462046D7
:10DEE00000F052F82078B04201DD0120F8BD227820
:10DEF00029469DF8000000F09FF80020F6E7012079
:10DF0000704738B5002000900024002540F6E2005C
:10DF100000F0BEF8044624F0010140F6E20000F0F3
:10DF2000F1FC40F6E50000F0B3F8054625F080016D
:10DF300040F6E50000F0E6FC6FF07F4000F016FBD5
:10DF40000422694640F6190000F0B0F8002000F005
:10DF500083FB214640F6E20000F0D4FC294640F65F
:10DF6000E50000F0CFFC009838BD38B50024012250
:10DF70006946152000F076F89DF8000040424010F8
:10DF800044B2204638BD000038B504460D46022292
:10DF90006946132000F066F8FFF794FF012809D1C5
:10DFA00008480078012805D140F2027000F070F8AE
:10DFB000207002E09DF8000020709DF8010028709C
:10DFC00038BD0000EA01002038B504460CB11748FE
:10DFD0000460FAF70BFC0220FEF7CEF9002014498A
:10DFE000087000F039FBFCF7FBFC01280DD1402143
:10DFF00000F06DFB002140F6111000F083FC7F2043
:10E0000000900098FFF738FE09E0202140F611103B
:10E0100000F078FC202140F6121000F073FCFCF7B1
:10E02000D7FC01200349087038BD0000F40100202E
:10E03000F0010020E80100202DE9F04104460D46E2
:10E04000164603F023FE074672B633462A4621469B
:10E050000348F6F7A9F9384603F024FEBDE8F0813D
:10E06000200300202DE9F04104460D46164603F03A
:10E070000DFE074672B633462A4621460348F6F798
:10E0800021F8384603F00EFEBDE8F08120030020A1
:10E0900038B5044601236A4621460348F6F7CCF911
:10E0A0009DF8000038BD0000200300202DE9F0415C
:10E0B00004460D46164603F0E9FD074672B63346A0
:10E0C0002A4621460348F6F7B7F9384603F0EAFD39
:10E0D000BDE8F0812003002070B505460E461446C9
:10E0E0003146284600F0D8F9204600F007FB70BD05
:10E0F00038B505460C468DF800508DF801400222D7
:10E1000069468F2000F0E8FB38BD000010B5002202
:10E110001146C52000F0E0FB07200149087010BD42
:10E12000E801002038B50446200A8DF80000E0B26E
:10E130008DF80100FFF7C6FE30B90222694640F2B1
:10E14000BE6000F0EBFB00E000BF00BF38BD38B59B
:10E150000446200A8DF80000E0B28DF80100FFF7B8
:10E16000B1FE30B90222694640F2BC6000F0D6FB35
:10E1700000E000BF00BF38BD2DE9FC4107460C465A
:10E1800015461E46380A8DF80000F8B28DF80100D9
:10E19000200A8DF80200E0B28DF80300280A8DF8FD
:10E1A0000400E8B28DF80500300A8DF80600F0B2E0
:10E1B0008DF8070008226946104600F08DFBBDE887
:10E1C000FC81F1B501226946A02000F085FB9DF895
:10E1D0000000402813DB9DF80000441000250026B5
:10E1E00002E0A410681CC5B21F2CFADC05EBC400C9
:10E1F000C6B2314640F2067000F084FB00BFF8BDA5
:10E200002DE9FC4104460025002000900190207873
:10E2100049490978884202D0207800F027F920780F
:10E2200002283BD003DC38B101287CD14EE0032822
:10E2300060D00F287BD17BE04FF008083F49606831
:10E24000B1FBF0F5280C8DF80000280A8DF80100CC
:10E25000E8B28DF80200207B8DF80300607B8DF81A
:10E26000040000BF00214906A06841EAD01146061B
:10E27000334A00233046F1F7EDFF054600BF280C76
:10E280008DF80500280A8DF80600E8B28DF8070021
:10E29000424669468B2000F01FFB4AE04FF004081D
:10E2A00026492069B1FBF0F5280C8DF80000280AFA
:10E2B0008DF80100E8B28DF80200207D8DF8030092
:10E2C000424669468B2000F007FB32E04FF004081D
:10E2D000207E8DF80000607E8DF80100A07E8DF814
:10E2E0000200E07E8DF80300424669468B2000F074
:10E2F000F3FA1EE04FF0050810496068B1FBF0F535
:10E30000280C8DF80000280A8DF80100E8B28DF87D
:10E310000200207B8DF80300607B8DF804004246EC
:10E3200069468B2000E002E000F0D6FA01E000BF71
:10E3300000BF00BFBDE8FC81E90100200000093DED
:10E340000048E801F8B504460D4616461F468DF80C
:10E3500000408DF801508DF802608DF803700422A2
:10E360006946952000F0B8FAF8BD0000FEB50446F5
:10E370000026002000900190029020783949097809
:10E38000884202D0207800F071F82078022842D02C
:10E3900003DC40B101285AD142E0032802D00F2803
:10E3A00055D155E000BF607AF12809D14FF6FF70D2
:10E3B000FFF7CDFE48F20500FFF7B4FE02260DE0A0
:10E3C000607AF22809D141F60F50FFF7C0FE41F202
:10E3D0002100FFF7A7FE062600E0667A092560887F
:10E3E000000A8DF80000A0788DF8010020798DF8E2
:10E3F000020060798DF80300A0798DF80400E079BF
:10E400008DF80500207A8DF806008DF80760A07A57
:10E410008DF808001DE00125207B8DF8000018E034
:10E420000625E089000A8DF80000A07B8DF8010028
:10E43000207C0D4908708DF80200607C8DF8030087
:10E44000A07C8DF80400E07C8DF8050001E000BFA1
:10E45000FEBD00BF2A4669468C2000F03DFA00BF91
:10E46000F6E70000E9010020EA01002001B59DF86F
:10E470000000084908709DF8000020B9002140F212
:10E48000AC6000F03FFA012269468A2000F024FACD
:10E4900008BD0000E901002070B504460D462A467B
:10E4A0002146002000F002FA70BD08B5FCF794FA8E
:10E4B000012802D100BF009001E00020009001225D
:10E4C0006946962000F008FA08BD0000F8B5044639
:10E4D00000251448007828B92046FFF7FFFB0120EB
:10E4E0001049087000BF0020400640EAD4116606BB
:10E4F0000D4A00233046F1F7ADFE054600BF280E59
:10E500008DF80000280C8DF80100280A8DF8020013
:10E51000E8B28DF8030004226946862000F0DCF999
:10E52000F8BD0000F00100200048E80170B5044685
:10E530000125FCF749FA064626B1012E08D0022E25
:10E540000AD107E00F2C01DD022500E0012504E0DF
:10E55000012502E0022500E000BF00BF02222146A3
:10E56000284600F0EFF8284670BD000038B5044694
:10E57000052008490870200C8DF80000200A8DF84D
:10E580000100E0B28DF8020003226946822000F00B
:10E59000A3F938BDE801002038B5044605200B4931
:10E5A0000870972140F6AC0000F0ACF9200C8DF813
:10E5B0000000200A8DF80100E0B28DF8020003226D
:10E5C0006946822000F088F938BD0000E80100208B
:10E5D0007CB505460C46280C8DF80000280A8DF8FD
:10E5E0000100E8B28DF80200200C8DF80300200A2B
:10E5F0008DF80400E0B28DF80500062269469420EB
:10E6000000F06AF90620014908707CBDE80100208D
:10E6100001B582B00020FCF7CBF90220FDF7ACFE7B
:10E620009DF80800C0F3800080009DF80810C1F339
:10E63000400140EA41009DF8081001F00101084343
:10E640000190012201A9842000F046F9002001492F
:10E6500008700EBDE801002001B501226946802046
:10E6600000F03AF99DF8000018B90120034908703C
:10E6700002E002200149087008BD0000E801002006
:10E6800001B5012269469F2000F026F908BD70B54A
:10E6900004460D460126012D09D1012C03D1022685
:10E6A0000420FDF769FE022C03D1032601E005B921
:10E6B00001263046FCF77CF970BD10B504460822EF
:10E6C00021464FF4D86000F029F9002010BD38B57C
:10E6D00005460C4605F007008DF80000200C8DF86B
:10E6E0000100200A8DF80200E0B28DF80300042238
:10E6F0006946972000F0F0F838BD000038B50446B0
:10E70000042008490870200C8DF80000200A8DF8BC
:10E710000100E0B28DF8020003226946832000F078
:10E72000DBF838BDE801002010B500221146D120E9
:10E7300000F0D2F810BD10B500221146D22000F032
:10E74000CBF810BD2DE9F84306460D461746012EBD
:10E7500035D10020FCF732F90446A54200DD65B250
:10E760000E2C0AD101231A4600210420FFF7EAFDEE
:10E77000601BC0F10E0045B216E00A2C0AD101233D
:10E780001A4600211846FFF7DDFD601BC0F10D00A1
:10E7900045B209E001231A4600210620FFF7D2FD09
:10E7A000601BC0F10E0045B215F1110F01DA6FF0D8
:10E7B0001005182140F6E70000F0A4F84CE040F600
:10E7C000D800FFF765FC40F01E08414640F6D8002F
:10E7D00000F098F80120FCF7F1F80446A54200DDAE
:10E7E00065B2142C0AD10123002205210320FFF772
:10E7F000A9FD601BC0F1160045B223E0112C0AD11F
:10E800000123002203210220FFF79CFD601BC0F1C1
:10E81000160045B216E00E2C0AD101230022022177
:10E820000846FFF78FFD601BC0F10E0045B209E0FE
:10E830000123002207210420FFF784FD601BC0F1A3
:10E84000160045B215F1090F01DA6FF008053821FD
:10E8500040F6E70000F056F8E8B28DF800008DF8B9
:10E860000170022269468E2000F036F8BDE8F88378
:10E8700070B504460025FFF725FB98B94FF4D76023
:10E88000FFF706FC00F0FE05C4F30020054329460F
:10E890004FF4D76000F036F8E1B240F2B96000F012
:10E8A00031F800E000BF00BF70BD00002DE9F0416D
:10E8B00004460D46164603F0E9F9074672B633469C
:10E8C0002A4621460348F5F72BFE384603F0EAF9BD
:10E8D000BDE8F081200300202DE9F04104460D46FB
:10E8E000164603F0D3F9074672B633462A46214648
:10E8F0000348F5F72BFC384603F0D4F9BDE8F08166
:10E900002003002013B50446012301AA2146024832
:10E91000F5F744FE1CBD0000200300202DE9F04166
:10E9200004460D46164603F0B1F9074672B6334663
:10E930002A4621460348F5F731FE384603F0B2F97E
:10E94000BDE8F081200300207047000070B500256D
:10E9500000240D48F1F788FE044604B912E00B4884
:10E9600000884FF6FF71884208D00848008840F6BA
:10E97000E4414843B0FBF4F085B203E00448B0FB47
:10E98000F4F085B2284670BD002000B4AA75FF1FC0
:10E99000D8084C0038B5002000900025FFF7D6FFBE
:10E9A00004462448F1F760FE0546234800882249C2
:10E9B00020390988401A21D01F4800881E49203973
:10E9C0000988401A15D005FB04F040F6E441B0FB7D
:10E9D000F1F0194920390988401A64214843164941
:10E9E0000988154A203A1288891A90FBF1F01E30E6
:10E9F00001E047F6FF7000B2009013E005FB04F061
:10EA000040F6FF71B0FBF1F000EB4001C1EBC0102C
:10EA10000A49C1EBC00040F6C41190FBF1F01E3072
:10EA200000B20090BDF80000000200B20090BDF9F5
:10EA3000000038BD001000B0C875FF1FC0980B0063
:10EA40000148024908607047002401408402002008
:10EA500030B58BB005460324F2F744F9044614B1EF
:10EA600020460BB030BDF2F7FDF800F019FE044669
:10EA70000CB12046F5E73A48006B0590384890F80D
:10EA800039008DF81C00364890F808018DF81E00FA
:10EA900003A801F0E7F83248D0F8100100903048A0
:10EAA000D0F80C3101A8DDE9031201F011F9DDE91C
:10EAB0000101CDE908012A48C06A069000208DF8BE
:10EAC000280001208DF81D0026480088ADF82A0096
:10EAD000234890F8180128B901208DF8280000205B
:10EAE0008DF81D001E4830301D49009091F84000FF
:10EAF0001D4BA3F1730205A9FEF7A6FD04460CB356
:10EB00000B2C1DD1012D1BD11648D0F88804A8B1BB
:10EB10001448D0F8400340F020001249C1F84003E7
:10EB200000BF0846D0F8881400F55A7002F0D4FEF1
:10EB300000BF00BF0D4802F0EBFE00BF002090E7D1
:10EB400020468EE7F2F796F903F064F804460CB11C
:10EB5000204686E7034991F8150400F087FB80E71B
:10EB6000340B002028060020B00A00209009002065
:10EB70002DE9F043BFB005460C4691461E4605B14F
:10EB80001EB902203FB0BDE8F083E11704EB11711C
:10EB90000911A4EB011109B10520F3E7F0220021CE
:10EBA00002A803F01FFB01A94846F2F7EBFD074658
:10EBB000CFB902AA10210198401C03F04DFA4FF082
:10EBC00000080DE006EB080105EB080002AA03F0BF
:10EBD00015FA08F1100000F0FF08A4F1100084B24B
:10EBE000002CEFD100BF3846CCE72DE9F8430546AD
:10EBF0000E4617461C46DDF820807F2C02DB0320E2
:10EC0000BDE8F88323463A4631462846CDF80080D1
:10EC1000F2F7BEF8F4E72DE9FF4107460D46164628
:10EC20001FB9022004B0BDE8F08106247F2E03D175
:10EC3000042D01D00320F5E7002000900190029000
:10EC400003906B462A4610213846FFF791FF044691
:10EC50000CB12046E6E76946304600F0ABF90446C1
:10EC60000CB12046DEE70020DCE700000148006828
:10EC700070470000F4000020014800680830704729
:10EC8000F400002010B502460B46002112E001EB13
:10EC900001140A4800681030005D904208D101EB71
:10ECA000011406480068103020441860002010BD90
:10ECB000481CC1B20A29EAD30320F8E7F400002077
:10ECC00070B504460D460CB9022070BD04480460BE
:10ECD000C0220449006803F06BFA0020F5E7000049
:10ECE000F40000208435010800B589B000BF3BA3C3
:10ECF00000221146022002F015FB00BF0020FAF7A7
:10ED0000EFFD0120FAF7ECFD00BF3AA30022114607
:10ED1000022002F007FB00BF0320FAF7E1FD02200A
:10ED2000FAF7DEFD00BF39A300221146022002F0EF
:10ED3000F9FA00BF00BF3B480068C079394909684B
:10ED40008979384A12685279364B1B681B79CDE9AC
:10ED50000432CDE9061033480068C17831480068B4
:10ED60008078304A126852782E4B1B681B78CDE9A8
:10ED70000032CDE902012CA300221146022002F04C
:10ED8000D1FA00BF00BF27480068C17B2548006852
:10ED9000807B244A1268527B224B1B681B7BCDE987
:10EDA0000432CDE906011F480068C07A1D49096890
:10EDB0008A7A1C490968497A1A4B1B681B7ACDE983
:10EDC0000031CDE9022028A300221146022002F0E2
:10EDD000A9FA00BF002009B000BD000023232323AF
:10EDE0002323204F544141202323232323230D0A8F
:10EDF000000000002323232323232041425020200E
:10EE00002323232323230D0A00000000232323238D
:10EE100023232049447320202323232323230D0A63
:10EE200000000000F4000020232323232323204498
:10EE300065764575693A20202020202025303258FB
:10EE40003A253032583A253032583A253032583A3D
:10EE5000253032583A253032583A253032583A2542
:10EE60003032580D0A00000023232323232320419E
:10EE700070704575693A20202020202025303258B6
:10EE80003A253032583A253032583A253032583AFD
:10EE9000253032583A253032583A253032583A2502
:10EEA0003032580D0A00000010B50420FAF718FDA2
:10EEB0007F20FAF715FD0220FAF712FD0320FAF77A
:10EEC0000FFD002010BD2DE9F05F82468B461E46E7
:10EED000DDE90B580A9C1EB115B1B8F1000F02D143
:10EEE0000220BDE8F09F212C01DD0520F9E74FF05D
:10EEF000010922463146284603F05AF9601E81B2C4
:10EF00006B1C4A46701CFFF733FE08B10720E8E788
:10EF1000E87AC00988F800000027201F2F5CE01E57
:10EF2000285C47EA0027A01E285C47EA0047601ECD
:10EF3000285C47EA006798F8000048B9201F81B2B2
:10EF400001233A46284600F079F818B10120C8E7B5
:10EF50000420C6E70020C4E710B504460CB902201F
:10EF600010BD03494869804720600020F8E7000091
:10EF70003C3C010810B504460CB9022010BD082223
:10EF800021460348006803F013F90020F6E700006B
:10EF9000F400002010B504460CB9022010BD082270
:10EFA000214603480068083003F002F90020F5E725
:10EFB000F40000202DE9FF4105460E461EB902204F
:10EFC00004B0BDE8F081002432E004EB04111A48DB
:10EFD00000681030405CA84228D1802D19D1062746
:10EFE000002000900190029003906B467F22102138
:10EFF0003046FFF7BDFD074604EB04120E490968D1
:10F0000010311144481C1022694603F0D1F83846EB
:10F01000D6E704EB04120849096810311144481C72
:10F020001022314603F0C4F80020C9E7601CC4B2C6
:10F030000A2CCAD30320C3E7F40000202DE9FC41C9
:10F0400004460D461646984614B90220BDE8FC81D8
:10F0500006270020019001A843462A462146009039
:10F060000020F1F795FE07460FB13846EEE701980C
:10F07000864200D001273846E8E70000F8B504468C
:10F080000D46132600200090204890F8040130B16E
:10F09000032835D004280FD0052830D131E01C4892
:10F0A000F7F740FC06460EB11120F8BD174890F85E
:10F0B0000C011649088026E06846F7F77DFB08B189
:10F0C0001220F2E7114890F81004012804DA0F48E2
:10F0D00090F81204012802DD0098401E00900C4BAD
:10F0E0002A4621460098F7F74DFC06460EB111203E
:10F0F000DBE7064890F80C010449088003E000BFF4
:10F1000000BF0320D1E700BF0020CEE72806002083
:10F11000300700202DE9F04F89B080460D46164695
:10F120001F46DDF8489003244E4890F939A090F925
:10F1300038B0806A07904B4890F8180118B907203A
:10F1400009B0BDE8F08F474890F8070110B90021D9
:10F1500044480163002008909DF8200020F00F0033
:10F160000890404890F806119DF8200061F3C71000
:10F1700008903C4890F80401012806D19DF8200031
:10F1800020F010001030089004E09DF8200020F0DE
:10F1900010000890334890F83A00012805D19DF8F6
:10F1A000200020F02000203008902E48D0F81401D4
:10F1B000029001208DF80C009DF82000C0098DF808
:10F1C0000D002848806A04902748B0F8F403ADF891
:10F1D00014002548B0F8F603ADF81600214890F861
:10F1E00039008DF818001F4890F838008DF8190084
:10F1F0001C4890F874008DF81A001A4890F84000E6
:10F200008DF81B0007AB174A3832511C02A8F6F7DD
:10F21000CBFF9DF8201060F38611089133462A46F3
:10F2200008A940460097FAF761FA04460CB10A2C87
:10F2300003D14846FFF70CFC04462CB1094880F87E
:10F2400039A080F838B00BE00021064880F83A1069
:10F25000044907988862F7F7B7F808B113206FE7F9
:10F2600020466DE7340B00202806002070B586B0DC
:10F2700004460325002001908DF80840384890F896
:10F2800039008DF80900364890F838008DF80A00EA
:10F290003348806F03903248C06F04903148008833
:10F2A000ADF814002E4991F840002F4B01AA02A995
:10F2B000FEF70FFA01212B4880F83914284890F8FE
:10F2C0003910284880F83A149DF9041080F83B144E
:10F2D000C0F84844D0F81814C0F84014D0F81814F6
:10F2E000C0F85014F6F7B8FF50B11E49D1F8180411
:10F2F000F6F7B8FF064616B1102006B070BD00BF85
:10F30000174890F80401012801D1F6F7C0FFF6F77D
:10F310009DFF144A92F81514114A92F83900FFF72C
:10F32000ADFE05460DB12846E7E70E48D0F840038C
:10F3300040F002000B49C1F84003084690F814045D
:10F3400028B9084690F81004401C81F810040548BC
:10F3500001780648826A0348801C90470020CCE769
:10F36000340B002028060020400A00203C3C010805
:10F37000F8B504460025002000900126FF2C29D175
:10F3800000F052FB0020184981F80401881CC1F8E4
:10F390000801FF21801E80F80C119DF8000020F06C
:10F3A000E00000909DF800100F4880F80D11FFF765
:10F3B00063FC0746082239460C4802F0F9FEFFF7C5
:10F3C00055FC0746082239460848083002F0F0FE8E
:10F3D000002601E0022500BF00BF3046FFF738FBE2
:10F3E00005462846F8BD0000280600203607002004
:10F3F0002DE9F04F8BB04FF0FF38F2F7FFF80A908D
:10F400000025A946002003908246002400260027FC
:10F41000834604A8F1F7ACFE00BF0A9884A301223A
:10F4200000210090022001F07DFF00BF00BF059881
:10F4300003F0F4FE00B2029080A3012200210090AC
:10F44000022001F06FFF00BF02207F4908707F4952
:10F45000069803F04BFF029003F0FCFE1FFA80FABF
:10F46000059803F0DBFE00B203907949049803F09D
:10F470003DFF7649019003F00FFE029003F0EAFE93
:10F480001FFA80F9734802786F4843682046641C6D
:10F490001A544FEA19226C4843682046641C1A54D7
:10F4A000694843682046641C03F800900398C2B280
:10F4B000654843682046641C1A544FEA1A22624881
:10F4C00043682046641C1A545F4843682046641C05
:10F4D00003F800A060480078082806D05E4800784D
:10F4E000012802D05C480078A8B900225648436839
:10F4F0002046641C1A54544843682046641C1A541D
:10F50000514843682046641C1A544F4843682046BB
:10F51000641C1A543BE0079E089FF2F76FF84A49B3
:10F520004B682146641C5854C6F30742464843685A
:10F530002046641C1A54C6F30722434843682046F9
:10F54000641C1A54404843682046641C1E54C7F388
:10F5500007423D4843682046641C1A54C7F30722FB
:10F56000394843682046641C1A543748436820468B
:10F57000641C1F544FEA1B22334843682046641C16
:10F580001A54314843682046641C03F800B02E49E1
:10F590004C703248407A58B1F6F7C4F9012807D1C7
:10F5A0002E4802F005FA002210212D48F3F70EFB39
:10F5B0002948C17800222448F6F730FB8046B8F18C
:10F5C000000F07D100BF27A301220021104601F040
:10F5D000A9FE14E018F1060F11D1F6F7BBF80546A5
:10F5E0006DB100BF4FF47A70B5FBF0F0029021A32B
:10F5F000012200210090104601F094FE00BF254832
:10F60000007888B9244802F0D3F92448006885427C
:10F6100001D9284601E02148006801461E4802F051
:10F620005BF91D4802F074F90BB0BDE8F08F0000E3
:10F63000564444413A2025640D0A000074656D70FB
:10F640003A2025640D0A00009C00002000002041A3
:10F650000000C842A400002080000020BC0500205B
:10F660000004004853454E442052455155455354DB
:10F670000D0A00004E65787420547820696E2020B1
:10F680003A207E2564207365636F6E642873290DAC
:10F690000A00000094000020680400209800002068
:10F6A00010B5164890F8040130B103281FD0042883
:10F6B0000FD005281AD11BE01148F8F7DCFD0446ED
:10F6C0000CB1112010BD0D4890F80C010B490880B9
:10F6D00010E00B48F8F736FD04460CB11120F1E7B5
:10F6E000064890F80C010549088003E000BF00BF00
:10F6F0000320E7E700BF0020E4E700002806002021
:10F70000300700202DE9FF4788B004460F46DDE9A9
:10F71000148A2688314DDDE90A0100F0FFFA81469E
:10F7200000200690079039462046DDE90A23F1F7CC
:10F7300097FF0646002F45D1642E03D100BFC4F8C1
:10F74000089007E0B6F57A7F03D1254DC4F80890FC
:10F7500000E0244D04A8A16800F02CFA0598009060
:10F7600002A8049BDDE90A1200F0B2FADDE9020109
:10F77000CDE90601B8F1000F02D1BAF1000F06D0B1
:10F780002069A84203D11849069888421ED3E56033
:10F7900016490A98884219D30A98401A1249B0FBB0
:10F7A000F1F00690069848430690104906980844E0
:10F7B00006900020ADF81C00DDE9060100F0AEFA6D
:10F7C000A06003E0B8F1000F00D1E560606800B907
:10F7D000E560256130460CB0BDE8F08740771B003E
:10F7E00080A81201002E93028051010030EC01002C
:10F7F0001FB50446134890F815048DF80000124810
:10F8000090F839008DF801000F4890F838008DF815
:10F8100002000D48806F01900B48C06F0290ADF858
:10F820000C40094991F840006946FDF746FF05483C
:10F83000D0F8400340F002000249C1F84003002024
:10F8400004B010BD28060020340B002070B504461B
:10F850000D4616460748224671B2C36B28469847A4
:10F860000548D0F8400340F002000349C1F84003C6
:10F87000002070BD3C3C01082806002010B5012284
:10F8800020211E48F3F7A2F9012208211B48F3F7B3
:10F890009DF9012210211948F3F798F9184802F050
:10F8A00087F8F6F768FA38B100BF16A300221146B0
:10F8B000022001F037FD1DE000BF1AA3002211460F
:10F8C000022001F02FFD00BF01201B49087000BF7E
:10F8D0001AA300221146022001F024FD00BF1F4898
:10F8E000F5F7E4FD012114480078F5F7B5FF044869
:10F8F00002F00EF81A4802F00BF810BD00040048A0
:10F90000680400204C6D48616E646C65722053740D
:10F910006F70206F6E20676F696E67202E2E2E0D20
:10F920000A0000004C6D48616E646C65722053746F
:10F930006F707065640D0A00300000204C6D4861E6
:10F940006E646C65722073776974636820746F20CD
:10F95000414250206D6F64650D0A00008000002058
:10F9600080040020144890F88504C0F3400040B1A2
:10F97000114890F8830470B10F4890F8830401286F
:10F9800009D00E4890F80601012804D10B48806A7E
:10F99000401C0A4988620020074981F8100481F858
:10F9A000140481F813040846D0F8400320F0020044
:10F9B000C1F840030120704728060020340B0020C6
:10F9C00010B54FF0FF34F5F7C1FF044604F108000D
:10F9D00038B900BF08A300221146022001F0A2FCA2
:10F9E00009E0601C38B900BF09A3002211460220BB
:10F9F00001F098FC00BF10BD4E564D2044415441CB
:10FA000020555020544F20444154450D0A00000019
:10FA10004E564D20444154412053544F52452046A8
:10FA200041494C45440D0A0070B504460325494838
:10FA300090F8040120B1012876D0022872D17CE030
:10FA400034B9444944314348826E406EC1E90A02E8
:10FA5000012C07D12046F6F71BFC054615B93D4899
:10FA600080F80441022C5DD13A4880F80441142208
:10FA7000394901F11400F0F783FC0221374880F87E
:10FA8000F313002041E000EB400101EBC0023149DB
:10FA9000D83101EB82018978012934D100EB400192
:10FAA00001EBC0022B49D83101EB82018A69294957
:10FAB000CA6600EB400101EBC0022649D83101EBD8
:10FAC00082010A7F234981F87020244991F8151496
:10FAD000224A82F8E0131F49CA6E2049C1F8E42384
:10FAE0001C4991F875201D4981F8F023194991F8B6
:10FAF00080201A4981F8F123032281F8F32301229F
:10FB000081F8F22303E0411C48B20128BBDB00BFAF
:10FB10000020124981F814041149C86A8047F9F796
:10FB2000FDFC002512E0FFE72046F6F7B1FB054695
:10FB300015B9084880F8044108E034B9054880F850
:10FB400004410749C86A8047002500BF00BF284616
:10FB500070BD0000340B0020F409002028060020AE
:10FB60003C3C010870470FB40CB500210091019195
:10FB7000069A049911440091BDF81410BDF81C2098
:10FB8000114409B2ADF80410BDF90410B1F57A7F43
:10FB900009DB0099491C0091BDF80410A1F57A71A8
:10FBA00009B2ADF80410DDE90012C0E9001202B09C
:10FBB0005DF814FB70B586B006460C464FF47A70BB
:10FBC000B4FBF0F5049505EB4500C0EBC510A4EBC4
:10FBD000C00000B2ADF814000020029003900A4962
:10FBE000C868804700B2ADF80C00074948688047F4
:10FBF0000290039800903046029BDDE90412FFF763
:10FC0000B2FF06B070BD00009836010810B58AB08A
:10FC1000044600200890099006900790104801695A
:10FC200009A8884708900E49C868804700B2ADF817
:10FC300014000B494868804704900998009002A876
:10FC4000089BDDE90412FFF78EFFDDE90201CDE933
:10FC50000601DDE90601C4E900010AB010BD00009B
:10FC6000983601081CB50446002000900190054814
:10FC7000016901A888470090DDE90001C4E900019D
:10FC80001CBD00009836010803B587B00020039022
:10FC900004900E48016904A88847039004980090D6
:10FCA00001A8039BDDE9071200F012F8DDE901016C
:10FCB000CDE90501054A059811688847BDF9180086
:10FCC000024A9168884709B000BD000098360108D3
:10FCD0000FB40CB5002100910191069A0499891A7C
:10FCE0000091BDF81410BDF81C20891A09B2ADF8B6
:10FCF0000410BDF90410002909DA0099491E009189
:10FD0000BDF8041001F57A7109B2ADF80410DDE90F
:10FD10000012C0E9001202B05DF814FB03B585B013
:10FD20000E49C868804700B2ADF810000B4948681A
:10FD30008047039004980090039BDDE9051201A819
:10FD4000FFF7C6FFBDF90800019901EB4102C2EBC4
:10FD5000C11100EBC10007B000BD000098360108DA
:10FD600010B500204FF0B041896821F400410143F3
:10FD70004FF0B042916000BF01F0A2FD01200E499A
:10FD80000870F1F705F901F03BFB0C4801F06AFB44
:10FD900000BF4FF400400A49086100BF022001F093
:10FDA00067FBFEF74DFEF1F7E0F901F091FB012151
:10FDB000084601F097FB10BD000000207104010807
:10FDC0000040005800B599B0482107A8F0F70AFB99
:10FDD000182101A8F0F706FBF3F71AF800201E49D6
:10FDE000096821F0180101434FF0B042C2F89010A9
:10FDF00000BF00BF1948006820F4C06040F40070E4
:10FE0000164908600846006800F4C060009000BF12
:10FE100000BF2420079081200A9001200F9000202D
:10FE20001090B02011900020129007A8F3F720FB4B
:10FE300008B1F1F7BFF94F20019000200290039024
:10FE4000049005900690022101A8F3F72FF908B15C
:10FE5000F1F7B0F919B000BD900000580004005847
:10FE60007047000010B50248F3F772FE10BD0000A5
:10FE7000E802002010B502210248F3F71DFE0446F7
:10FE8000204610BDE802002010B5002400210348E0
:10FE9000F3F712FE0446204610BD0000E8020020E1
:10FEA00010B5002401210348F3F706FE044620465E
:10FEB00010BD0000E802002010B5044622460221D1
:10FEC0000148F3F701FE10BDE802002010B504461A
:10FED000224600210148F3F7F7FD10BDE80200209B
:10FEE00010B50446224601210148F3F7EDFD10BD8F
:10FEF000E802002010B5014600204FF47A72A1FB01
:10FF00000232940544EA932010BD2DE9F0410446E5
:10FF100000250020800240EA9451A6024FF47A7234
:10FF200000233046F0F796F905462846BDE8F081F3
:10FF300070B504462046FFF7E8FF0546F1F7CCFC14
:10FF4000064600E000BFF1F7C7FC801BA842F9D3CA
:10FF500070BD0020032070472DE9F04780464FF028
:10FF60000009F1F7B9FC0746FFF784FF04460021BA
:10FF7000CD1944EB0106A80A40EA8659C5F30905E4
:10FF80002846FFF7B7FFA8F800004846BDE8F0870D
:10FF900001480068704700000800002010B50024E8
:10FFA000F1F79AFC02490968441A204610BD000086
:10FFB0000800002010B5002404480078012802D170
:10FFC000F1F78AFC0446204610BD00000400002022
:10FFD00010B500240F480078C8B9601E0E490863A8
:10FFE000F8F7CAFB00F04CF84FF480710A48F3F7B9
:10FFF00023FE601E084908630846F3F76FFD0020E2
:020000040801F1
:10000000FFF75AFF00F00AF8012002490870204665
:1000100010BD000004000020E802002010B5F1F738
:100020005BFC024908600846006810BD080000201B
:1000300030B58BB0044600252C216846F0F7D2F984
:1000400000F01EF80C480068044400200790C4F13A
:10005000FF300190002005904FF0005006904015B1
:100060000A90012269460548F3F7EAFE08B1F1F764
:10007000A1F828460BB030BD08000020E80200209F
:1000800010B5002401200549086001020448F3F777
:10009000D3FD601E02490863204610BD5C28004065
:1000A000E802002010B50268184B984202D0B0F167
:1000B000804F03D122F070024B681A43134B9842D1
:1000C00008D0B0F1804F05D0114B984202D0114BAF
:1000D000984203D122F44072CB681A4322F0800385
:1000E0004C6943EA040202608B68C3620B68836256
:1000F000064B984205D0064B984202D0054B9842D9
:1001000001D10B6903630123436110BD002C014041
:1001100000440140004801402DE9F04104460E46EC
:100120004FF0FF3701F0B5FD804672B62848408A8F
:100130002749098A884215D12548408AC0F5806040
:1001400085B2AC4230DB2248008AA0422CDD01207F
:100150001F4988700846408A08800846058A0020A2
:10016000488221E01A48408A1949098A884215DDE7
:100170001748408AC0F5806085B2AC4214DB144851
:10018000008AA04210DD0120114988700846408A8B
:1001900008800846058A0020488205E00C48008A4D
:1001A0000B49498A401A85B2A5420ADD0848408AAF
:1001B00030800748408A2044C0F30900044948823F
:1001C0000027404601F071FD3846BDE8F08100008F
:1001D000981D00200348C08A08B101207047002004
:1001E000FCE70000981D002010B501F052FD044608
:1001F00072B60448C08A401C0249C882204601F0F9
:1002000054FD10BD981D002070B50024002501F09C
:1002100040FD064672B6FFF7DDFF00284AD1FFF722
:10022000E3FF2748008A2649498A88423CD024486F
:100230008078012810D1224800882149098A401A73
:100240001F49888202208870002008800846808A22
:1002500010B90020887008821948807898B9184829
:10026000408A1749098A884207DD1548408A14499F
:10027000098A401A1249888205E01148008AC0F5AF
:1002800080600F4988820E48008A0E494518304622
:1002900001F00BFD01F0E0F80948818A0A48C268C4
:1002A00028469047044608E000F07CF8304601F00C
:1002B000FCFC02E0304601F0F8FC204670BD000076
:1002C000981D0020B01D0020B436010870B5064608
:1002D000002401F0DEFC054672B62F488078022823
:1002E00004D100202C498870088208E02A48008A3E
:1002F0002949898A0844C0F3090027490882264809
:10030000008A2549498A88423DD02348C08A01286D
:1003100039D121488078012810D11F4800881E4912
:10032000098A401A1C4988820220887000200880AF
:100330000846808A10B900208870088216488078A4
:1003400098B91548408A1449098A884207DD12483D
:10035000408A1149098A401A0F49888205E00E48EF
:10036000008AC0F580600C4988820B48008A0B49DE
:100370004418284601F099FC0748818A0848C26859
:100380002046904706E0284601F08FFC01F05EF819
:1003900000F008F870BD0000981D0020B01D00207E
:1003A000B436010810B501F074FC044672B6044876
:1003B000C08A401E0249C882204601F076FC10BD6A
:1003C000981D002002460648016804E0914201D1D0
:1003D0000120704749690029F8D10020F9E70000A1
:1003E0002802002070B50446054805680DB10020BC
:1003F0002872656102480460006800F01DF870BD55
:100400002802002010B50B4B19681B685A6909E0D7
:1004100003681468A34202D91146526902E0486198
:10042000426110BD4B69002BF2D14861436100BFAE
:10043000F7E700002802002070B504460B49086A5F
:100440008047054601202072084988698047284472
:100450002168884204D9054988698047284420607A
:10046000024A20689168884770BD00006C36010818
:100470003EB505460C4601A8FFF7C8FBBDF90800CC
:10048000009005A210212846019B02F019F9284688
:10049000EFF757FF20803EBD256473253033643A63
:1004A0000000000070B5456E2DB90125A0F86A5016
:1004B000A0F868501CE0082308240568AD68C5F35F
:1004C00042610568AD686A0F0A4DAD5C15FB04F525
:1004D000094EB65C95FBF6F5A0F86A50054D6D5CCB
:1004E00015FB03F5044E765C95FBF6F5A0F8685015
:1004F00070BD00000F3701081737010807B5016804
:10050000496821F01001BDF80820114302685160CC
:100510009DF80A200168496862F31F610268516012
:100520000EBD90F8281001F0010139B10168496849
:1005300021F40031C26A11430268516090F828101A
:1005400001F00201022907D10168496821F48031D4
:10055000026B11430268516090F8281001F0040109
:10056000042907D10168496821F48021426B1143B5
:100570000268516090F8281001F00801082907D19D
:100580000168496821F40041826B1143026851609F
:1005900090F8281001F01001102907D1016889682E
:1005A00021F48051C26B11430268916090F82810C9
:1005B00001F02001202907D10168896821F4005148
:1005C000026C11430268916090F8281001F040011C
:1005D000402913D10168496821F48011426C11430C
:1005E00002685160416CB1F5801F07D1016849680C
:1005F00021F4C001826C11430268516090F8281008
:1006000001F08001802907D10168496821F40021A7
:10061000C26C114302685160704738B5044600202F
:10062000C4F88C00F2F7D8FA05462068006800F09C
:10063000080008280CD16FF07E402B4600224FF4B2
:1006400000110090204600F0E5FD08B1032038BD00
:100650002068006800F0040004280CD16FF07E4090
:100660002B4600224FF480010090204600F0D2FD7E
:1006700008B10320EBE72020C4F88400C4F8880008
:100680000020E06600BF84F8800000BF00BFDEE706
:1006900070B50546AC6A0020A4F85E00A4F85600C8
:1006A0002046F4F711F970BD2DE9F0410546AC6A1A
:1006B000D4F88460D4F888702068806800F08000E6
:1006C000802807D1212E05D10020A4F8560020460D
:1006D00000F09AF82068806800F04000402807D1B8
:1006E000222F05D10020A4F85E00204600F03EF83D
:1006F000D4F88C0040F01000C4F88C002046F4F7C9
:10070000E3F8BDE8F08170B50546AC6A286800687A
:1007100000F02000F0B90020A4F8560000BF00BF90
:100720002168083151E8001F21F08000216808315C
:1007300041E80002002AF3D100BF00BF00BF2168DA
:1007400051E8001F41F04000226842E80001002902
:10075000F5D102E02046F4F709FC70BD70B50446FF
:10076000A56A2846F4F712FC70BD000000BF00BF68
:10077000026852E8002F22F49071036843E80012E7
:10078000002AF5D100BF00BF00BF0268083252E85E
:10079000002F104B02EA03010268083242E80013FE
:1007A000002BF2D100BFC16E01290CD100BF00BFE8
:1007B000026852E8002F22F01001036843E800129B
:1007C000002AF5D100BF2021C0F888100021C166A1
:1007D00001677047FEFFFFEF10B5044600BF00BF82
:1007E000216851E8001F21F04000226842E8000122
:1007F0000029F5D100BF2020C4F8840000206067E4
:100800002046F4F7B3FB10BD00BF00BF026852E8FA
:10081000002F22F0C001036843E80012002AF5D13E
:1008200000BF00BF00BF0268083252E8002F22F468
:1008300000010268083242E80013002BF3D100BF28
:100840002021C0F8841070472DE9F0410446B4F827
:100850006070D4F88800222857D12068406A86B298
:10086000A56D06EA07002880A06D801CA065B4F87D
:100870005E00401EA4F85E00B4F85E0000284AD175
:1008800000BF00BF216851E8001F21F4907022686A
:1008900042E800010029F5D100BF00BF00BF216878
:1008A000083151E8001F21F001002168083141E8BA
:1008B0000002002AF3D100BF2020C4F888000020E5
:1008C0002067E06E01281CD10020E06600BF00BF59
:1008D000216851E8001F21F01000226842E8000161
:1008E0000029F5D100BF2068C069C0F3001010B125
:1008F000102021680862B4F85C102046F3F73AFF34
:1009000009E02046F4F7AEFA05E02068806940F07F
:10091000080021688861BDE8F08100002DE9F84FEA
:100920000446B4F860B02068C5692068006800908B
:100930002068D0F808A0D4F8880022287ED1B4F826
:10094000689096E02068406A1FFA80F8A76D08EA70
:100950000B003880A06D801CA065B4F85E00401EBE
:10096000A4F85E002068C56905F00700B0B305F083
:10097000010060B1009800F4807040B1012021684E
:100980000862D4F88C0040F00100C4F88C0005F037
:10099000020058B10AF0010040B10220216808624B
:1009A000D4F88C0040F00400C4F88C0005F004007A
:1009B00058B10AF0010040B1042021680862D4F85F
:1009C0008C0040F00200C4F88C00D4F88C0028B1F0
:1009D0002046F3F779FF0020C4F88C00B4F85E00DD
:1009E00068BB00BF00BF216851E8001F21F4807080
:1009F000226842E800010029F5D100BF00BF00BF16
:100A00002168083151E8001F344A01EA02002168D8
:100A1000083141E80002002AF2D100BF2020C4F8CA
:100A2000880000202067E06E01281FD10020E066CA
:100A300000BF00BF216851E8001F01E046E018E058
:100A400021F01000226842E800010029F2D100BF25
:100A50002068C069C0F3001010B11020216808623E
:100A6000B4F85C102046F3F785FE02E02046F4F768
:100A7000F9F9B9F1000F04D005F0200000287FF447
:100A800061AFB4F85E6006B3B4F86800B04223DD2D
:100A900000BF00BF2168083151E8001F21F08050DD
:100AA0002168083141E80002002AF3D100BF0C4858
:100AB000206700BF00BF216851E8001F41F02000FF
:100AC000226842E800010029F5D105E0206880692C
:100AD00040F0080021688861BDE8F88FFEFFFFEF55
:100AE0004908010870B50446B4F86060D4F888007D
:100AF000222857D12068406A85B2F0B22840A16D03
:100B00000870A06D401CA065B4F85E00401EA4F8FB
:100B10005E00B4F85E0000284AD100BF00BF216823
:100B200051E8001F21F49070226842E8000100297A
:100B3000F5D100BF00BF00BF2168083151E8001F98
:100B400021F001002168083141E80002002AF3D1B8
:100B500000BF2020C4F8880000202067E06E012834
:100B60001CD10020E06600BF00BF216851E8001FD3
:100B700021F01000226842E800010029F5D100BFF1
:100B80002068C069C0F3001010B11020216808620D
:100B9000B4F85C102046F3F7EDFD09E02046F4F7C9
:100BA00061F905E02068806940F0080021688861EB
:100BB00070BD00002DE9F05F0446B4F860A0206825
:100BC000C5692068D0F800B02068D0F80890D4F843
:100BD000880022287DD1B4F8688095E02068406ABA
:100BE00087B20AF0FF003840A16D0870A06D401C6C
:100BF000A065B4F85E00401EA4F85E002068C569D8
:100C000005F00700A8B305F0010058B10BF480709F
:100C100040B1012021680862D4F88C0040F0010046
:100C2000C4F88C0005F0020058B109F0010040B191
:100C3000022021680862D4F88C0040F00400C4F857
:100C40008C0005F0040058B109F0010040B1042007
:100C500021680862D4F88C0040F00200C4F88C00CF
:100C6000D4F88C0028B12046F3F72EFE0020C4F8FB
:100C70008C00B4F85E0068BB00BF00BF216851E87B
:100C8000001F21F48070226842E800010029F5D19C
:100C900000BF00BF00BF2168083151E8001F354A7E
:100CA00001EA02002168083141E80002002AF2D17D
:100CB00000BF2020C4F8880000202067E06E0128D3
:100CC0001FD10020E06600BF00BF216851E8001F6F
:100CD00001E046E018E021F01000226842E800013F
:100CE0000029F2D100BF2068C069C0F3001010B124
:100CF000102021680862B4F85C102046F3F73AFD32
:100D000002E02046F4F7AEF8B8F1000F04D005F089
:100D1000200000287FF462AFB4F85E6006B3B4F838
:100D20006800B04223DD00BF00BF2168083151E8F0
:100D3000001F21F080502168083141E80002002A9C
:100D4000F3D100BF0C48206700BF00BF216851E805
:100D5000001F41F02000226842E800010029F5D17F
:100D600005E02068806940F0080021688861BDE8DE
:100D7000F09F0000FEFFFFEFE50A01082DE9FE4F9E
:100D8000044600200290BF492068884200D100E05C
:100D900000BF2169A068084361690843E16940EA2E
:100DA000010820680068B849084040EA0800216846
:100DB00008602068406820F44050E16808432168DA
:100DC0004860D4F81880AF492068884202D0206A71
:100DD00040EA080820688068AC49084040EA0800FA
:100DE000216888602068C06A20F00F00616A0843AB
:100DF0002168C86200BFA6492068884219D1032033
:100E0000F4F738FAB0F5403F08D06FF440310844A9
:100E100040B1012804D0022808D105E0012607E0EE
:100E2000022605E0042603E0082601E0102600BFA4
:100E30003DE098492068884219D10C20F4F71AFA4D
:100E4000B0F5402F08D0A0F54020001F40B1042885
:100E500004D0082808D105E0002607E0022605E0B6
:100E6000042603E0082601E0102600BF1FE08549A4
:100E7000206888421AD14FF44060874909680140D0
:100E800049B1B1F5806F0AD0B1F5006F05D0B1F569
:100E9000406F08D105E0002607E0022605E00426A1
:100EA00003E0082601E0102600BF00E0102600BF86
:100EB0007449206888425FD136B1022E08D0042ED2
:100EC00008D0082E0DD109E0F2F722FA05460CE011
:100ED000724D0AE0F2F73CFA054606E04FF4004591
:100EE00003E000250120029000BF00BF002D10D0BC
:100EF0006B49606A31F81000B5FBF0F9606800EBEF
:100F00004000484503D860680003484502D20120EC
:100F10000290ACE06249606A31F810C0624600237A
:100F200028461946EFF796F94FF4807C00230246D5
:100F3000A2FB0C0B01FB0CB102FB03136168490817
:100F400084461CEB010143F10000CDE90010D4F808
:100F500004C06246002308460199EFF77BF9074673
:100F6000B7F5407F05D3B7F5801F02D22068C76070
:100F70007DE0012002907AE0E069B0F5004F40D1B9
:100F8000092E17D2DFE806F005090D160F16161602
:100F90001300F2F7BDF9054610E0F2F7C9F905466E
:100FA0000CE03E4D0AE0F2F7D3F9054606E04FF4B7
:100FB000004503E000250120029000BF00BFFDB105
:100FC0003749606A31F81000B5FBF0F04000616805
:100FD00000EB5100B0FBF1F087B2102F0ED3B7F544
:100FE000803F0BD24FF6F07007EA000AC7F34200C9
:100FF0004AEA000A2068C0F80CA038E001200290FC
:1010000035E0092E17D2DFE806F005090D160F1698
:1010100016161300F2F77CF9054610E0F2F788F98E
:1010200005460CE01D4D0AE0F2F792F9054606E090
:101030004FF4004503E000250120029000BF00BFEF
:10104000ADB11749606A31F81000B5FBF0F0616886
:1010500000EB5100B0FBF1F087B2102F05D3B7F5CC
:10106000803F02D22068C76001E001200290012089
:10107000A4F86A00A4F8680000202067606702985E
:10108000BDE8FE8F00800040F369FFCFFFF4FF1141
:101090000038014000440040880000580024F4005B
:1010A000F036010830B503469965A3F85C20A3F833
:1010B0005E200020186700BF9868B0F5805F0AD1F5
:1010C000186920B940F2FF10A3F8600020E0FF206B
:1010D000A3F860001CE0986848B9186918B9FF20A7
:1010E000A3F8600014E07F20A3F8600010E0986887
:1010F000B0F1805F09D1186918B97F20A3F86000AA
:1011000006E03F20A3F8600002E00020A3F86000A2
:1011100000BF0020C3F88C002220C3F8880000BF65
:1011200000BF1C68083454E8004F44F001001C68FC
:10113000083444E80005002DF3D100BF586EB0F12B
:10114000005F31D1B3F8680090422DDC9868B0F5AB
:10115000805F04D1186910B92A48186701E02A484D
:10116000186700BF002083F8800000BF186960B1D5
:1011700000BF00BF1C6854E8004F44F480701D6835
:1011800045E80004002CF5D100BF00BF00BF1C687B
:10119000083454E8004F44F080501C68083444E898
:1011A0000005002DF3D12BE09868B0F5805F04D1E5
:1011B000186910B91548186701E01548186700BF8D
:1011C000002083F8800000BF186960B100BF00BF35
:1011D0001C6854E8004F44F490701D6845E8000412
:1011E000002CF5D10CE000BF00BF1C6854E8004F94
:1011F00044F020001D6845E80004002CF5D100BF34
:10120000002030BD1D090108B50B0108490801087F
:10121000E50A01082DE9F04104460D4617469846B7
:10122000069E6AE0701C002867D0F1F7D5FCA0EBA1
:101230000800B04200D846BB00BF00BF216851E89B
:10124000001F21F4D070226842E800010029F5D186
:1012500000BF00BF00BF2168083151E8001F21F026
:1012600001002168083141E80002002AF3D100BFE3
:101270002020C4F88400C4F8880000BF002084F84F
:10128000800000BF0320BDE8F0812068006800F006
:10129000040088B32068C069C0F3C02060B34FF475
:1012A00000602168086200BF00BF216851E8001F8C
:1012B00021F4D070226842E800010029F5D100BF76
:1012C00000BF00BF2168083151E8001F21F0010074
:1012D0002168083141E80002002AF3D100BF202034
:1012E00044F8840F6060A060843C00BF002084F854
:1012F000800000BF0320C6E7FFE72068C0692840E0
:10130000A84201D1012000E00020B8428AD000208C
:10131000B9E7000010B50248F3F7D8FA10BD000095
:10132000780300200FB42DE9F04188B006460D4641
:1013300017460020029080462E48007AB04206D21E
:101340006FF0040008B0BDE8F0015DF814FB294817
:10135000C0682840A84202D06FF00500F2E7254897
:10136000406828B127B1234802A9426803A89047E2
:1013700012A807904FF400711F48079B119A01F0C3
:10138000B1F91FFA80F8FEF72FFFBDF808104144AD
:1013900088B201A9FEF7C0FE401C18B300240CE07F
:1013A00003A8005D1549BDF804208854BDF8040069
:1013B000401C80B20190601C84B2BDF808008442D9
:1013C000EEDB0E49BDF8042088184FF40071079B2E
:1013D000119A01F087F900200790FEF7E3FFFEF76E
:1013E00013FFAFE700200790FEF7DCFF6FF002006D
:1013F000A8E70000981D0020B0210020B01D0020AB
:1014000010B518220021074800F0B6F84FF48062AA
:101410000021054800F0B0F80448016804488847F6
:1014200010BD0000981D0020B01D0020B43601083A
:10143000CD0201080448408A0349098A884201D143
:10144000012070470020FCE7981D002010B5002106
:10145000022000F065F810BD10B50121022000F057
:101460005FF810BD0149486070470000981D0020DA
:101470000149087270470000981D002010B500F067
:101480000EFC044672B60F48006830B10E49086879
:1014900080470D49486880470FE00C48006830B12C
:1014A0000949886880470849C868804705E00649B7
:1014B00008698047044948698047204600F0FBFBE3
:1014C00010BD00002C0200204C3601083002002024
:1014D0000020024908600249086070472C02002081
:1014E0003002002070B504460D4600F0D8FB0646D9
:1014F00072B63DB1012D0BD1084800682043074961
:10150000086006E005480068A0430449086000E060
:1015100000BF00BF304600F0CEFB70BD300200209F
:1015200070B504460D4600F0BAFB064672B63DB1F2
:10153000012D0BD10848006820430749086006E0E8
:1015400005480068A0430449086000E000BF00BFF0
:10155000304600F0B0FB70BD2C02002070B5034691
:101560000C4603E014F8015B03F8015B151EA2F1C1
:101570000106B2B2F6D170BD30B5034601E003F802
:10158000011B141EA2F10105AAB2F8D130BD10B59D
:10159000FFF774FF10BD7047704700002DE9F04160
:1015A00005460F46144600F077FB064672B62846FD
:1015B000FCF754FA034941F82040304600F078FB2C
:1015C000BDE8F081B02300202DE9FC5F07465848B4
:1015D000D0F800B000683840554908605548D0F848
:1015E00000805548D0F80090544805685448006879
:1015F000019069E0002400E0641C524850F8340077
:1016000028404B49096808400028F5D04D4850F85B
:10161000340028404649096800EA0106494800EBC1
:10162000C4004068304028B94FF0FF30454901EB15
:10163000C4014860434901EBC401496801EA06005E
:10164000FCF70CFA404908603E4800EBC4004068D3
:101650000A780121914088433A4901EBC40148606E
:1016600000F01AFB824672B63748017801208840A4
:101670003049096881432F48016001240DE0601E54
:10168000304951F8300030490A78012191408843AF
:10169000611E2C4A42F83100641E002CEFD15046E6
:1016A00000F006FB2949284A126851F822008047B9
:1016B0002048D0F800802048D0F800901F480568E6
:1016C0001F480068019000BF08EA05001849096832
:1016D000084020B1019809EA000000288AD04FF0A4
:1016E000FF3019490860FFF757FF00F0D5FA009066
:1016F00072B61048D0F800800F48D0F800900F481C
:10170000056808EA05000A490968084030B90C482C
:10171000006809EA000008B9FFF739FF009800F0F7
:10172000C7FAFFF738FF0248C0F800B0BDE8FC9FD9
:101730001002002008020020140200200C020020E9
:1017400018020020200200201C020020B0230020EC
:1017500070B504460D4600F09FFA064672B608487A
:101760000068204306490860064850F835002043C9
:10177000044941F83500304600F09AFA70BD000087
:1017800008020020200200202DE9F04104460E4608
:1017900017461D46DDF8188094B18DB100202060F9
:1017A0000848416A304688476060002020726072B5
:1017B000A072E560C4F81080E7726061BDE8F08156
:1017C0000120FBE76C36010810B50449C869804761
:1017D00004460248816A2046884710BD6C360108DD
:1017E00070B504460649C869804705460448416A01
:1017F000204688470646A81B014A916A884770BD63
:101800006C3601082DE9F04100BFEFF3108005466A
:1018100072B62949486980470746274908698047C1
:101820008046A8EB07062548006870B12348046885
:1018300000BF2068B04203D92068801B206001E00F
:10184000002020606469002CF3D113E01B48046879
:101850000068406919490860002020726072D4E96C
:1018600003108847E07A012804D1A07A10B92046F5
:1018700000F04EF81148006860B110480068006838
:101880000028E3D00C49886980470C490968096839
:101890008842DBD80948006838B108480068007AF7
:1018A00018B906480068FEF7C7FD00BF85F3108829
:1018B00000BFBDE8F08100006C360108280200205E
:1018C00010B500200249086002490868804710BD31
:1018D000280200206C36010870B504460D4600262B
:1018E0000CB901260FE00948416A28468847606024
:1018F0002046FEF767FD30B1204600F059F820463B
:1019000000F006F80646304670BD00006C3601084F
:101910002DE9F04704464FF00009002C3ED0204648
:10192000FEF750FD002839D1607A002836D100BF7B
:10193000EFF31080804672B667681B49086A8047DB
:101940000546AF4200D22F462760002020720120BA
:1019500060720020A0721548006830B91249086909
:1019600080472046FEF73EFD13E00F498869804717
:1019700006462168881920600C49206809680968B2
:10198000884203D22046FEF72DFD02E02046FEF7F6
:1019900039FD00BF88F3108800BF01E04FF0010956
:1019A0004846BDE8F08700006C3601082802002098
:1019B0002DE9F04105464FF00008002D43D000BF4F
:1019C000EFF31080074672B62148066804680120CC
:1019D000A8721F480068002830D0002068721C4898
:1019E0000068A84218D100201949096808721848EF
:1019F0000068406948B116480068406914490860A9
:101A000008460068FEF718FD16E01249C8688047CE
:101A100000200F4908600FE00BE0AC4207D160697D
:101A200010B16469746101E00024746103E026462A
:101A30006469002CF1D100BF4FF0000800BF87F3AC
:101A4000108800BF01E04FF001084046BDE8F0817A
:101A5000280200206C360108012806D0022808D090
:101A600003280AD0042810D10BE0094A126811613A
:101A70000CE0074A1268516108E0054A126891615A
:101A800004E0034A1268D16100E000BF00BF704764
:101A900068010020074890F80401022804D00620BD
:101AA000054981F8840403E00220034981F8840495
:101AB00070470000340B0020280600202DE9FC4769
:101AC00004460D4616461F46DDF83080CDE9006716
:101AD00029462046DDE90A23FDF714FE8146012D43
:101AE00005D16068FFF77CFEE1680844E060D4E956
:101AF0000301884201D92069E060C4F804804846A7
:101B0000BDE8FC8700BFFEE72DE9F04104460D4625
:101B100016464FF0000800272846EFF78BFE804658
:101B2000A719474504DCFF2F02DC0120BDE8F08146
:101B30000020FBE72DE9F04FC7B005460C461646DE
:101B40001F460DF5A07999E8000E1DB90A2047B08F
:101B5000BDE8F08FB4F5807F01DD0E20F7E74FF48C
:101B60008872002103A800F03DFB03A84B463A46CB
:101B70003146CDE900AB02902046F7F794FD2246AE
:101B8000294607A800F014FB4FF0060804F11000E6
:101B900081B2334603A8539AFDF750FA8046B8F154
:101BA000000F01D10020D2E7B8F1010F01D10120CF
:101BB000CDE70F20CBE7000010B504461048016ABE
:101BC0002046884708B9002010BD0E4884420AD339
:101BD0000D48844207D80B48201A0C49B0FBF1F29B
:101BE00001FB120008B10020EEE70948844202D34D
:101BF0000548844201D90020E6E70120E4E700001F
:101C00003C3C0108E0F8D11DA067611E400D0300B7
:101C10006035081C08B5002000900C4890F81801A9
:101C200090B16846F4F796FB08B1132008BD009BFD
:101C3000DAB2064B93F93910054B93F83702FFF7E8
:101C400063FF08B90820F1E70020EFE7340B00201C
:101C50002806002002480068C0F3022070470000F8
:101C60000CED00E010B5002804DB0A07130E054A4E
:101C7000135406E00A07140E034A00F00F031B1F5B
:101C8000D45410BD00E400E018ED00E0EFF3108044
:101C90007047EFF310807047EFF310807047EFF359
:101CA0001080704780F31088704780F31088704769
:101CB00080F31088704780F31088704770B5044631
:101CC0000D462946204600F077FE70BD10B50B7812
:101CD0001478634003704B785478634043708B787A
:101CE000947863408370CB78D4786340C3700B7969
:101CF0001479634003714B795479634043718B7954
:101D0000947963408371CB79D4796340C3710B7A42
:101D1000147A634003724B7A547A634043728B7A2D
:101D2000947A63408372CB7AD47A6340C3720B7B1C
:101D3000147B634003734B7B547B634043738B7B07
:101D4000947B63408373CB7BD47B6340C37310BDB0
:101D50000A7802704A7842708A788270CA78C270B3
:101D60000A7902714A7942718A798271CA79C2719B
:101D70000A7A02724A7A42728A7A8272CA7AC27283
:101D80000A7B02734A7B42738A7B8273CA7BC2736B
:101D9000704710B503E011F8013B00F8013B131E3A
:101DA000A2F10104E2B2F6D110BD00002DE9F04F1E
:101DB00091B004461546DDE91BC71A9E4B48D0F882
:101DC00000A007F0400010B14948D0F800A0022B55
:101DD00001DB242B03DD002011B0BDE8F08F07F0FC
:101DE000010008B1302000E0202081464FF00008BB
:101DF00007F0020028B1002D03DA4FF02D086D42E4
:101E0000761E002235B94FF0300B1046521C0DF8EB
:101E100000B00EE00BE0B5FBF3F003FB10501AF836
:101E200000B01046521C0DF800B0B5FBF3F5002DC4
:101E3000F1D1624500DD9446A6EB0C0607F00100E7
:101E400068B908E000BF202004F8010B491E09B959
:101E50002046C1E700BF301EA6F10106F2DCB8F152
:101E6000000F07D000BF04F8018B491E09B92046B6
:101E7000B2E700BF07E000BF04F8019B491E09B9A3
:101E80002046A9E700BF301EA6F10106F3DC08E0FA
:101E900000BF302004F8010B491E09B920469BE71A
:101EA00000BF6046ACF1010C9042F1DC09E000BFDC
:101EB0001DF8020004F8010B491E09B920468BE702
:101EC00000BF101EA2F10102F1DC08E000BF2020DB
:101ED00004F8010B491E09B920467DE700BF301EFA
:101EE000A6F10106F2DC204676E7000000020020A1
:101EF000040200200146002009E00B685A1C0A6019
:101F00001A7800EB800302EB4302A2F130000A686A
:101F10001278302A03DB0A681278392AEDDD70471F
:101F20002DE9F041C1F30A52A2F2FF362F4A304B9D
:101F30000D460446142E2FDA002E12DA00F07EFD34
:101F40000022134600F0EEFE4CD2002DA4BF002468
:101F5000254647DA25F00040204318BF254D41D0E3
:101F600018E0DFF894C02CFA06F705EA070C5CEAE3
:101F7000040C08BFBDE8F08100F060FD00221346AC
:101F800000F0D0FE2ED2002D03DA4FF48010F04086
:101F90000544BD43002425E0332EC8BFBDE8F081D1
:101FA000A6F1140C4FF0FF3727FA0CF73C4208BF9C
:101FB000BDE8F08100F0ECFE0022134600F0B2FE16
:101FC00010D2002D0DDA142E08BF6D1C09D0C6F1F9
:101FD0003400012101FA00F02044A04238BF6D1CFA
:101FE0000446BC4329462046BDE8F0819C75008824
:101FF0003CE4377E0000F0BFFFFF0F002DE9FF41FA
:1020000006460F46154695F8F000F0B12A463146CF
:102010006846FFF75BFE012409E0684600F0ECF833
:1020200005EB04116846FFF749FE601CC4B295F841
:10203000F000A042F1DC684600F004FB05EB04125E
:1020400069463846FFF742FE03E0FF2004B0BDE8D2
:10205000F0810020FAE700002DE9F05F81460E468E
:102060001446102E04D0182E03D0202E03D101E0E8
:1020700000BF00BF05E0002084F8F000FF20BDE8AD
:10208000F09F00BF324649462046FFF782FE06F128
:102090001C0080064FEA10680120C0EB2810C0B277
:1020A00084F8F000354601276EE0A5F1040A14F823
:1020B0000AC0A5F1030A14F80A10A5F1020A14F8DF
:1020C0000A20A5F1010A14F80A3095FBF6FA06FB7E
:1020D0001A5ABAF1000F19D16046DFF8B4A01AF805
:1020E00001A08AEA070CDFF8A8A01AF802101AF873
:1020F00003201AF800304FEAD71A4FF01B0B0AFBE7
:102100000BFA8AEA470A0AF0FF0712E0182E10DDE0
:1021100095FBF6FA06FB1A5ABAF1100F09D1DFF84F
:1021200070A01AF80CC01AF801101AF802201AF858
:102130000330A5EB060A0AF0FF0014F800A08AEAB3
:102140000C0A04F805A000F1010A14F80AA08AEAB2
:10215000010A05F1010B04F80BA000F1020A14F8C2
:102160000AA08AEA020A05F1020B04F80BA000F1AA
:10217000030A14F80AA08AEA030A05F1030B04F81B
:102180000BA0281DC0B2054645458EDB002076E732
:10219000D8370108F0F73EFDFDF714FEF6F794FA84
:1021A000F6F7DEFAF6F730FB01E0F6F7DFFAFCE7C8
:1021B00010B503E011F8013B00F8013B131EA2F13A
:1021C0000104A2B2F6D110BD10B5531E184403E0AD
:1021D00011F8013B00F80139131EA2F10104A2B26B
:1021E000F6D110BD10B501E000F8011B131EA2F1DD
:1021F0000104A2B2F8D110BD1FB5044621466846BD
:10220000FFF7A6FD9DF800009949085C9DF80510B0
:10221000984A515C48409DF80A10974A515C4840E2
:102220009DF80F10515C484020709DF80000114649
:10223000085C9DF805108E4A515C48409DF80A10D4
:102240008C4A515C48409DF80F108B4A515C4840C5
:1022500060709DF800001146085C9DF80510515C07
:1022600048409DF80A10824A515C48409DF80F1082
:10227000804A515C4840A0709DF800001146085CFF
:102280009DF805107C4A515C48409DF80A10515C4D
:1022900048409DF80F10764A515C4840E0709DF828
:1022A00004001146085C9DF80910724A515C4840D0
:1022B0009DF80E10704A515C48409DF80310515C27
:1022C000484020719DF804001146085C9DF80910F3
:1022D000674A515C48409DF80E10664A515C484080
:1022E0009DF80310644A515C484060719DF80400F9
:1022F0001146085C9DF80910515C48409DF80E108D
:102300005B4A515C48409DF803105A4A515C484072
:10231000A0719DF804001146085C9DF80910564A0A
:10232000515C48409DF80E10515C48409DF80310E8
:102330004F4A515C4840E0719DF808001146085C26
:102340009DF80D104B4A515C48409DF802104A4AD6
:10235000515C48409DF80710515C484020729DF840
:1023600008001146085C9DF80D10414A515C484038
:102370009DF802103F4A515C48409DF807103E4AC4
:10238000515C484060729DF808001146085C9DF859
:102390000D10515C48409DF80210354A515C484090
:1023A0009DF80710334A515C4840A0729DF8080020
:1023B0001146085C9DF80D102F4A515C48409DF86D
:1023C0000210515C48409DF80710294A515C484072
:1023D000E0729DF80C001146085C9DF80110254A3A
:1023E000515C48409DF80610234A515C48409DF8D6
:1023F0000B10515C484020739DF80C001146085C9E
:102400009DF801101A4A515C48409DF80610194A7F
:10241000515C48409DF80B10174A515C484060736E
:102420009DF80C001146085C9DF80110515C484075
:102430009DF806100E4A515C48409DF80B100D4A5D
:10244000515C4840A0739DF80C001146085C9DF853
:102450000110094A515C48409DF80610515C484003
:102460009DF80B10024A515C4840E0731FBD00000C
:10247000D8380108D8390108D83701082DE9F047C4
:1024800003460C460021002000BF05E0265CF64311
:10249000265400261E54401C9042F7DB002033E0F7
:1024A00006464FEAE07A00EB5A7A4FEAEA0AA0EBD6
:1024B000CA0ACAF1070A0AF0FF0C4FEAE07A00EBF9
:1024C0005A7ACAF3C708461C4FEAE67A06EB5A7AEC
:1024D0004FEAEA0AA6EBCA0ACAF1070A0AF0FF099C
:1024E0004FEAE67A06EB5A7ACAF3C70514F8086091
:1024F00046FA0CF606F0010779405E5D01FA09FA2A
:1025000046EA0A065E55401CB0EBC20FC8DBCE019E
:1025100046EA811611B94FF0010A01E04FF0000AB6
:102520000AF0010A46EA4A169E54BDE8F087000008
:1025300010B502460B4602B113B94FF0FF3010BD83
:102540000D480168002903DA0C48007800F0070103
:102550000846CC1701EB5474E410A1EBC401002928
:1025600000DA0831064850F821001060054850F89C
:10257000210018600020E2E7800200207C02002099
:10258000F43C01085C02002000B502460B4602B193
:1025900013B94FF0FF3000BD0F481049096850F8DB
:1025A000210010600E480D49096850F8210018609C
:1025B0000A4800680B49086008480078401C00F091
:1025C00007000649086008460068082801D100F0A5
:1025D0000BF80020DFE70000D43C01087C0200205B
:1025E0003402002080020020002003490860401EC1
:1025F00002490860704700007C0200208002002031
:10260000074800680749484343F239010844044930
:1026100008606FF00041B0FBF1F201FB120070475F
:10262000E40100206D4EC64170B504460D46FFF72B
:10263000E7FF291B491C90FBF1F201FB120020442B
:1026400070BD000002781A4B9A5C027002799A5CA5
:102650000271027A9A5C0272027B9A5C0273417880
:1026600042799A5C4270427A9A5C4271427B9A5CEF
:1026700042721A46525C42738178827A9A5C827006
:102680001A46525C82728179827B9A5C82711A4608
:10269000525C8273C17BC27A9A5CC273C2799A5CC3
:1026A000C272C2789A5CC2711A46525CC27070479C
:1026B000D83701080149086070470000E401002094
:1026C0000FB438B504460D4607A8009029462046A9
:1026D000009B069A00F006F80020009038BC5DF8D8
:1026E00014FB00002DE9FF4F87B005460E46002E73
:1026F00003DC00200BB0BDE8F08F2C46C4E0611B6A
:10270000701E814200DBC9E009980078252804D0BA
:102710000998007804F8010BB3E000270998401CE1
:10272000099009980078302801D147F001074FF04F
:10273000FF3A09980078302807DB09980078392893
:1027400003DC09A8FFF7D6FB82464FF0FF30049068
:1027500003900A20059009980078692847D006DC84
:1027600058283DD0632809D0642844D13EE073281E
:1027700014D075283ED078283DD134E002E02020E6
:1027800004F8010BAAF10100B0F1000AF7DC0A9885
:1027900010F8041B0A9004F8011B72E00A9850F824
:1027A000049B0A90B9F1000F01D10FF2FC094846D1
:1027B000EDF7C7FD804602E0202004F8010B5046EB
:1027C000AAF1010A4045F7DC4FF0000B05E019F8CB
:1027D000010B04F8010B0BF1010BC345F7DB50E0D3
:1027E00047F0400700BF1020059021E000BF47F0F0
:1027F000020700BF1CE009980078252802D0252098
:1028000004F8010B611B701E814200DB10E0099887
:10281000007820B10998007804F8010B02E00998CB
:10282000401E0990611B701E814200DB00E028E021
:1028300000BF03986C2806D10A98006806900A9891
:10284000001D0A900FE007F0020030B10A980068FE
:1028500006900A98001D0A9005E00A980068069004
:102860000A98001D0A900498CDE900A00297701EF6
:10287000621B811A2046DDE90532FFF797FA04460C
:1028800000BF0998401C09900998007800287FF43F
:1028900036AF611B701E8142BFF631AF00BF002012
:1028A0002070601B26E700003C4E554C4C3E00005B
:1028B00010B54FF400304FF0B041896B01434FF039
:1028C000B042916300BF00BF1146896B81439163A1
:1028D00000BF0448F2F7FEF90F20F0F7B5F9002029
:1028E00010BD00007803002010B5044607480460BE
:1028F000F5F7DAFEF5F7A2FF4FF00060044909682A
:102900000143034A116000BF002010BD10000020E9
:10291000800800581CB50446154804604FF40010A8
:1029200000901448DDE90012F1F784FF00BF114860
:102930000068C069C0F300400028F8D100BF0D480E
:102940000068C069C0F380500028F8D009480068CA
:10295000806840F480000749096888600548F1F7FD
:10296000E9FE012204490348F2F742FA00201CBDA7
:1029700014000020780300200C00002010B5064849
:10298000F2F76CF908B1EEF715FC0448EFF7F2FD29
:1029900008B1EEF70FFC10BD7803002008040020FA
:1029A00070B504460D462A4621460248F2F778FAE9
:1029B000002070BD7803002002780B785A40027026
:1029C00042784B785A40427082788B785A408270B5
:1029D000C278CB785A40C27002790B795A400271A2
:1029E00042794B795A40427182798B795A4082718F
:1029F000C279CB795A40C271027A0B7A5A4002727C
:102A0000427A4B7A5A404272827A8B7A5A40827268
:102A1000C27ACB7A5A40C272027B0B7B5A40027355
:102A2000427B4B7B5A404273827B8B7B5A40827342
:102A3000C27BCB7B5A40C2737047000010B591EA4D
:102A4000030F48BF83F0004300F1B681841A71EB95
:102A5000030C05D2121943EB0C03001B61EB0C01B4
:102A6000DFF824E14FEA1154A4EB135C1EEA430F94
:102A700018BF9EEA445F73D023EA0E03DCF1200EF8
:102A800021EA045143F4801332D322FA0CFE10EBF6
:102A90000E0023FA0CFE41EB0E01CCF1200E03FADE
:102AA0000EFE10EB0E0051F10001B1F5801FCCF1CC
:102AB000200E32D201EB045112FA0EF2BDE81040A2
:102AC00058BF7047401C38BF5FEA420218BF7047CA
:102AD000002814BF20F0010041F100014FEA41033A
:102AE00013F5001F38BF7047A1F1C04100F014B9C1
:102AF000012A43EB0302ACF1200CDCF11F0E32BFC4
:102B00004FF0000E23FA0CF310EB030041EB0451DD
:102B1000B4EB115FD0D0A1EB045101F5801149084D
:102B20005FEA300001EB04510ED350F1000038BFD2
:102B300012FA0EFE08D1BDE81040C9E7401C38BFAC
:102B40005FEA4202CAD1C3E7BDE810404FEA410341
:102B500013F5001F38BF7047A1F1C04100F0DCB889
:102B60009EEA445F08D011EA5E0FBDE8104004BF42
:102B700001F0004100207047BDE8104070B500F042
:102B80007DF800BF64FBBE3E0000E0FF491058BF67
:102B9000C1F140415B1058BFC3F140438B42EFF39A
:102BA000008070474FEA41034FEA5353A3F5806317
:102BB000D3F11E03C8BFD3F1210C0CDD4FF000424E
:102BC00042EAC12242EA505232FA03FC8CEAE17C2A
:102BD000ACEBE1707047102BC4BF0020704703F5C9
:102BE000787CBCF1FF3F04D06FF0004282EA210004
:102BF000704770B500F042F8499224800020704779
:102C0000F2E7000051EA030C17D41CF5801F58BFEF
:102C1000BCF5801F00F10680994218BF704708BFBD
:102C20009042704707D711F5801F58BF13F5801FDA
:102C300019D499427047894270471CF5801F08D506
:102C4000BCF5801FF7D58B4218BF704708BF824282
:102C500070474FF4001C1CEB410F38BF1CEB430FB7
:102C600001D28B42704770B500F008F892244900F9
:102C70004FF000514FF08053FFF788BF0EF1020E66
:102C80002EF0030E5EF8046B364205D4012A43EBA6
:102C9000030515F5001F12D8012841EB010C1CF5A6
:102CA000001F0CD80ED14FEAD17C15F5001F0CEB9C
:102CB0004C0C0CF1020C08BF4CEBD37C04E04FF041
:102CC000080C01E04FEAD37C0CEB4C0526FA05F624
:102CD00006F00706B6F1040C06D20EEB860CBDE832
:102CE00070404CF0010C6047DFE80CF0090B020269
:102CF0004FF000414FF00000A1F5002170BD1946D2
:102D00001046012851EB010418BFD4F5001484BF0C
:102D1000002001F0004170BD0808A0F500114FEA45
:102D20003101704753EA010C17D41CF5801F58BFBE
:102D3000BCF5801F00F106808B4218BF704708BFAA
:102D40008242704707D713F5801F58BF11F5801FC7
:102D500019D48B4270479B4270471CF5801F08D5E1
:102D6000BCF5801FF7D5994218BF704708BF904245
:102D700070474FF4001C1CEB430F38BF1CEB410F96
:102D800001D2994270470FB40CBC03BCFFF76BBF74
:102D900091EA030F10B581F000413FF557AE83F083
:102DA000004300F009B8000010B591EA030F48BFD6
:102DB00083F000433FF54AAE841A71EB030C07D24F
:102DC00012198CF0004C43EB0C03001B61EB0C015F
:102DD000DFF8A4E14FEA1154A4EB135C1EEA430FA1
:102DE00018BF9EEA445F00F0B08023EA6E035242AF
:102DF00021EA0451C3EB6E0338BF5B1EDCF1200EE9
:102E000025D322FA0CFE10EB0E0043FA0CFE41EB28
:102E10000E01CCF1200E03FA0EFE10EB0E0051F164
:102E20000001CCF1200E29D412FA0EF201EB04516C
:102E3000BDE8104058BF7047401C1CBFB2F1004FA6
:102E4000704700280CBF491C20F00100704712EBAE
:102E5000020E43EB030218BF4FF0010E4EEA42028E
:102E6000ACF1200CDCF11E0E54D943FA0CFE10EB31
:102E70000E0051F1FF31CCF11E0ED5D50EF1010E31
:102E800012FA0EFE404141EB010101EB445C5FEAA6
:102E90005C5C10D910EBDE7001EB045138BFBEF161
:102EA000004FBDE8104018BF704700280CBF491CF8
:102EB00020F00100704730D24FEAD42C11F50011F8
:102EC00024F400641BD0B1FA81F20B3AA41AA41EB8
:102ED000D2F12003914030FA03F31943904001EB03
:102EE000CC71002C01EB0451BDE81040A8BF704725
:102EF00001F1C0414FF0000001F000417047B0FA0D
:102F000080F310FA03F100D110BDE41A173C480514
:102F1000C90AE4E701EB045110BD491001EB04516B
:102F2000BDE810404FEA300002E04FF0000170476A
:102F30004A0008BF0042F8D0B2F5001F28BF704712
:102F400001F000414FF0000070479EEA445F07D057
:102F500011EA5E0FBDE8104004BF00210020704759
:102F6000BDE8104070B5FFF789FE00BF40DFF63EB8
:102F700083F00041104670470000E0FF43004FEA35
:102F8000D30C4FEA3C0C43401FBF40070CF160518B
:102F900013F0FE4F70471CF0006F03D100200CF0BF
:102FA000004170470CF0004343EA507010B540EA0E
:102FB000CC0000F01CFA00BF000000924FEA0001B4
:102FC000FFF7AABE4FF000414FF00000A1F500212D
:102FD0007047000090EA010F48BF81F0004100F106
:102FE0006282421A3CBF801A89184FEAD0524FF0D1
:102FF0007F4C1CEA410FA2EBD15318BF9CEA026F31
:1030000000F03B804FF0004C4CEA00204CEA0121DC
:1030100021FA03FC10EB0C0C1ED202F1FF325FEA26
:103020001C2040EBC25038BF70471CF07F0F4FEAA6
:10303000400C18BFBCF17F4F38BF7047C3F120036D
:10304000994008BF20F00100BCF17F4F38BF7047A6
:10305000A0F1C04000F011BA4FEA3C00000A40EB7A
:10306000C25028BF1CF0FF0F4FEA400CE6D018BF3B
:10307000BCF17F4F38BF7047EAE79CEA026F05D08A
:1030800010EA5C0F08BF00F00040704710B500F078
:10309000AEF900BF64FBBE3E4FF47F0C1CEAD012B9
:1030A0001EBF1CEAD11392EA0C0F93EA0C0F00F03A
:1030B000858090EA010F48BF42F4807240F4000C12
:1030C00041F400002CF07F4120F07F4000B58142A8
:1030D000A2EB03020FF2081CACEB504EC0F1000053
:1030E0009EF800E04FEA4E0E00FB0EFC38BF490090
:1030F0004FEA2C1C02F5FA020CFB0EF34FEACE1E2F
:103100004FEA112C4FEAC1210EEB635E42EB2242E3
:103110000EFB0CFC4FEA1C5300FB03114FEA112C71
:103120004FEA01310EFB0CFC4FEADC4C00FB0C11AA
:10313000C14228BF09184CEB03335DF804EB10EBD8
:10314000410143EBC250B2F57C0F38BF704729D51F
:1031500012F0F00F1CBF00F1C04000F000407047BB
:10316000008182838485868788898B8C8D8E8F9160
:103170009293959697999A9C9D9FA0A2A3A5A7A884
:10318000AAACAEB0B2B3B5B7B9BCBEC0C2C5C7C9B0
:10319000CCCED1D4D7D9DCDFE2E6E9ECF0F3F7FA14
:1031A000FE0000004FEA400C0CF1807CBCF17E4F29
:1031B00028BF7047B0F1C04000F05FB990EA010F3E
:1031C0000CEAD11348BF42F48072624538BF6345B0
:1031D00007D213F47F0F16D080EA010000F0004000
:1031E000704710B500F003F9097EFC3E00F005B809
:1031F00080EA010000F00040704780EA010000F022
:10320000004000F03AB912F47F0F04BF0248704743
:1032100080EA010000F031B90000C07F41000B0ED0
:10322000D3F19E0208D950F400034FEA032323FA96
:1032300002F048BF4042704710B500F0D8F800BF18
:1032400049922480002070476FF0004282EA2000FB
:1032500070470000C10DD1F19E0206DB4FEA00234A
:1032600043F0004323FA02F07047004207D54FEACB
:103270004001B1F1FE4F02D24FF00000704710B58F
:1032800000F0B5F849922480002070476FEA2000D2
:103290007047000010F0004148BF4042B0FA80F390
:1032A00010FA03F2C3F19D030BD051EAC35101EBB5
:1032B0001220530638BF704700F1010008BF20F00C
:1032C00001007047B0FA80F310FA03F2C3F19D03D6
:1032D0000AD0D90501EB1220530638BF704700F120
:1032E000010008BF20F00100704700004FF47F0C80
:1032F0001CEAD0121EBF1CEAD11392EA0C0F93EA0B
:103300000C0F00F0478090EA010F48BF42F4807232
:103310004FF0004C4CEA00204CEA012102EB030282
:10332000A0FB0113A2F50002002918BF43F001031E
:103330005B0028BF4FEA330342EB22425FEA132CC3
:103340004CEBC2502EBFBCEB436FB2F57C0F704705
:103350004FEA036CBCF1004F08BF20F00100B2F54A
:103360007C0F38BF70470BD582F0FF0212F5803F0B
:10337000C8BF704700F1C040D8BF00F000407047A0
:1033800000F5000C5FEA4C0C48BF7047B0F1C0403C
:1033900000F073B890EA010F0CEAD11348BF42F471
:1033A0008072624538BF634504D280EA010000F0B4
:1033B0000040704710B500F01AF800BF8900013EC8
:1033C00000F007B800F009B85FEA410C5FEA1C6C36
:1033D00008D080EA010000F050B85FEA400C5FEAD4
:1033E0001C6CF6D14FF00040A0F5800070470EF144
:1033F000020E2EF0030E5EF8044B244204D44FEA72
:103400004102B2F17F4F11D84FEA4003B3F17F4F31
:103410000CD80ED14FEAD07CB2F17F4F0CEB4C0CA4
:103420000CF1020C08BF4CEBD17C04E04FF0080C0F
:1034300001E04FEAD17C0CEB4C0324FA03F404F0D6
:103440000704B4F1040C06D20EEB840CBDE8104066
:103450004CF0010C6047DFE80CF0070802024FF067
:103460000040A0F5800010BD0846420018BFD2F110
:10347000807288BF00F0004010BDFF2141EAD050AB
:10348000C005704780F0004090EA010F7FF5A9ADBC
:1034900081F0004100F007B890EA010F48BF81F0C9
:1034A00000413FF59EAD421A04D882F00042A0EBE5
:1034B000020011444FEAD0524FF07F4C1CEA410FFA
:1034C000A2EBD15318BF9CEA026F4AD04FF0004CD8
:1034D0004CEA00204CEA012121FA03FCB0EB0C0C71
:1034E0000FD412F0FE0F36D05FEA4C001DD500124B
:1034F00040EBC25038BF70471CF03F0F18BF7047F9
:103500000BE0A2F101025FEA1C2040EBC25038BF81
:1035100070471CF07F0F18BF7047C3F1200399401C
:1035200014BF401E20F00100704780084FEA1223AC
:1035300008BF7047B0FA80FCA2EB0C02CCF1280C5B
:1035400060FA0CF093EA122F04BF00EBC2507047F0
:103550004FEAC3707047130A5FEADC1008BF704778
:10356000F6E79CEA026F04D010EA5C0F08BF002067
:10357000704710B5FFF73BFF40DFF63E81F000409B
:1035800070470000223233000088880200000000EB
:103590000000000000888888888888888888888853
:1035A00088888866010188888888888888888888CB
:1035B000888888886601022B7E151628AED2A6ABB5
:1035C000F7158809CF4F3C032B7E151628AED2A6DF
:1035D000ABF7158809CF4F3C040000000000000045
:1035E0000000000000000000007F0000000000005C
:1035F000000000000000000000008000000000004B
:103600000000000000000000000000810000000039
:103610000000000000000000000000008200000028
:103620000000000000000000000000000083000017
:10363000000000000000000000000000000000008A
:1036400000000000081C3044586C80008F95000872
:10365000BF950008A1950008C79500088D95000842
:10366000BD950008081C3044586C8000D1FF00084C
:103670000000000031000108810001081D00010860
:1036800091FF00089DFF0008B5FF000853FF0008E8
:103690000BFF0008F5FE0008CDFE000889FE0008BB
:1036A000E1FE0008A1FE000859FF0008081C304494
:1036B000586C8000E9280108B12801081529010883
:1036C000A1290108081C3044586C80001200240015
:1036D0003000000006000C00100000000000000098
:1036E0000100000002000000081C3044586C8000FB
:1036F000010002000400060008000A000C0010008F
:103700002000400080000001081C3044586C8001FB
:10371000010103070100000804020408010101007F
:10372000081C3044586C80000100000003000000B9
:10373000050000000100000001000000060000007C
:103740000A00000020000000020000000400000049
:103750000800000010000000400000008000000091
:103760000001000000020000000000000000000056
:103770000000000000000000010000000200000046
:103780000300000004000000A0860100400D0300BB
:10379000801A060000350C0040420F0080841E0095
:1037A00000093D0000127A000024F40000366E018A
:1037B0000048E801006CDC0200000000000000008E
:1037C0000000000000000000081C3044586C80001D
:1037D000E000000000000000637C777BF26B6FC5A7
:1037E0003001672BFED7AB76CA82C97DFA5947F004
:1037F000ADD4A2AF9CA472C0B7FD9326363FF7CCE0
:1038000034A5E5F171D8311504C723C31896059A7C
:10381000071280E2EB27B27509832C1A1B6E5AA09F
:10382000523BD6B329E32F8453D100ED20FCB15B8A
:103830006ACBBE394A4C58CFD0EFAAFB434D3385F3
:1038400045F9027F503C9FA851A3408F929D38F5C7
:10385000BCB6DA2110FFF3D2CD0C13EC5F974417FE
:10386000C4A77E3D645D197360814FDC222A908875
:1038700046EEB814DE5E0BDBE0323A0A4906245C01
:10388000C2D3AC629195E479E7C8376D8DD54EA966
:103890006C56F4EA657AAE08BA78252E1CA6B4C632
:1038A000E8DD741F4BBD8B8A703EB5664803F60E8B
:1038B000613557B986C11D9EE1F8981169D98E947A
:1038C0009B1E87E9CE5528DF8CA1890DBFE6426893
:1038D00041992D0FB054BB16C6F8EEF6FFD6DE9117
:1038E0006002CE56E7B54DEC8F1F89FAEFB28EFB22
:1038F00041B35F452353E49B75E13D4C6C7EF583FA
:103900006851D1F9E2AB622A0895469D30370A2FFB
:103910000E241BDFCD4E7FEA121D583436DCB45B1B
:10392000A476B77D52DD5E13A6B900C140E379B637
:10393000D48D67729498B085BBC54FED869A661199
:103940008AE904FEA078254BA25D80053F2170F135
:103950006377AF4220E5FDBF811826C3BE35882EB0
:103960009355FC7AC8BA32E6C0199EA344543B0B67
:103970008CC76B28A7BC16ADDB647414920C48B8D6
:103980009FBD43C43931D3F2D58B6EDA01B19C4966
:10399000D8ACF3CFCAF447106FF04A5C385773972E
:1039A000CBA1E83E96610D0FE07C71CC9006F71C30
:1039B000C26AAE6917993A27D9EB2B22D2A90733ED
:1039C0002D3C15C987AA50A50359091A65D784D07B
:1039D00082295A1E7BA86D2CA584998D0DBDB154EA
:1039E0005003A97D1962E69A459D408715EBC90BE6
:1039F000EC67FDEABFF7965BC21CAE6A5A41024F04
:103A00005CF434089373533F0C52655E28A10FB5E4
:103A100009369B3D2669CD9F1B9E742E2DB2EEFB71
:103A2000F64D61CE7B3E7197F568002C601FC8EDA6
:103A3000BE46D94BDED4E84A6B2AE516C5D7559465
:103A4000CF100681F044BAE3F3FEC08AADBC48044F
:103A5000DFC17563301A0E6D4C14352FE1A2CC39DD
:103A600057F28247ACE72B95A098D17F667EAB8357
:103A7000CA29D33C79E21D763B564E1EDB0A6CE424
:103A80005D6EEFA6A8A4378B324359B78C64D2E0A1
:103A9000B4FA0725AF8EE918D5886F7224F1C751A3
:103AA000237C9C21DDDC86859042C4AAD8050112C6
:103AB000A35FF9D0915827B93813B333BB7089A7E6
:103AC000B622922049FF787A8FF88017DA31C6B88B
:103AD000C3B07711CBFCD63A0C0B0A0908070000DB
:103AE00048E8010048E8010048E8010048E8010012
:103AF00048E8010048E8010033333373F2F233330E
:103B00003373DEDE40FE181C800B1C1CC0181F1C0B
:103B10000026221CE0584B1C20664E1C6073511C72
:103B2000A080541CC0C1E21D00CFE51D40DCE81D93
:103B300080E9EB1D601C151EA029181EE0361B1E17
:103B400020441E1E00050060000000000000000070
:103B50000100000000000000000000000000000064
:103B60000000000000000000080A0C0D0E101214E6
:103B700015181A1B1D1E212480818200081C304448
:103B8000586C8000C01200001F000000A816000042
:103B900017000000841C00000F000000E425000056
:103BA0001E000000B42D00001600000008390000BF
:103BB0000E0000002C4C00001D000000685B00009F
:103BC00015000000747200000D00000058980000FD
:103BD0001C00000034B7000014000000E8E40000FE
:103BE0000C000000783101001B000000686E01002D
:103BF0001300000034CA01000B000000286202001C
:103C00001A00000040DB0200120000003C93030099
:103C10000A000000C0C204001900000060B30500E3
:103C200011000000382007000900000020A1070053
:103C300000000000081C3044586C80006DAD000886
:103C40003DAD0008D1B5000889B50008A1B1000854
:103C5000A1B20008A5B60008D5BC0008FDAB00085D
:103C600089C20008C5B3000835C2000855C2000863
:103C7000E5B2000861C2000889BE0008DBB2000896
:103C800055C30008BBB2000865C30008C7B20008EE
:103C900095B5000861B6000861AD000815AE0008D2
:103CA00055B30008D5B9000821C3000805C30008B2
:103CB0000DBA0008D5BE00080DAB0008F3AA000835
:103CC00004050604030202010101010000000000D6
:103CD0000000000040FE181C800B1C1CC0181F1C9C
:103CE0000026221CE0584B1C20664E1C6073511CA1
:103CF000A080541CC0C1E21D00CFE51D40DCE81DC2
:103D000080E9EB1D601C151EA029181EE0361B1E45
:103D100020441E1E0D0A2323232323232042454132
:103D2000434F4E205245434549564544207C20444C
:103D3000523A2564207C20525353493A2564207C12
:103D400020534E523A2564207C2046513A25642067
:103D50007C2054494D453A2564207C2044455343FA
:103D60003A2564207C20494E464F3A30325825305F
:103D700032582530325820253032582530325825D7
:103D80003032580D0A00000023232323232320442C
:103D90002F4C204652414D453A25303464207C203A
:103DA000504F52543A2564207C2044523A256420D6
:103DB0007C20534C4F543A2573207C205253534956
:103DC0003A2564207C20534E523A25640D0A0000A7
:103DD0003100000032000000435F4D43000000004E
:103DE000505F4D4300000000430000005000000001
:103DF0006572726F723A204174206C656173742031
:103E00006F6E6520726567696F6E207368616C6C98
:103E100020626520646566696E656420696E207441
:103E20006865204D573A20636865636B206C6F723C
:103E30006177616E5F636F6E662E68200D0A000009
:103E4000253032583A253032583A253032583A2502
:103E50003032583A253032583A253032583A2530E7
:103E600032583A253032583A253032583A253032D5
:103E7000583A253032583A253032583A253032589F
:103E80003A253032583A253032583A253032580DDA
:103E90000A00000072785F63685F353032300000DE
:103EA0006368616E5F6D756C746953465F300000C6
:103EB00072785F63685F3530353100006368616E2A
:103EC0005F6D756C746953465F3100006368616EA5
:103ED0005F6D756C746953465F32000072785F6382
:103EE000685F3530353300006368616E5F6D756CF7
:103EF000746953465F33000072785F63685F3530E2
:103F0000313400006368616E5F6D756C746953468F
:103F10005F3400006368616E5F6D756C7469534651
:103F20005F35000072785F63685F353031360000BE
:103F30006368616E5F6D756C746953465F3600002F
:103F400072785F63685F3530343700006368616E94
:103F50005F6D756C746953465F37000072785F63FC
:103F6000685F35303138000072785F63685F3530E4
:103F7000343900004D756C74695F43004D756C7485
:103F8000695F50006572726F723A20526567696F9F
:103F90006E206973206E6F7420646566696E656457
:103FA00020696E20746865204D573A20736574202F
:103FB0006C6F726177616E5F636F6E662E682061F1
:103FC00063636F7264696E676C790D0A00000000AC
:103FD000303132333435363738394142434445463F
:103FE0004748494A4B4C4D4E4F50515253545556E9
:103FF0005758595A000000003031323334353637C3
:1040000038396162636465666768696A6B6C6D6E96
:104010006F707172737475767778797A000000002A
:1040200040400108000000208402000074010008E4
:1040300078410108840200209C2B0000D001000878
:1040400001181ED03D0108D4041AE8041AD8041A35
:10405000EC041AE004320213FD1514087518140854
:1040600001191408351614081590140861921408E3
:10407000D18D1B08DD04411BD98C2012931B082D08
:104080001C1A910C4BC98B1813BD941B08B1041357
:10409000318E1B08A93412029201320463401F635F
:1040A000102713980482203210392E53093D32E034
:1040B00013895D1B08B5041AC1044BE560641AD569
:1040C0000C1B015E68591001141EA03E0108BC04BF
:1040D0001ACC041AE8041E043F010814041A300420
:1040E0001A4C04811AF81C1A24101A5C041A940C35
:1040F0001A40081A68041AB00C1ADC04811ED03D5C
:104100000108D4041AE8041A74201AEC089A7C48AE
:1041100051000814818280010302841A0ADB39DC11
:10412000B11B7401FC9AFF0C0117A91C592F212205
:10413000F24B181B18E958A9281AF8A45AD0A85A03
:10414000FF0101201AA0F81ABC041ACC041AE804D2
:104150001A04401A14041A30049A4CF41AF81C1A5F
:1041600024101A5C041A940C1A40081A68041AB035
:084170000C1ADC046974000064
:0400000508000139B5
:00000001FF
