:020000040800F2
:10000000082C002051010008119400083158000804
:10001000B1920008D7100008312401080000000048
:1000200000000000000000000000000051F3000884
:10003000DD150008000000008D9F000891040108F4
:100040006B0100086B010008910701086B010008B3
:100050006B0100086B010008BD1600086B01000869
:100060006B0100086B0100086B0100086B010008C0
:100070006B0100086B0100086B01000811150008F6
:100080006B0100086B0100086B0100086B010008A0
:10009000000000006B0100086B0100086B01000804
:1000A0006B0100086B0100086B0100086B01000880
:1000B0006B0100086B0100086B0100086B01000870
:1000C0006B0100086B0100086B0100086B01000860
:1000D0006B010008411C01086B0100086B0100085E
:1000E0006B0100086B01000801B400086B010008F7
:1000F0006B01000800000000000000006B01000818
:100100006B0100086B01000819E600086B0100088C
:100110006B0100086B0100086B0100086B0100080F
:100120006B0100086B0100086B0100086B010008FF
:100130006B0100086B010008DFF810D000F026FC0E
:100140000048004745340108AFF30080082C002028
:100150000648804706480047FEE7FEE7FEE7FEE761
:10016000FEE7FEE7FEE7FEE7FEE7FEE78D07010894
:10017000390100082DE9F05F0546002092469B46B4
:1001800088460646814640241BE0284641464746AD
:10019000224600F0A3FA53465A46C01A914110D3A2
:1001A00011461846224600F08AFA2D1A67EB01081C
:1001B0004F4622460120002100F081FA17EB00098A
:1001C0004E41201EA4F10104DFDC484631462A4698
:1001D0004346BDE8F09F40EA01039B0703D009E0D6
:1001E00008C9121F08C0042AFAD203E011F8013B23
:1001F00000F8013B521EF9D27047D2B201E000F87C
:10020000012B491EFBD270470022F6E710B51346BA
:100210000A4604461946FFF7F0FF204610BD421C6F
:1002200010F8011B0029FBD1801A7047F0B480EA56
:100230000102D40F4200B2EB410F02D2024608463F
:1002400011464A0042D0C30DDDB2C1F3C752AD1A08
:10025000202D35DAC1F3160141F4000204B15242F7
:10026000C5F1200602FA06F12A411044B3EBD05F33
:1002700023D0C4B1012DA0EBC35009DCF0BC4FF07A
:10028000004202EAC352DBB200F5000000F051BAAE
:10029000400000F1807000EBC350A0F1807040EA94
:1002A000D170490009E0490841EAC071A0EBC35090
:1002B00000F50000400800EBC350F0BC00F030BA7D
:1002C0006142012202EB4101001BF6E7F0BC7047DE
:1002D00081F00041AAE780F00040A7E780EA010230
:1002E00010B502F00043400022D04A001FD0010E9A
:1002F00001EB1261C0F35600C2F3560240F4000055
:1003000042F40002A0FB022000047F39140400D054
:10031000401C50EA124001D44000491EC2B20C06F3
:1003200004EBD010401C4008802A02D003E00020DB
:1003300010BD20F00100002900DA0020184310BD94
:100340002DE9FE4F804681EA0300C00F0C46009065
:1003500021F0004123F00045B8EB0200A94105D28D
:100360004046214690461C460B46024623F000407C
:10037000104347D0270DC7F30A00C3F30A51029078
:10038000401A019040286BDAC3F3130040F4801B3D
:100390000098924620B10023D2EB030A63EB0B0BCB
:1003A00001985946C0F14002504600F088F90646CF
:1003B0000D4650465946019A00F0A0F910EB08008E
:1003C0006141002487EA115284EAE7731A4340D05E
:1003D000009A62B3019A012A4FEA075215DC001B0A
:1003E00061EB02014FF0004202EA0752CDE9004200
:1003F000001C41F5801132462B4600F0D7F903B0BE
:10040000BDE8F08F40462146F9E7001B61EB020191
:10041000001C41F5801300185B412018A2F500175D
:1004200047EB030140EAD570B6196D4111E06D0844
:100430004FEA360645EAC0754FEA0752001B61EBEA
:100440000201001C41F5801149084FEA30000019F3
:10045000514132462B4603B0BDE8F04F00F097B94A
:100460000098012240000023D0EB020263EBE0730E
:10047000009821464FEAE074B8EB000061EB0401FC
:10048000E9E783F000435BE781F0004158E72DE99D
:10049000F04D81EA030404F0004B21F000451446BE
:1004A0004FF0000A23F0004150EA050220D054EA40
:1004B00001021DD0C5F30A570246C5F31303C1F369
:1004C0001300C1F30A5640F4801543F48013A7EBE0
:1004D0000608101BD64608F2FD3873EB050002D360
:1004E00008F1010801E092185B41B8F1000F03DA4E
:1004F00000200146BDE8F08D00204FF48011064633
:1005000084460EE0171B73EB050705D3121B63EB44
:10051000050306434CEA010C49084FEA30009218E3
:100520005B4150EA0107EDD152EA030012D082EAA2
:10053000040083EA0501084305D0101BAB4106D235
:100540000122002306E000224FF0004302E06FF09A
:10055000010253101AEB06004CEB085110EB0A0095
:1005600041EB0B01BDE8F04D00F011B9C10F80EA7D
:10057000E0700844CA079623002100F0DAB89623F9
:100580000022114600F0D5B80EB5C10F80EAE07028
:100590000844CA07002140F233438DE80E000A46A2
:1005A0000B4600F003F903B000BD0EB540F2334135
:1005B00002910021CDE900110A460B4600F0F6F841
:1005C00003B000BD00F0004220F00040C10DC0F3B8
:1005D000160040F400007F2901DA002070479629B8
:1005E00003DCC1F19601C84001E096398840002A39
:1005F000F4D04042704770B5C1F30A5201F0004593
:100600000024C1F3130140F2FF3341F480119A42F8
:1006100001DA002070BD40F233439A42A2F2334225
:1006200003DC524200F05AF800E090402C43F1D035
:10063000404270BD00F0004230F000400AD0C10DD1
:1006400001F56071C0F3160042EA0151C20840078B
:100650001143704700200146704701F0004330B459
:1006600021F0004150EA010206D00A0DA2F56072A5
:10067000C1F31301002A02DC30BC00207047440F94
:1006800044EAC104C100E01830BC00EBC25000F0E5
:1006900047B830B50B46014600202022012409E06E
:1006A00021FA02F59D4205D303FA02F5491B04FA2B
:1006B00002F52844151EA2F10102F1DC30BD202A0A
:1006C00004DB203A00FA02F1002070479140C2F1A9
:1006D000200320FA03F3194390407047202A04DBDB
:1006E000203A21FA02F00021704721FA02F3D040AB
:1006F000C2F120029140084319467047202A06DBC8
:10070000CB17203A41FA02F043EAE07306E041FADF
:1007100002F3D040C2F120029140084319467047CD
:100720000029A8BF7047401C490008BF20F0010005
:10073000704710B4B0FA80FC00FA0CF050EA0104E3
:1007400004BF10BC704749B1CCF1200421FA04F475
:1007500011FA0CF118BF012121430843A3EB0C014E
:10076000CB1D4FEA00614FEA102042BF002010BCB1
:10077000704700EBC35010440029A4BF10BC704761
:10078000401C490008BF20F0010010BC704710B5A4
:10079000141E73F1000408DA401C41F100019218A4
:1007A0005B411A4301D120F0010010BD2DE9F04D4D
:1007B00092469B4611B1B1FA81F202E0B0FA80F2A2
:1007C00020329046FFF77BFF04460F4640EA0A00BE
:1007D00041EA0B0153465A46084313D0114653EAE7
:1007E000010019D0C8F140025046FFF777FF0546D7
:1007F0000E46504659464246FFF761FF084305D072
:10080000012004E020463946BDE8F08D0020054374
:1008100046EAE0762C4337430A986305E40AA0EBE6
:1008200008000022FD0A44EA47540A3002D500209D
:100830000146E9E7010510196941DDE9084500199C
:100840006941BDE8F04DA2E72DE9FE4F81EA0304BE
:1008500004F0004421F0004100944FF0000B23F01D
:10086000004350EA01045ED052EA03045BD0C3F3B4
:100870000A54C1F30A552C44A4F2F3340194A0FBAA
:100880000254C1F3130141F48011C3F3130343F481
:10089000801301FB024400FB034E840A970A44EADA
:1008A000815447EA8357A4FB076802958D0A05FB2C
:1008B00007854FEA932C04FB0C542705029D4FEA51
:1008C000065847EA1637B5EB08056EEB070C870E9E
:1008D000920E47EA811742EA8312A7FB0201B6EBA8
:1008E0000B0164EB00042B0D43EA0C335E1844EB60
:1008F0001C50DA465146E7FB0201C5F313044FEAE8
:100900000B3343EA14534FEA0432019C43EA0603D3
:10091000A4F10C040294009CCDE900B4FFF746FF5B
:1009200003B0BDE8F08F00200146F9E7C1F30A5299
:10093000C1F3130140F2FF3341F480119A4202DA0D
:1009400000200146704740F233439A42A2F23342FC
:1009500002DC5242FFF7C2BEFFF7B1BE30B5041E43
:1009600071F1000404DB4FF00044404264EB0101EC
:10097000141E73F1000405DB1C464FF00043524285
:1009800063EB0403994208BF904230BD064C074D0B
:1009900006E0E06840F0010394E80700984710344F
:1009A000AC42F6D3FFF7CCFB7C4601089C4601081D
:1009B00070B58C1810F8015B15F0070301D110F821
:1009C000013B2A1106D110F8012B03E010F8016B4E
:1009D00001F8016B5B1EF9D12B0705D40023521ED1
:1009E0000DD401F8013BFAE710F8013BCB1A921C39
:1009F00003E013F8015B01F8015B521EF9D5A14237
:100A0000D8D3002070BD000070B50446206804F003
:100A1000E1FF50B3206804F0C9FF40B92068816845
:100A2000134A114041F01001816000BF00BF02F085
:100A300089FB054613E002F085FB401B02280ED916
:100A40002068806800F0040048B1A06D40F01000FC
:100A5000A065E06D40F00100E065012070BD2068F8
:100A6000806800F004000028E5D10020F6E70000CF
:100A7000E8FFFF7F70B50446206804F097FF064644
:100A8000206804F098FF78B376BB2068806800F097
:100A90000500012806D1206804F078FF03202168B2
:100AA000086009E0A06D40F01000A065E06D40F026
:100AB0000100E065012070BD02F044FB054614E032
:100AC00002F040FB401B02280FD92068806800F02C
:100AD000010050B1A06D40F01000A065E06D40F045
:100AE0000100E0650120E6E705E02068806800F08D
:100AF00001000028E4D10020DDE7000038B50446FD
:100B000000200090206804F056FF00284FD1206894
:100B100080682849084048B1A06D40F01000A065E9
:100B2000E06D40F00100E065012038BD206804F070
:100B300035FF00BF2048006800F0E07000F40000BE
:100B400068B11E4800681E49B0FBF1F0401C0090DF
:100B500002E00098401E009000980028F9D1607EC5
:100B6000012824D002F0EEFA05461AE0206804F0CD
:100B700022FF10B9206804F011FF02F0E3FA401BD5
:100B800002280ED92068006800F0010048B9A06D65
:100B900040F01000A065E06D40F00100E06501202C
:100BA000C3E72068006800F001000028DED00020C4
:100BB000BBE700001700008008270140B4000020B8
:100BC000400D03003EB50446002500200090019032
:100BD000029008F081F9144801F082F908B100F0A0
:100BE00097FD009400200190029069460E4801F0A4
:100BF00023FA08B100F08CFD0B4801F077FD08B135
:100C000000F086FD4FF0FF31074801F009FD06486E
:100C100001F09FFD044801F085FB0546024801F004
:100C200023FB28463EBD00003C02002030B589B0C1
:100C300005460C461022002105A812F02DFC224684
:100C400005A905A812F032FB9DF8140000F0800001
:100C5000E8B100BF00200AE005A9095C4A0005AB25
:100C6000411C595C42EAE11105AA1154401C0F28AD
:100C7000F2DB9DF823104906090E8DF8231000BF02
:100C80009DF8230080F087008DF8230016E000BF58
:100C900000200AE005A9095C4A0005AB411C595C2B
:100CA00042EAE11105AA1154401C0F28F2DB9DF81D
:100CB00023104906090E8DF8231000BFD4F8140143
:100CC00010280FD100BF002009E004F20111095CD7
:100CD00005AA125C514004F201121154401C102864
:100CE000F3DB5DE09DF8140000F08000E8B100BF88
:100CF00000200AE005A9095C4A0005AB411C595CCB
:100D000042EAE11105AA1154401C0F28F2DB9DF8BC
:100D100023104906090E8DF8231000BF9DF823000B
:100D200080F087008DF8230016E000BF00200AE065
:100D300005A9095C4A0005AB411C595C42EAE11176
:100D400005AA1154401C0F28F2DB9DF82310490618
:100D5000090E8DF8231000BF802104F20110D4F891
:100D60001421815405E0002104F20110D4F814216B
:100D70008154D4F81401401CC4F814011028F2D393
:100D800000BF002009E004F20111095C05AA125C11
:100D9000514004F201121154401C1028F3DB00BF33
:100DA00000BF00200AE004F1F101095C04F2011225
:100DB000125C514004F1F1021154401C1028F2DB86
:100DC00000BF102204F1F10101A812F04BFB2246F2
:100DD000294601A812F06AFA1022002105A812F093
:100DE0005BFB09B030BD10B504461022002104F1B0
:100DF000F10012F051FB0020C4F81401F022002190
:100E0000204612F049FB10BD70B504460D4622463F
:100E10001021284612F078FA70BD2DE9FF410446F2
:100E20000F461546D4F81401002846D0D4F8140112
:100E3000C0F11000A84204D2D4F81401C0F110008F
:100E400000E028460646B2B204F20111D4F814318B
:100E50005818394612F006FBD4F814013044C4F88F
:100E60001401D4F81401102801D3B54201D1BDE812
:100E7000FF8100BF00200AE004F1F101095C04F2E7
:100E80000112125C514004F1F1021154401C10286F
:100E9000F2DB00BF102204F1F101684612F0E2FA21
:100EA00022466946684612F001FA1022694604F1AA
:100EB000F10012F0D7FA3744AD1B21E000BF00204B
:100EC00008E004F1F101095C3A5C514004F1F102DF
:100ED0001154401C1028F4DB00BF102204F1F10172
:100EE000684612F0BFFA22466946684612F0DEF9FB
:100EF0001022694604F1F10012F0B4FA1037103DE7
:100F0000102DDBD8AAB2394604F2011012F0AAFA69
:100F1000C4F8145100BFAAE70EB5104890F83C047D
:100F2000B0B902208DF808000D480090A030019063
:100F3000A0F5207191F8400069460DF055F80020A9
:100F4000064981F814040021044880F83C1400BFCD
:100F5000024890F8121480F83D140EBD700600206F
:100F60005C0D00200EB5194890F81204174991F84D
:100F70001114884229DA154890F81204401C1349CC
:100F800081F8120491F8120400EBD0714910A0EB23
:100F90004101012919D122208DF804000C4890F854
:100FA00074008DF806000A4890F839008DF80500A5
:100FB000074991F8400001A90CF0FFFF009000984C
:100FC00041B2034880F8391000BF0EBD7006002002
:100FD0007C0B002010B5044634B1012C12D0022C39
:100FE0001DD0032C36D127E0002202214FF0904083
:100FF00002F0A2F800224FF480714FF0904002F00E
:101000009BF828E0012202214FF0904002F094F872
:10101000012211024FF0904002F08EF81BE00122F5
:1010200002214FF0904002F087F8012211024FF0A8
:10103000904002F081F80EE0012202214FF0904032
:1010400002F07AF800224FF480714FF0904002F0E5
:1010500073F800E000BF00BF002010BD014609B9D1
:101060000F2000E0162070470220704700B585B0C1
:1010700014216846FFF7C8F8042004F0FFFC0420A0
:1010800004F0FCFC4FF480700090012001900020DF
:1010900002900320039069464FF0904001F07AFFE0
:1010A0000220009069464FF0904001F073FF00224B
:1010B0004FF480714FF0904002F03EF80022022180
:1010C0004FF0904002F038F8002005B000BD01203C
:1010D00070470020704700BFFEE72DE9F04F87B052
:1010E0000446884691461F464FF0000A94F9105076
:1010F00094F911B0A06838606079012858D10220B5
:101100008DF81400A07C8DF81600E07C05A90CF089
:1011100054FF0490049846B2B54201DD284600E031
:1011200030460546B54203D10020386082463FE094
:10113000A189A068884202D34FF0010A01E04FF074
:10114000000AA089E1890844A168884230D80820B3
:101150008DF81400E07C05A90CF02FFF0490049892
:101160004FFA80FBE189A068B0FBF1F201FB1200AD
:1011700001281DD122208DF814008DF81550A07C77
:101180008DF81600E07C05A90CF017FF0490049878
:1011900045B2B5420CD14FF0000A2079012807D1A1
:1011A00002208DF80C00E07C01A90CF01DFF00BFAF
:1011B00088F8005089F800B0504607B0BDE8F08FBD
:1011C0000848006B60B90848D0F818040549B1F820
:1011D0000A1148430449D1F81814411A014801631F
:1011E000704700007C0B00207006002010B50446FC
:1011F0000748D0F8480350B10548D0F84803C06804
:1012000028B10348D0F84803C1682046884710BD7C
:101210007006002038B505460C460020009069464F
:10122000284600F07BFD08B1002038BD00988442BC
:1012300002D80098401C08B90120F6E70020F4E726
:1012400010B505F04DFC08B10E2010BD084890F80F
:101250000401012809D105F049FC08B10F20F4E789
:1012600005F042FC08B10F20EFE70020EDE7000099
:101270007C0B00200B4890F812040A4991F81114D5
:10128000884201DB01207047064890F88504C0F3CE
:10129000400028B1034890F83C04012800D1F2E74F
:1012A0000020F0E7700600200E4890F810140E4859
:1012B00090F86000814201DB01207047094890F8F6
:1012C0008504C0F3400058B1074890F8040108B9FC
:1012D0000120F2E7034890F8830408B90120ECE705
:1012E0000020EAE7700600207C0B00202DE9F04387
:1012F000CBB004460E4691461F46DDF8488116B134
:10130000B8F1000F03D102204BB0BDE8F08301A873
:10131000FFF769FD6946384600F0E2FC05461DBB53
:101320000099491C01A8FFF76FFD24B11022214646
:1013300001A8FFF772FD4A46314601A8FFF76DFD8F
:1013400001A947A8FFF772FC9DF81F0100069DF850
:101350001E1140EA01409DF81D1140EA01209DF850
:101360001C110843C8F800002846CDE72DE9F04FCE
:1013700087B005460C4616461F46DDE911ABDDF881
:101380004090DDF84C8015B1B8F1000F03D10A2070
:1013900007B0BDE8F08FB4F5807F01DD0E20F7E7E0
:1013A00003A84B463A463146CDE900AB02902046B1
:1013B00008F0EDFD33462246294603A8CDF800800B
:1013C0000EF017F908B10F20E2E70020E0E7000077
:1013D00038B5284D95F861506BB2264D95F93920F6
:1013E00095F8751095F840000BF0F9FC44B22248CE
:1013F000294600904B6C91F8482091F84000214616
:101400000CF0BBFD1C4814302C460090636C94F823
:10141000482094F8684061B22C4694F840000CF0E3
:10142000ACFD2046016D1548D0F8C40308441349AB
:10143000C1F8B0032046416D1048D0F8D8030844E5
:101440000E49C1F8B403204690F8180188B9204627
:10145000816D0A48D0F8C40308440849C1F8B003B4
:101460002046C16D0548D0F8D80308440349C1F8A7
:10147000B40338BD7C0B0020280A00207006002031
:1014800030B50246002300200AE0012484401440C5
:1014900001258540AC4201D15C1CE3B2441CE0B2A2
:1014A0008842F2DB184630BD70B502460B464FF05D
:1014B000FF310AB9002070BD002010E0145C6140CB
:1014C000002408E001F001056D1E074EAE4386EAD8
:1014D0005101651CACB2082CF4DB441CA0B298424C
:1014E000ECDBC843E7E700002083B8ED10B54FF40C
:1014F0008040064909680143044A116000BF01F0B9
:101500004DF901F063F901F055F910BD900800584C
:1015100010B5024801F04AFA10BD00005004002046
:10152000124B02689A420BD2426C9208104B03EBAA
:10153000820282640278083A1423B2FBF3F10CE0D1
:10154000426C92080A4B1C3303EB820282640278DD
:10155000083A1423B2FBF3F2D11D054A8032C2646B
:1015600001F01F0301229A400265704708040240FF
:1015700000080240027902F07F014A1E064B03EB8D
:1015800082024265044A403282654A1E02F0030329
:1015900001229A40C26570470009024030B5D0E987
:1015A00013546C60446D14B1D0E916546C6090F81B
:1015B000444004F01C050124AC40056C6C600468D8
:1015C00063608468102C04D10468A2600468E16040
:1015D00003E00468A1600468E26030BD70472DE953
:1015E000FF4106460C4615461F460020009001901C
:1015F00002900390022E02D0032E08D103E00120B6
:101600008DF8000007E002208DF8000003E00B20B9
:1016100004B0BDE8F08100BFE0B28DF80100200AFF
:101620008DF80200200C8DF80300E8B28DF804005C
:10163000280A8DF80500280C8DF80600F8B28DF800
:101640000700380A8DF808003246012168460DF07F
:10165000E6FF08B10F20DBE70020D9E7024602B120
:1016600009B903207047107B00F00F00002806DD49
:1016700092F82000002802DD002008701CE092F89B
:10168000280010B90120087016E0107B00F00F0050
:1016900028B992F8200010B9022008700CE0107BE5
:1016A00000F00F0030B992F82000002802DD03207E
:1016B000087001E01820D5E70020D3E710B501201D
:1016C00001F05AFC10BD0020704700002DE9F041E8
:1016D00004460A4D0A4E0B4F0DF060FE4FEA2028DB
:1016E0004046FEF743FF0646A56066602760064851
:1016F000E060064820610020BDE8F081000048421B
:101700000000904100007A440D093E00AB03050043
:1017100072B600BFFEE700000348406940F2FA31AC
:101720008843014948617047004000581D480068DF
:1017300000F40070012816D11A48006820F40070E7
:101740001849086000BF0846006840F4006008605F
:101750000846006820F40060086000BF0846006882
:1017600040F4007008600F48006800F480600128B1
:1017700016D10C48006820F480600A49086000BF58
:101780000846006840F4805008600846006820F46D
:101790008050086000BF0846006840F48060086020
:1017A00070470000004000582DE9FF4105460E46F5
:1017B0001746022001900295039627B101A801F077
:1017C000A7FA044604E0694601A801F059FA044664
:1017D0001CB9002004B0BDE8F081022C01D1012029
:1017E000F8E76FF00100F5E7F0B5024606E012F801
:1017F000015BFF2D01D00120F0BD491E02F0070062
:101800000028F4D1134600240BE0D3E9005008333C
:101810004FF0FF377D407840054301D00120EBE7D2
:10182000641CB4EBD10FF0D3082000FB14111A464E
:1018300006E012F8015BFF2D01D00120DCE7491E14
:101840000029F6D10020D7E72DE9FE4F054689464D
:101850001746984600200290A5F100603F4909888C
:1018600009048909B0FBF1F201FB1200C00A0190E2
:10187000E819401EA0F10060384909880904890967
:10188000B0FBF1F201FB1200C00A00903E46AA46EE
:10189000CB46B9F1000F05D007F0070010B905F0ED
:1018A000070018B16FF00400BDE8FE8F2C484069B6
:1018B00000F0004010B16FF00300F5E7DDE9001023
:1018C000884203D0C5F30A00C0F50066019C3FE0E2
:1018D00031465046FFF788FF60B3B8F1000F02D1E0
:1018E0006FF00400E0E74FF0006000EBC421021449
:1018F000404610F0C9FAB2B2CAF30A0101EB08007F
:10190000594610F0C1FA002201212046FFF74CFF92
:1019100018B16FF0010002901DE04FF0006101EB83
:10192000C4200A14414600F039F868B16FF0020093
:10193000029010E032465946504600F02FF818B198
:101940006FF00200029006E0B244B344BE1B641C78
:1019500000988442BCD900BF0298A5E7E075FF1F3C
:101960000040005870B5064614461D460DE000BF05
:1019700000BF09480069C0F3C0400028F8D12246E2
:101980002B463146012001F00FFAD6E900016040F4
:1019900069400843EBD170BD004000582DE9FC4779
:1019A00004460D4616462F464FF00008C1461AE081
:1019B00008223946684610F067FA4FF0FF33DDE938
:1019C000001059405840014305D02046DDE900236E
:1019D000FFF7C8FF804608340837B8F1000F00D081
:1019E00004E009F10109B9EBD60FE1D300BF40468D
:1019F000BDE8FC8703484069034908430149486141
:101A00007047000000400058040001000649496981
:101A100021F47E71022202EBC00242F480321143B3
:101A2000014A5161704700000040005810B5084954
:101A3000496941F00101064C6161026000BF00BFCD
:101A400000BFBFF36F8F00BF00BF00BF436010BD7A
:101A500000400058F0B50246402314460D46104E93
:101A6000766946F480260E4F7E6100BFEFF3108644
:101A7000304672B600BF2E682660241D2D1D5E1EE6
:101A8000F3B2002BF7D100BF054E3669C6F300460E
:101A9000002EF9D100BF80F3108800BFF0BD000018
:101AA0000040005870B5054601F04CFB064606E0C4
:101AB00001F048FB801BA84201D3032070BD1E48E3
:101AC000006900F48030B0F5803FF1D01A48046915
:101AD00004F0010020B100BF01201749086100BFD8
:101AE0004CF2FA30044000BF04F0404030B11248DC
:101AF000806904F0404108430F49886124F0404068
:101B000018B124F040400C49086100BF1CB10B48DB
:101B100044600120D2E706E001F014FB801BA842DC
:101B200001D30320CAE70448006900F48020B0F51F
:101B3000802FF1D00020C1E7004000582C06002083
:101B400010B504460CB9002010BD1022002120461B
:101B500011F0A2FC0120F7E770B500250DF0FAFBAB
:101B6000044640F6B830844201D9FE250EE0B4F5B3
:101B7000E16F01DA002509E0A4F5E160C0EBC010D7
:101B800040004FF49661B0FBF1F0C5B2284670BD3D
:101B900070B5002400BF084800680446601C48B9BE
:101BA00001F0DCFA054601F0DFFA454001F0E2FA07
:101BB00085EA0004204670BD8075FF1F3FB50446CE
:101BC0002088C1B942F21072029BB3F5616F01D255
:101BD000642209E049F6B025029BAB4202D24FF4E1
:101BE0007A7201E042F21072904201DD034600E099
:101BF0001346184600BF00B9012004B030BD0000F4
:101C00002DE9F04104460D4690462E460E4991F8C6
:101C1000200003F07DFE10B10020BDE8F081002718
:101C20000AE03078A04201D13046F6E7304603F0B2
:101C300015FE0646781CC7B2034890F82000B8424B
:101C4000EFDC0020E9E70000F01A00202DE9FF4753
:101C500007460D461646DDE90C94DDF838801EB1C6
:101C600014B1B8F1000F03D10A2004B0BDE8F08729
:101C70008FB1012F12D19DF80E00012808D10DB1AE
:101C8000032D02D10220207004E00120207001E029
:101C90000320207004E00420207001E00520E4E728
:101CA00000BFF28920784346494605F083F9DCE716
:101CB00002460B4600210CE0084810F82100904233
:101CC00005D1064800EB8100186000207047481CD1
:101CD000C1B20229F0DB0C20F8E700006C01002003
:101CE00010B502460B46002112E001EB01140A4830
:101CF00000681030005D904208D101EB01140648E5
:101D00000068103020441860002010BD481CC1B28B
:101D10000A29EAD30320F8E7F4000020024609B9B3
:101D20000A207047012A06D0022A0FD0032A18D0B1
:101D3000042A26D120E0154800680069086013488D
:101D400000680069114B1B6818621CE00F480068AE
:101D5000406908600D48006840690C4B1B681862B8
:101D600011E00A48006880690860084800688069D6
:101D7000064B1B68186206E004480068C0690860EA
:101D800001E00520CDE700BF0020CAE76801002080
:101D90003EB504460D4890F874008DF806008DF8A5
:101DA00005400D208DF80400084890F880000128B7
:101DB00002D10E208DF80400044991F8400001A9D9
:101DC0000CF0FBF800900098C0B23EBD7C0B0020E8
:101DD00010B586B000246846FFF778FC0198FEF73E
:101DE000F1FB04B2204606B010BD00002DE9FF4112
:101DF00004460D460C48005D46B20C4920460BF0E7
:101E000098FE80460121E8B200220823CDE9003285
:101E1000CDE9020106480B4632464146476A012099
:101E2000B84704B0BDE8F081744101087C41010865
:101E3000D842010800BF08488068014603E000BF9F
:101E400005488068014600BF034880688842F6D193
:101E5000C1F1FF3070470000002800402DE9F0413B
:101E60000446002500BF1D4800680546681CC0B92F
:101E700001F074F9804601F07DF908EB000601F0ED
:101E800073F90746300EE071300CA071300A6071B2
:101E90002671380EE070380CA070380A6070277018
:101EA0001AE0E571280AA071280C6071280E2071D3
:101EB00000BF0A48001D00780546E57000BF0748CE
:101EC000001D00686FF07F4101EA10200546A570F3
:101ED000280A6070280C2070BDE8F0818075FF1F13
:101EE0002DE9F843044600200090002600BF94F836
:101EF0005400012802D10220BDE8F883012084F8B3
:101F0000540000BF2046FEF7B5FD8146206803F06F
:101F100057FD00287DD1A06D20F4807040F00200B4
:101F2000A0652068C06848F2030100EA0108206843
:101F3000C06888432168C860002528E0206881685F
:101F40003C4A114041F00041816000BF13E000981D
:101F5000401C00900098B0F52E3F0CD3A06D20F0EF
:101F6000020040F01000A06500BF002084F854007B
:101F700000BF0120C0E720688168C90F0029E6D1B1
:101F80002068D0F8B41001F07F010E446D1C082DBC
:101F9000D4D3B6FBF5F620688168264A1140491C67
:101FA000816000BF31462068D0F8B42022F07F0263
:101FB0000A43C0F8B42000BF206881681D4A114060
:101FC000891C816000BF01F0BDF8074612E001F0F6
:101FD000B9F8C01B02280DD9206803F0F1FC48B104
:101FE000A06D40F01000A065E06D40F00100E065DC
:101FF000012081E7206803F0E3FC0028E7D1206896
:10200000C06840EA08002168C860A06D20F00200A6
:1020100000E003E040F00100A06503E0A06D40F0A7
:102020001000A06500BF002084F8540000BF48469F
:1020300062E70000E8FFFF7F2DE9F84305460C4604
:102040000027002000902869B0F1004F03D07E499E
:102050002869884200D100E000BF00BF95F8540015
:10206000012802D10220BDE8F883012085F8540040
:1020700000BF286803F0AEFC00287DD1606802280C
:102080007BD02869B0F1004F03D06F49286988429E
:1020900008D128682168826AC1F311031A43826259
:1020A00000BF37E0207900F01F020F209040296E1A
:1020B00081432068C0F3110018B92068C0F3846020
:1020C00004E0206890FAA0F0B0FA80F0227902F0E3
:1020D0001F029040014329660121606801EB9001D5
:1020E000E869814216D82868D4E90021836A01F0A2
:1020F0001F084FF00F0C0CFA08FC23EA0C0301F048
:102100001F08C2F3836C0CFA08FC43EA0C038362D9
:1021100000BF00BF2868A2682168436923EA012341
:10212000DFF828C102EA0C0C0CEA012C43EA0C038C
:10213000436100BF206800F0004000287DD000BF50
:102140004348006800F0E07600BF424920688842BA
:102150001BD106F40000C0B946F400013C4803F06E
:102160004FFC3D4800683D49B0FBF1F0401C00EBDE
:1021700040008000009004E05AE020E00098401EFB
:10218000009000980028F9D157E03549206888422E
:1021900008D106F0807028B946F080712C4803F011
:1021A0002FFC4AE02F492068884246D106F480007F
:1021B00048BB46F48001264803F022FC3DE0286934
:1021C000B0F1004F03D020492869884208D128681F
:1021D0002168826AC1F311039A43826200BF00BF83
:1021E000206800F0004070B100BF1948006800F09E
:1021F000E07600BF17492068884205D126F4000127
:10220000134803F0FDFB18E015492068884205D10A
:1022100026F080710E4803F0F3FB0EE011492068B0
:1022200088420AD126F48001094803F0E9FB04E062
:10223000A86D40F02000A865012700BF002085F8A8
:10224000540000BF38460EE70400008000FFFF0383
:1022500008270140001000B0B4000020400D03002A
:10226000004000B8002000B470B504460CB901204D
:1022700070BDA06D40F00200A0652046FEF7C4FBD3
:1022800005466DB92046FEF7F5FB05460DB9012060
:10229000A06520688168204A1140816000BF00BFAE
:1022A0002068406840F29F3188432168486040F2CE
:1022B0009F30216808602068C0681849084021687C
:1022C000C8602068006920F04040216808612068EB
:1022D000406920F00700216848612068006A00F02A
:1022E000F020216808622068806A002021688862E6
:1022F0000B48006820F0FE7009490860204600F095
:1023000065F900202066E065A06500BF84F85400F0
:1023100000BF2846ACE70000E8FFFF6F00023E83E5
:102320000827014001460868006C70472DE9F84312
:1023300004464FF00008002500260020009014B944
:102340000120BDE8F88394F83C00012800D100BFCB
:10235000206920B12069B0F5001F00D100BFA06D39
:1023600030B9204600F044F90020E06584F85400BC
:10237000206803F02AFBB0B9206881688C4A1140BC
:1023800041F08051816000BF8A4800688A49B0FBF3
:10239000F1F0401C4000009002E00098401E0090C8
:1023A00000980028F9D1206803F00FFB48B9A06D10
:1023B00040F01000A065E06D40F00100E0654FF0D6
:1023C0000108206803F006FB0746A06D00F010002E
:1023D00000287DD1002FFCD1A06D20F4807040F04A
:1023E0000200A065206803F0E6FA002878D1207E7C
:1023F000A16841EA8031607E41EAC031A07E41EAB5
:102400004030216B11B14FF4805100E000210843AE
:10241000E1680843216901F0004119B1216921F007
:10242000004101E04FF40011084394F82C1040EAF9
:10243000410005432020005D01280CD1A07E10B989
:1024400045F4803507E0A06D40F02000A065E06D08
:1024500040F00100E065606A28B1A08C00F4E070F3
:10246000A16A084305432068C068544908402843CE
:102470002168C860606800F04040E16C0843064392
:1024800094F83C0001280BD1606800F0404040F017
:102490000100216C0843616C0843A16C08430643AA
:1024A0002068006946490840304321680861606837
:1024B000B0F1404F14D06068B0F1804F10D0606828
:1024C000B0F1004F0CD03F48006820F4701001E0DC
:1024D00066E005E0616801F470110843394908605D
:1024E0000021626B206803F091FA3749A26B2068E3
:1024F00003F08CFA206930B92068806A60F00F0020
:102500002168886229E02069B0F5001F25D10020EC
:1025100008E08200216ED14001F00F010F2900D1A7
:1025200002E0401C0828F4D300BF012806D121682E
:10253000896A61F00F01226891620DE0217F491ED6
:102540001F2202EA81026FF00F019140226E1143B7
:102550002268926A2268916200BF002021684A695D
:102560008446072303FA0CF31A4022FA0CF2606B3C
:10257000824208D10020E065A06D20F0020040F00A
:102580000100A06512E0A06D20F0020040F01000F4
:10259000A065E06D40F00100E0654FF0010805E046
:1025A000A06D40F01000A0654FF001084046C8E65D
:1025B000E8FFFF7FB4000020400D03000102FEFF92
:1025C00002FCFF1F0827014004FFFF03074A0168C0
:1025D000914209D149154FF0B042126E8A434FF033
:1025E000B0431A6600BF00BF7047000000240140DE
:1025F00008B50146094A086890420ED140154FF0CF
:10260000B042126E02434FF0B0431A661A46126E81
:102610000240009200BF00BF00BF08BD002401407F
:102620002DE9F04104460D466069082801D10826CD
:102630000CE02068C06800F0010030B1A06D40F0EF
:102640002000A0650120BDE8F081042600F07AFD9D
:10265000074616E0681CA0B100F074FDC01BA8423C
:1026600000D875B920680068304050B9A06D40F0BE
:102670000400A06500BF002084F8540000BF0320C0
:10268000E1E72068006830400028E3D0A06D40F406
:102690000070A065206803F0A2F900B3A07EF0B935
:1026A0002068006800F00800082818D1206803F0AE
:1026B00091F960B92068406820F00C0021684860FA
:1026C000A06D20F4807040F00100A06507E0A06DCF
:1026D00040F02000A065E06D40F00100E065207E44
:1026E00010B90C20216808600020ACE770B50446E2
:1026F000206803F06FF948BB00BF94F8540001282C
:1027000001D1022070BD012084F8540000BF204692
:10271000FEF7F4F90546A5B9A06D40F601618843BE
:1027200040F48070A0650020E0651C2021680860EE
:1027300000BF002084F8540000BF206803F058F95F
:1027400005E000BF002084F8540000E00225284680
:10275000D8E770B5044600BF94F85400012801D1B1
:10276000022070BD012084F8540000BF2046FEF70F
:102770004BF9054655B92046FEF77CF905462DB9BB
:10278000A06D20F4807040F00100A06500BF002023
:1027900084F8540000BF2846E3E7000000BF044867
:1027A000406840F001000249486000BF70470000E7
:1027B000002004E000BF0448406840F004000249E3
:1027C000486000BF70470000002004E000BF0448DC
:1027D000406840F002000249486000BF70470000B6
:1027E000002004E0014609B90120704791F8250056
:1027F000022808D00420C86300BF002081F824000C
:1028000000BF0120F1E70868006820F00E000A68A8
:102810001060886C006820F480708A6C1060086812
:10282000006820F001000A68106091F8440000F090
:102830001C02012090400A6C5060D1E913205060C6
:10284000486D40B1486D006820F480704A6D10609A
:10285000D1E916205060012081F8250000BF00203A
:1028600081F8240000BF00BFBFE770B50446002513
:1028700094F82500022803D00420E063012534E009
:102880002068006820F00E00216808602068006859
:1028900020F0010021680860A06C006820F48070BE
:1028A000A16C086094F8440000F01C0101208840ED
:1028B000216C4860D4E913104860606D40B1606DD0
:1028C000006820F48070616D0860D4E916104860DB
:1028D000012084F8250000BF002084F8240000BFF8
:1028E000A06B10B12046A16B8847284670BD000040
:1028F00010B504460CB9012010BD2068006820F016
:102900000100216808602749206888420BD22649C7
:102910002068401A1421B0FBF1F080006064224866
:10292000083820640AE01F492068401A1421B0FBCF
:10293000F1F0800060641B480838206400202168A2
:10294000086094F8440000F01C0101208840216CCC
:1029500048602046FEF7E4FD0020A16C0860D4E941
:1029600013104860606858B16068042808D8204691
:10297000FEF700FE0020616D0860D4E91610486083
:1029800000206065A065E065E06220636063A0638D
:10299000E06384F8250000BF84F8240000BF00BF76
:1029A000AAE70000080402400800024070B504468F
:1029B000206C05682068066894F8440000F01C014B
:1029C000042088402840E0B106F00400C8B1206827
:1029D000006800F0200028B92068006820F004009A
:1029E0002168086094F8440000F01C01042088402D
:1029F000216C4860206B002865D02046216B8847F9
:102A000061E094F8440000F01C0102208840284056
:102A100088B306F0020070B32068006800F0200060
:102A200040B92068006820F00A0021680860012091
:102A300084F8250024492068884208D994F8440085
:102A400000F01C01022088402049086008E094F84A
:102A5000440000F01C01022088401B498039486076
:102A600000BF002084F8240000BFE06A58B320466D
:102A7000E16A884727E0FFE794F8440000F01C0172
:102A8000082088402840F0B106F00800D8B120683E
:102A9000006820F00E002168086094F8440000F0FF
:102AA0001C0101208840216C48600120E06384F80B
:102AB000250000BF002084F8240000BF606B10B127
:102AC0002046616B884770BD8000024004040240CC
:102AD00010B504460CB9012010BD33492068884266
:102AE0000BD232492068401A1421B0FBF1F080006B
:102AF00060642E48083820640AE02B492068401A98
:102B00001421B0FBF1F0800060642748083820648D
:102B1000022084F825002068006847F6F071884399
:102B200021680860D4E9020108432169084361690A
:102B30000843A1690843E1690843216A0843216801
:102B400009680843216808602046FEF7E9FCA06890
:102B5000B0F5804F01D100206060207900F07F0047
:102B6000A16C0860D4E913104860606860B16068C7
:102B7000042809D82046FEF7FDFC0020616D08609E
:102B8000D4E91610486003E000206065A065E065A8
:102B90000020E063012084F8250000BF002084F8B5
:102BA000240000BF00BF97E708040240080002406D
:102BB0002DE9F04104460D4616461F464FF0000829
:102BC00000BF94F82400012802D10220BDE8F08162
:102BD000012084F8240000BF94F8250001283FD18B
:102BE000022084F825000020E0632068006820F0BF
:102BF0000100216808603B46324629462046FEF720
:102C0000CDFC206B30B12068006840F00E002168D8
:102C100008600BE02068006820F00400216808606C
:102C20002068006840F00A0021680860A06C006815
:102C300000F4803028B1A06C006840F48070A16C72
:102C40000860606D28B1606D006840F48070616D4F
:102C500008602068006840F001002168086008E012
:102C60008020E06300BF002084F8240000BF4FF004
:102C700001084046AAE701B500980DF0EFFD08BD38
:102C80002DE9F04104460F4600BF20480078012896
:102C900002D10220BDE8F08101201C49087000BF6C
:102CA000002048604FF47A70FEF7FCFE06462EBB0B
:102CB0002068042807D1FEF79DFE4FF47A70FEF7D6
:102CC000F1FE064618E04FF0FF30386065680BE013
:102CD0002846FEF79BFE4FF47A70FEF7E3FE0646A9
:102CE0000EB13D6005E06D1CD4E901010844A84225
:102CF000EED800BFFEF710FDFEF718FD00BF002064
:102D00000249087000BF3046C4E700002C060020CE
:102D100070B5044600BF1A480078012801D102208E
:102D200070BD01201649087000BF0020486020686F
:102D300088604FF47A70FEF7B5FE054625B100BFF6
:102D400000200F49087018E000BF0E48406940F0AD
:102D500040700C49486100BF2068042805D100205C
:102D600007490861FEF746FE07E00549A06848618B
:102D7000606808616068FEF749FE2846D0E70000F9
:102D80002C0600200040005800200649496941F007
:102D90000041044A51611146496901F0004101B9FD
:102DA00001207047004000582DE9F0410646884652
:102DB00014461D4600BF18480078012802D10220A1
:102DC000BDE8F08101201449087000BF0020486070
:102DD0004FF47A70FEF766FE0746AFB9012E05D1B3
:102DE00022462B464046FEF721FE03E021464046A0
:102DF000FEF730FE4FF47A70FEF754FE07460748A0
:102E00004069B0430549486100BF0020024908708D
:102E100000BF3846D4E700002C06002000400058D0
:102E200000200849496901F0004151B10649054AAD
:102E30009160064991601146496901F0004101B174
:102E4000012070470040005823016745AB89EFCD52
:102E5000F0B502460B4600206EE00125854005EAEC
:102E60000301002967D0374D860855F826408507AD
:102E70002E0F0725B5402C40B2F1904F01D100250F
:102E80000AE0314DAA4201D1012505E02F4DAA42A9
:102E900001D1022500E007258607360FB540A5427F
:102EA00023D12B4D2D688D43294E3560351D2D685E
:102EB0008D43361D3560264D803D2D688D43244E53
:102EC000803E3560351D2D688D43361D3560850784
:102ED0002E0F072505FA06F41A4D860855F82650D8
:102EE000A543184E870846F8275015684700032663
:102EF000BE4035431560C60802F1200555F826503E
:102F00004607F70E0F26BE40B543C70802F120065C
:102F100046F82750956847000326BE40B5439560A4
:102F2000556801268640B5435560D568470003269D
:102F3000BE40B543D560401C23FA00F5002D8CD16E
:102F4000F0BD0000080001400004004800080048EF
:102F50008008005810B50446012C08D105480078B7
:102F6000012803D1002102200FF088F800E000BF03
:102F700000BF10BD9400002010B50446044800684E
:102F8000204020B1024804602046FFF7E3FF10BD57
:102F90000C08005870B503460A460021ACE0012633
:102FA0008E40156805EA0604002C6ED0157905F0F0
:102FB0000305012D04D0157905F00305022D13D169
:102FC00098684E000325B540A8434E00D568B5402B
:102FD00028439860586801258D40A8431579C5F3AA
:102FE00000158D4028435860157905F00305032D21
:102FF00009D0D8684E000325B540A8434E00956817
:10300000B5402843D860157905F00305022D13D18A
:10301000CE0803F1200555F826004D07EE0E0F25CA
:10302000B540A8434E07F60E1569B5402843CE08B3
:1030300003F1200545F8260018684E000325B54029
:10304000A843157905F003054E00B54028431860E4
:10305000556805F44035002D4DD02A4D8E0855F8A1
:1030600026008D072E0F0725B540A843B3F1904FDA
:1030700001D100250BE0244DAB4201D1012506E032
:10308000224DAB4202D1022501E034E007258E0734
:10309000360FB54028431B4D8E0845F826001C4DC1
:1030A0002868A043556805F4801505B12043184DE4
:1030B00028602D1D2868A043556805F4001505B14A
:1030C0002043134D2D1D2860114D80352868A043E5
:1030D000556805F4803505B120430D4D80352860D5
:1030E0002D1D2868A043556805F4003505B120431F
:1030F000074D84352860491C1568CD40002D7FF4AC
:103100004EAF70BD080001400004004800080048B0
:1031100000080058024613690B400BB1012000E083
:103120000020704710B5426921EA020302EA010457
:1031300043EA0443836110BD0AB1816100E081620A
:103140007047000010B500240348007810B10DF05E
:10315000C7FB0446204610BD00000020014800685F
:10316000704700009075FF1F01480068704700001D
:103170009475FF1F01480068704700009875FF1F95
:1031800010B50024032000F089F800F065FB064923
:1031900008600F2000F00AF808B1012401E000F0F7
:1031A00008F8204610BD0000B400002001460020B1
:1031B0007047704710B501460846002817DB00F03D
:1031C0001F0301229A400B4B440943F8242000BFFF
:1031D00000BF00BFBFF34F8F00BF00BF00BF00BFE5
:1031E00000BF00BFBFF36F8F00BF00BF00BF00BFB5
:1031F00010BD000080E100E00146084600280DDB1C
:1032000000BF00BF00F01F0301229A4043099B004A
:1032100003F1E023C3F8002100BF00BF00BF7047E7
:103220002DE9F05F80460D4616460FF0EDF9074692
:1032300039462A46334601F00700C0F1070ABAF1C1
:10324000040F02D94FF0040A01E0C0F1070AD14689
:1032500000F1040ABAF1070F02D24FF0000A01E0B0
:10326000A0F1030AD4464FF0010A0AFA09FAAAF1BA
:10327000010A0AEA020A0AFA0CFA4FF0010B0BFAE9
:103280000CFBABF1010B0BEA030B4AEA0B042146E2
:1032900040460FF0C1F9BDE8F09F000000BF00F00C
:1032A0000702064B19684FF6FF031940044B0B4306
:1032B00043EA0221014B196000BF70470CED00E0AA
:1032C0000000FA051248006820F48040104A10609F
:1032D00010480068322250430F4AB0FBF2F100E080
:1032E000491E0B481430006800F40070B0F5007FF0
:1032F00001D10029F4D106481430006800F40070B0
:10330000B0F5007F01D1032070470020FCE70000EA
:1033100000040058B400002040420F000348006839
:1033200040F48040014908607047000000040058E4
:103330000C49096821F00701891C0A4A11600A49F1
:10334000096841F00401084A1160012802D040BF19
:1033500020BF20BF0449096821F00401024A11601E
:10336000704700000004005810ED00E002480068BB
:1033700000F4C06070470000000400580348006873
:1033800040F4807001490860704700000004005854
:1033900070B504460D4654B91048006800F400703A
:1033A000B0F5007F0AD1FFF78DFF38B170BD0B4833
:1033B000006800F4007008B9FFF7B0FF0848006823
:1033C00020F0040006490860012D01D130BF02E061
:1033D00040BF20BF20BF00BFE8E700001404005832
:1033E00010ED00E02DE9F041044600270026B0462C
:1033F000206800F48030B0F5803F5FD1FFF7BEFF5A
:10340000FFF7A0FE054606E0FFF79CFE401B0228E2
:1034100001D9032606E07E48006800F48070B0F50C
:10342000807FF1D100BF002E47D100BF79480068EE
:1034300000F44070616B88421AD07648006820F42E
:10344000407700BF4FF0B040D0F8900040F480309B
:103450007049086000BF00BF4FF0B040D0F8900046
:1034600020F48030086000BF4FF0B040C0F890708A
:1034700007F00200022811D1FFF764FE054608E0BC
:10348000FFF760FE401B41F28831884201D90326D4
:1034900003E002F07FFB0128F2D100BF5EB9606B50
:1034A0005C49096821F4407101434FF0B042C2F811
:1034B000901000BF02E0B04600E0B046207800F077
:1034C000010010B1606802F0DFFB207800F002001C
:1034D000022802D1A06802F0D7FB207800F020007B
:1034E00020280CD120694B490839096821F4406132
:1034F00001434FF0B042C2F8881000BF00BF2088DF
:1035000000F40070B0F5007F02D1206A02F0AEFB3B
:10351000208800F48060B0F5806F02D1606A02F00C
:10352000A5FB208800F40060B0F5006F02D1A06A0E
:1035300002F09CFB207800F04000402802D1606936
:1035400002F080FB207800F08000802802D1A06982
:1035500002F078FB208800F48070B0F5807F02D103
:10356000E06902F06FFB207800F01000102815D100
:10357000E06828490839096821F4407101434FF097
:10358000B042C2F8881000BFE068B0F5807F05D176
:103590001046C06840F080701146C860208800F472
:1035A0000040B0F5004F13D1206B1A490839096863
:1035B00021F0404101434FF0B042C2F8881000BFF3
:1035C000206B28B91046C06840F080701146C86072
:1035D000208800F48040B0F5804F15D1E06A0D4995
:1035E0000839096821F0405101434FF0B042C2F858
:1035F000881000BFE06AB0F1005F05D11046C068D6
:1036000040F480301146C8604046BDE8F0810000BB
:10361000000400589000005870B504460E460CB9DE
:10362000012070BD8848006800F00700B04217D242
:103630008548006820F00700304383490860FFF7A1
:1036400081FD054606E0FFF77DFD401B022801D9FC
:103650000320E6E77C48006800F00700B042F2D1A2
:10366000207800F0020002281DD1A0684FF0B04180
:10367000896821F0F00101434FF0B042916000BF32
:10368000FFF760FD054606E0FFF75CFD401B0228E2
:1036900001D90320C5E700BF4FF0B0408068C0F3F8
:1036A00000400028F0D0207800F0400040281DD1D4
:1036B00060696649096821F00F0141EA10114FF075
:1036C000B042C2F8081100BFFFF73CFD054606E016
:1036D000FFF738FD401B022801D90320A1E700BFF6
:1036E0005A480068C0F300400028F1D0207800F06C
:1036F000040004281DD1E0684FF0B041896821F42E
:10370000E06101434FF0B042916000BFFFF71AFD46
:10371000054606E0FFF716FD401B022801D90320ED
:103720007FE700BF4FF0B0408068C0F34040002802
:10373000F0D0207800F0080008281ED12169C800C8
:103740004FF0B041896821F4605101434FF0B0421D
:10375000916000BFFFF7F6FC054606E0FFF7F2FCBC
:10376000401B022801D903205BE700BF4FF0B040A7
:103770008068C0F380400028F0D0207800F001007D
:1037800098B36068022804D102F0DCF9A8B90120DE
:1037900047E76068032804D102F04DFA68B90120B8
:1037A0003FE7606820B902F020FA30B9012038E71D
:1037B00002F0CEF908B9012033E760684FF0B0415C
:1037C000896821F0030101434FF0B042916000BFCE
:1037D000FFF7B8FC054609E0FFF7B4FC401B41F2D7
:1037E0008831884202D903201BE705E002F082F904
:1037F0006168B0EB810FEFD11348006800F007005B
:10380000B04217D91048006820F0070030430E4935
:103810000860FFF797FC054606E0FFF793FC401BA6
:10382000022801D90320FCE60748006800F00700E1
:10383000B042F2D100F010F8054908600548006870
:10384000FFF7B4FCEDE60000004000580801005806
:10385000B4000020AC00002010B500F02FF84FF0AD
:10386000B041896801F0F0010909034A52F82110BA
:10387000B0FBF1F010BD0000C43D010810B5FFF72A
:10388000EBFF4FF0B041896801F4E061090A024A98
:1038900012F82110C84010BD043E010810B5FFF712
:1038A000DBFF4FF0B041896801F46051C90A024A58
:1038B00012F82110C84010BD043E01082DE9F04166
:1038C0004FF00008002702F015F9044602F0A7F9AE
:1038D00006461CB10C2C35D1012E33D102F07FF9F4
:1038E000B0B902F07CF9012806D100BF4FF0B0401A
:1038F000006800F0F00005E000BF3448006800F404
:10390000706000BFC0F30320314951F8200015E07A
:1039100002F065F9012806D100BF4FF0B040006801
:1039200000F0F00005E000BF2848006800F4706077
:1039300000BFC0F30310264951F8200007468CB998
:10394000B8460FE0042C02D1DFF888800AE0082C8A
:1039500008D102F0F1F8012802D1DFF8788001E007
:10396000DFF8748002F0C6F80C282BD102F057F96A
:103970000646012E0FD0022E02D0032E0AD101E0FE
:10398000144D0AE002F0D8F8012801D1114D00E0F1
:10399000114D02E000BF3D4600BF00BF02F045F9F7
:1039A00068434FF0B041C96801F07001012202EB99
:1039B0001111B0FBF1F14FF0B040C06802EB507054
:1039C000B1FBF0F84046BDE8F081000094000058DB
:1039D000243E01080024F4000048E8012DE9F047E6
:1039E000044614B90120BDE8F08702F083F80746C9
:1039F00002F015F90646207800F0200020286ED14C
:103A00001FB10C2F63D1012E61D102F0EEF818B175
:103A1000206A08B90120E6E74FF0B040A16A0068CB
:103A200000F0080028B14FF0B040006800F0F0004E
:103A300004E0FD48006800F47060000981421CD970
:103A4000A06A07F099FC08B10120CCE700BF4FF055
:103A5000B040006840F008004FF0B04108600846F0
:103A6000006820F0F000A16A08434FF0B041086000
:103A700000BF606A02F0BFF81BE000BF4FF0B0402B
:103A8000006840F008004FF0B04108600846006848
:103A900020F0F000A16A08434FF0B041086000BF79
:103AA000606A02F0A8F8A06A07F066FC08B101207D
:103AB00099E7FFF7D1FEDD490860DD480068FFF7B0
:103AC00075FB8146B9F1000F45D048468BE7206A67
:103AD00040B302F07BF8FFF735FB054607E03AE01C
:103AE000FFF730FB401B022801D903207BE702F0DF
:103AF0007CF80028F4D000BF4FF0B040006840F0E0
:103B000008004FF0B04108600846006820F0F0005F
:103B1000A16A08434FF0B041086000BF606A02F03C
:103B20006AF818E000BF4FF0B040006820F00100D4
:103B30004FF0B041086000BFFFF704FB054606E008
:103B4000FFF700FB401B022801D903204BE702F0DE
:103B50004CF80028F4D1207800F0010000285ED055
:103B6000082F03D00C2F08D1032E06D101F0EAFF55
:103B7000C8B36068B8BB012035E74FF0B0400068BB
:103B800020F48010A16808434FF0B041086000BFE6
:103B90006068B0F5803F02D101F0C5FF1CE06068AD
:103BA000B0F5041F0CD100BF4FF0B040006840F4E6
:103BB00000104FF0B041086000BF01F0B4FF0BE00F
:103BC00000BF4FF0B040006820F480304FF0B041AB
:103BD000086000BF01F09EFF00BF606880B1FFF782
:103BE000B1FA054607E01AE0FFF7ACFA401B64287B
:103BF00001D90320F7E601F0A5FF0028F4D00EE07C
:103C0000FFF7A0FA054606E0FFF79CFA401B642880
:103C100001D90320E7E601F095FF0028F4D12078D0
:103C200000F00200022848D1042F03D00C2F0CD141
:103C3000022E0AD101F08CFF18B1206908B90120C9
:103C4000D1E6606901F08AFF37E02069E0B100BF8A
:103C50004FF0B040006840F480704FF0B041086011
:103C600000BFFFF76FFA054606E0FFF76BFA401B4F
:103C7000022801D90320B6E601F06AFF0028F4D03B
:103C8000606901F06BFF18E000BF4FF0B0400068C2
:103C900020F480704FF0B041086000BFFFF752FA87
:103CA000054606E0FFF74EFA401B022801D9032023
:103CB00099E601F04DFF0028F4D1207800F00800CB
:103CC00008285CD1A069E0B35748D0F8008008F01C
:103CD0001001E069884226D008F00200022804D1D1
:103CE00008F0010008B901207DE608F0010080B16C
:103CF00001F058FFFFF726FA054606E0FFF722FA23
:103D0000401B112801D903206DE601F057FF002860
:103D1000F4D14548006820F01000E16908434FF0F5
:103D2000B041C1F8940000BF3F48006840F0010076
:103D30004FF0B041C1F8940000BFFFF703FA054609
:103D400007E00BE0FFF7FEF9401B112801D9032023
:103D500049E601F033FF0028F4D010E001F022FF23
:103D6000FFF7F0F9054606E0FFF7ECF9401B1128D4
:103D700001D9032037E601F021FF0028F4D1207893
:103D800000F00400042868D101F086FE80B9FFF736
:103D9000F5FAFFF7D7F9054606E0FFF7D3F9401B20
:103DA000022801D903201EE601F076FE0028F4D097
:103DB000E068F8B3E068852802D0E068052808D1FB
:103DC0001948001F006840F004004FF0B041C1F8EE
:103DD0009000FFF7B7F905461348001F006840F050
:103DE00001004FF0B041C1F8900008E0FFF7AAF9D8
:103DF000401B41F28831884201D90320F3E501F0EC
:103E0000C1FE0028F2D0E068812802D0E068852851
:103E100024D1FFF797F905460348001F006840F0DA
:103E200080004FF0B04106E094000058B40000203C
:103E3000AC0000202EE0C1F8900008E0FFF782F906
:103E4000401B41F28831884201D90320CBE57148FB
:103E5000006800F400600028F0D04FE0FFF772F92E
:103E600005466C48006820F080004FF0B041C1F872
:103E7000900008E0FFF766F9401B41F28831884264
:103E800001D90320AFE56348006800F40060002812
:103E9000F0D133E0FFF756F905465E48006820F0A0
:103EA00080004FF0B041C1F8900008E0FFF74AF9F8
:103EB000401B41F28831884201D9032093E55548DF
:103EC000006800F400600028F0D1FFF73BF90546D8
:103ED0005048006820F001004FF0B041C1F8900058
:103EE00008E0FFF72FF9401B41F28831884201D9E1
:103EF000032078E501F046FE0028F2D1E06AD0B355
:103F00000C2F66D0E06A022842D101F07FFEFFF755
:103F100019F9054606E0FFF715F9401B0A2801D9F3
:103F2000032060E501F087FE0028F4D1D4E90C01FC
:103F30000843A16B40EA0120E16B0843216C084370
:103F4000616C08434FF0B041C968334A11400843DF
:103F50004FF0B041C86000BF0846006840F0807074
:103F6000086000BF0846C06840F08050C860FFF796
:103F7000E9F8054607E04AE0FFF7E4F8401B0A28A5
:103F800001D903202FE501F056FE0028F4D03EE0D1
:103F900001F03CFE4FF0B040C06820F003004FF04D
:103FA000B041C8600846C0681C4908404FF0B041A5
:103FB000C860FFF7C7F8054606E0FFF7C3F8401BE7
:103FC0000A2801D903200EE501F035FE0028F4D1BE
:103FD0001DE0E06A012800D105E54FF0B040C66859
:103FE00006F00301206B81420FD106F07001606B77
:103FF00081420AD106F4FE41A06BB1EB002F04D13F
:1040000006F06041606C814201D00120EBE40020A9
:10401000E9E40000900000588C80C111FFFFFEEE23
:10402000704700000346024A02EB810210687047A5
:1040300000B1004010B50346024800EB8100026069
:1040400010BD000000B10040014600BF91F82C00F7
:10405000012801D102207047012081F82C0000BF07
:10406000022081F82D0000BFCA200E4A10605320A4
:10407000106000BF0B480C38006840F02000094A6F
:104080000C3A106000BFFF20064A106000BF0120FC
:1040900081F82D0000BF002081F82C0000BF00BF78
:1040A000D9E700002428004070B505460CF078FBE5
:1040B0000446601C0CF096FB70BD000010B5044671
:1040C0000748006800F0400030B140200449083142
:1040D00008602046FFF7E8FF012084F82D0010BD9E
:1040E00054280040014600BF91F82C00012801D15E
:1040F00002207047012081F82C0000BF022081F8C7
:104100002D0000BFCA20114A10605320106000BF6C
:104110000E480C38006840F080000C4A0C3A1060E1
:104120000B48006840F48020094A106000BFFF205F
:10413000064A106000BF012081F82D0000BF00205A
:1041400081F82C0000BF00BFD3E700002428004006
:104150008008005810B504460DF0EAFF10BD0000BD
:1041600070B504460E480068216B00EA010505F0B1
:10417000010030B101200A49083108602046FFF7EC
:10418000E9FF05F0020030B102200549083108605E
:104190002046FFF745FF012084F82D0070BD000088
:1041A00054280040024600BF92F82C00012801D19B
:1041B00002207047012082F82C0000BF022082F804
:1041C0002D0000BFCA20244B18605320186000BF88
:1041D000B1F5807F18D120480C38006820F4885051
:1041E0001D4B0C3B18601C482030006820F000403C
:1041F000194B20331860106B20F001001063012070
:10420000154B3833186017E013480C38006820F459
:104210000850114B0C3B18600F482830006820F004
:1042200000400D4B28331860106B20F00200106323
:104230000220094B3833186000BFFF20064B18607E
:1042400000BF012082F82D0000BF002082F82C0062
:1042500000BF00BFADE700002428004070B5044651
:104260000125002C5AD094F82D0028B9002084F89C
:104270002C00204600F058F8022084F82D0000BFE2
:10428000CA20274908605320086000BF204607F075
:10429000CDF80546CDBB22480C38006821490840BE
:1042A0001F490C390860216960680843A169084307
:1042B0001B490C390968084319490C3908602089E1
:1042C000E16841EA0040164914390860D4E909015F
:1042D000084313491839096821F4F8510843104973
:1042E00018390860204607F0C9F805466DB9D4E9C9
:1042F000071008436169084309490C39096821F02E
:104300006041084306490C39086000BFFF2004499A
:10431000086000BF15B9012084F82D00284670BD43
:1043200024280040BFFF8FFB10B590B00446382111
:1043300002A8FBF769FF1B492068884230D180132F
:10434000029000120F9002A8FFF74CF808B1FDF799
:10435000DFF900BF1448006840F400404FF0B0415E
:10436000C1F8900000BF4FF48060896D01434FF0A9
:10437000B04291651146896D0140019100BF00BFB7
:10438000002211460220FEF74BFF0220FEF734FF09
:10439000002211462A20FEF743FF2A20FEF72CFFB9
:1043A00010B010BD00280040900000582DE9F043E7
:1043B00005460C4617464FF0000800BF95F82C0044
:1043C000012802D10220BDE8F083012085F82C00ED
:1043D00000BF022085F82D006E48006800F440768A
:1043E000B6F5807F57D07FBB6A480C30006800F07C
:1043F000400000B102E00020E07000BF6069B0F151
:10440000004F03D0206A00B900E000BF207806F01A
:10441000FFFF4FEA0049607806F0FAFF49EA0029F9
:10442000A07806F0F5FF49EA0009E07849EA8059EA
:1044300094F8240006F0ECFF49EA0060216A084382
:10444000616940EA010826E0FFE76069B0F1803F5A
:104450000ED06069B0F5000F09D04E480C300068EE
:1044600000F0400000B102E00020E07000BF00BF9B
:1044700020780004617840EA0120A1780843E178BF
:1044800040EA815094F8241040EA0160216A084310
:10449000616940EA010800BFCA203E49183108603E
:1044A0005320086000BFA06AB0F5807F2ED1394844
:1044B0000C30006820F4885036490C310860012027
:1044C000344950310860B6F5807F06D1D4E9060141
:1044D000084330493831086007E02E483430C0F8CE
:1044E00000802C493831A06908602A49643160682D
:1044F0000860286B40F00100286326480C300068F3
:1045000040F4885023490C3108602DE021480C30DC
:10451000006820F408501F490C31086002201D4932
:1045200050310860B6F5807F06D1D4E90601084312
:1045300018494031086007E016483C30C0F8008058
:1045400014494031A0690860124968316068086008
:10455000286B40F0020028630E480C30006840F4DD
:1045600008500C490C3108600B48006840F40030DA
:104570000949086000BFFF2006491831086000BFE4
:10458000012085F82D0000BF002085F82C0000BF19
:1045900000BF18E70C2800408008005870B5054699
:1045A0000C48006820F020000A490860FEF7CAFDA8
:1045B000044607E0FEF7C6FD001BB0F57A7F01D97F
:1045C000032070BD0348006800F020000028F1D0EF
:1045D0000020F6E70C2800404FF0E020006940F092
:1045E00002004FF0E02108617047000070B50546F9
:1045F0000C4614B1012C0BD104E080200649096857
:10460000884706E04FF4807003490968884700E056
:1046100000BF00BF70BD0000F401002010B50446CB
:10462000402002490968884710BD0000F4010020BD
:104630002DE9F04704468A4616461F46B046A07943
:10464000012837D100BF6079012802D10220BDE8DE
:10465000F0870120607100BF204609F0BFFF01F024
:1046600023FA5146204609F077FF0021204609F041
:1046700073FF4FF0000909E04146204609F028FF8A
:1046800008F1010809F101001FFA80F9B945F3DBCF
:1046900001F01EFA204609F0C7FFA06808B1012505
:1046A00000E000250120A07100BF0020607100BF64
:1046B0002846CCE70220CAE72DE9F04704460D461C
:1046C00090469946A07901283AD100BF6079012827
:1046D00002D10220BDE8F0870120607100BF2046B2
:1046E00009F07CFF842D01D0942D02D1012020718E
:1046F00001E00020207101F0D7F92946204609F099
:104700002BFF002706E018F80710204609F024FFC9
:10471000781C87B24F45F6DB01F0DAF9842D02D020
:10472000204609F081FFA06808B1012600E00026BC
:104730000120A07100BF0020607100BF3046C9E7B2
:104740000220C7E710B504462020024909688847BF
:1047500010BD0000F401002010B5044610200249ED
:104760000968884710BD0000F401002038B50546EF
:104770000020009002236A4612212846FFF758FFC6
:104780009DF800409DF8010040EA042404F0010077
:1047900010B1284600F070F9C4F3400010B128466B
:1047A00000F04CF9C4F3800010B1284600F0A8F8DE
:1047B000C4F3C00010B1284600F054F9C4F300104F
:1047C00010B12846FFF7C8FFC4F3401010B12846C7
:1047D000FFF7B8FFC4F3801010B12846FFF71EFFA3
:1047E000C4F3C01058B1C4F3002020B10121284601
:1047F000FFF7FCFE03E000212846FFF7F7FEC4F3B5
:10480000402010B1284600F023F902236A461946D9
:104810002846FFF751FF38BD38B5044614B90125C5
:10482000284638BD0025A07920B9002060712046B7
:1048300000F04CF80220A07100BF2048006820F46E
:1048400000404FF0B041C1F8940000BF1C48006820
:10485000C0EBC000C0F34C40642110FB01F000909D
:1048600000BF009818B901250120A06006E000985B
:10487000401E009001F07EF90028F2D100BF01F047
:1048800027F94FF480500F49096801430D4A116020
:1048900000BF401001F012F900BF4FF400600A4958
:1048A000086000BF35B9206809F0FEFD01202071C5
:1048B0000020A0600120A0712846B2E794000058B3
:1048C000B4000020900800581804005838B5044679
:1048D00001204FF0B041496E01434FF0B0425166A4
:1048E0001146496E0140009100BF00BF00221146F1
:1048F0003220FEF795FC3220FEF77EFC38BD00002A
:1049000010B50446042002490968884710BD00001C
:10491000F40100202DE9F04704468A4616461F465A
:10492000B046A07901283BD100BF6079012802D1AF
:104930000220BDE8F0870120607100BF204609F029
:104940004DFE01F0B1F81E21204609F005FE51464A
:10495000204609F001FE0021204609F0FDFD4FF040
:10496000000909E04146204609F0B2FD08F10108BE
:1049700009F101001FFA80F9B945F3DB01F0A8F84D
:10498000204609F051FEA06808B1012500E000258D
:104990000120A07100BF0020607100BF2846C8E759
:1049A0000220C6E72DE9F04704460D461746984613
:1049B000B946A07901283FD100BF6079012802D112
:1049C0000220BDE8F0870120607100BF204609F099
:1049D00005FE01F069F81D21204609F0BDFD290AF8
:1049E000204609F0B9FDE9B2204609F0B5FD0021E5
:1049F000204609F0B1FD4FF0000A09E04946204683
:104A000009F066FD09F101090AF101001FFA80FAB7
:104A1000C245F3DB01F05CF8204609F005FEA06812
:104A200008B1012600E000260120A07100BF00208F
:104A3000607100BF3046C4E70220C2E710B50446EB
:104A4000022002490968884710BD0000F4010020D7
:104A500010B504464FF4007001490968884710BD3D
:104A6000F401002010B5044608200249096888476F
:104A700010BD0000F401002010B5044601200249D9
:104A80000968884710BD0000F40100202DE9F047B7
:104A90000446894617469846A079012832D100BFBE
:104AA0006079012802D10220BDE8F0870120607101
:104AB00000BF204609F092FD00F0F6FF0E212046CF
:104AC00009F04AFD4946204609F046FD002605E06A
:104AD000B95D204609F040FD701C86B24645F7DB03
:104AE00000F0F6FF204609F09FFDA06808B10125FF
:104AF00000E000250120A07100BF0020607100BF10
:104B00002846D1E70220CFE72DE9F04704460D46BD
:104B100090469946A079012839D100BF60790128D3
:104B200002D10220BDE8F0870120607100BF0220A1
:104B3000A071204609F052FD00F0B6FF0D2120467D
:104B400009F00AFD290A204609F006FDE9B22046CF
:104B500009F002FD002706E018F80710204609F0CA
:104B6000FBFC781C87B24F45F6DB00F0B1FF204616
:104B700009F05AFDA06808B1012600E000260120D6
:104B8000A07100BF0020607100BF3046CAE702205C
:104B9000C8E74FF0E020006920F002004FF0E0216C
:104BA0000861704710B504460CB9012010BD94F897
:104BB0003D0028B9002084F83C00204600F02AF887
:104BC000022084F83D00211D20680BF001FF012028
:104BD00084F8480000BF84F83E0001213F200155C1
:104BE00040200155412001554220015543200155E7
:104BF00000BF00BF012084F8440045200155462035
:104C000001554720015500BF012084F83D000020D8
:104C1000CCE7000008B501460A4A086890420FD167
:104C20004FF480204FF0B042126E02434FF0B04379
:104C30001A661A46126E0240009200BF00BF00BF03
:104C400008BD000000480140014691F83D000128E0
:104C500001D001207047022081F83D00104B086808
:104C6000984203D00868B0F1804F10D1086880687E
:104C70000C4B00EA0302062A0FD0B2F5803F0CD09D
:104C80000868006840F001000B68186005E00868DB
:104C9000006840F001000B6818600020DAE70000AF
:104CA000002C014007000100014600BF0868006AAF
:104CB00041F21112104050B90868006A9210104079
:104CC00028B90868006820F001000A68106000BF79
:104CD000012081F83D0000207047014600BF91F897
:104CE0008000012801D102207047012081F8800056
:104CF00000BF2420C1F884000868026808680068C2
:104D000020F001000B68186022F000520020486675
:104D1000086802602020C1F8840000BF002081F8EC
:104D2000800000BF00BFDFE770B5044600BF94F805
:104D30008000012801D1022070BD012084F880008C
:104D400000BF2420C4F8840020680568206800683B
:104D500020F001002168086045F000554FF0005038
:104D600060662068056020460CF032F82020C4F808
:104D7000840000BF002084F8800000BF00BFDBE794
:104D8000014600BF91F88000012801D10220704740
:104D9000012081F8800000BF00BF00BF0A6852E810
:104DA000002F42F002000B6843E80002002AF5D110
:104DB00000BF00BF002081F8800000BF00BFE6E711
:104DC0007047704770B504460D4600BF94F88000E8
:104DD000012801D1022070BD012084F8800000BFAD
:104DE0002420C4F88400206806682068006820F049
:104DF0000100216808602068806820F06060284316
:104E00002168886020460BF0E3FF206806602020C0
:104E1000C4F8840000BF002084F8800000BF00BFF9
:104E2000D9E770B504460D4600BF94F8800001280C
:104E300001D1022070BD012084F8800000BF242031
:104E4000C4F88400206806682068006820F001002B
:104E5000216808602068806820F06040284321684D
:104E6000886020460BF0B4FF206806602020C4F85C
:104E7000840000BF002084F8800000BF00BFD9E795
:104E800077B581B00446002500BF94F88000012862
:104E900002D1022004B070BD012084F8800000BF60
:104EA0002420C4F884002068006820F001002168F4
:104EB00008602068806820F4401002990843216847
:104EC0008860029820B92046DDE902120BF0ACFFA1
:104ED0002068006840F0010021680860FEF732F9A0
:104EE00006466FF07E40334600224FF4800100906A
:104EF00020460CF025FE08B1032502E02020C4F86E
:104F0000840000BF002084F8800000BF2846C1E76D
:104F100070477047704700002DE9F047044620684D
:104F2000C569206806682068876840F60F0005EAB2
:104F30000009B9F1000F0FD105F0200060B106F0B3
:104F4000200010B907F0805030B1206F10B120461A
:104F5000216F8847BDE8F087B9F1000F7ED0CF48B8
:104F6000384018B9CE4830400028F7D005F001008D
:104F700058B106F4807040B1012021680862D4F86D
:104F80008C0040F00100C4F88C0005F0020058B11C
:104F900007F0010040B1022021680862D4F88C00BB
:104FA00040F00400C4F88C0005F0040058B107F08C
:104FB000010040B1042021680862D4F88C0040F060
:104FC0000200C4F88C0005F0080070B106F0200063
:104FD00010B9B248384040B1082021680862D4F8BE
:104FE0008C0040F00800C4F88C0005F4006060B14B
:104FF00006F0806048B14FF4006021680862D4F880
:105000008C0040F02000C4F88C00D4F88C000028FC
:105010004ED005F0200050B106F0200010B907F086
:10502000805020B1206F10B12046216F8847D4F8FE
:105030008CA02068806800F04000402802D00AF070
:10504000280070B320460CF027F82068806800F034
:105050004000402821D100BF00BF00E029E02168C6
:10506000083151E8001F21F040002168083141E873
:105070000002002AF1D100BFE06F50B18948E16F12
:105080008863E06FFDF7F1FB90B1E06F816B8847BB
:105090000EE02046FFF73EFF0AE02046FFF73AFF0A
:1050A00006E0FFE72046FFF735FF0020C4F88C003C
:1050B00050E7E06E012870D105F0100000286CD098
:1050C00006F010000028FAD010202168086220683D
:1050D000806800F04000402860D1E06F00684068C0
:1050E0001FFA80F8B8F1000F56D0B4F85C004045C4
:1050F00052DDA4F85E80E06F0068006800F02000D8
:10510000F0BB00BF00BF216851E8001F21F4807090
:10511000226842E800010029F5D100BF00BF00BFAE
:105120002168083151E8001F21F001002168083191
:1051300041E80002002AF3D100BF00BF00BF216890
:10514000083151E8001F21F040002168083141E892
:105150000002002AF3D100BF2020C4F888000020FC
:10516000E06600BF00BF216851E8001F21F0100079
:10517000226842E800010029F5D100BFE06F00E09D
:1051800001E0FDF72FFBB4F85C00B4F85E20801A54
:1051900081B22046FFF714FEDCE641E034F85C0FF4
:1051A0006188401A1FFA80F860885C3CB8B3B8F197
:1051B000000F34D000BF00BF216851E8001F21F468
:1051C0009070226842E800010029F5D100BF00BFBD
:1051D00000BF2168083151E8001F304AD24301EA7C
:1051E00002002168083141E80002002AF1D100BF25
:1051F0002020C4F888000020E066206700BF00BFC0
:10520000216851E8001F21F01000226842E80001E7
:105210000029F5D100BF41462046FFF7D1FD99E6B0
:1052200005F4801050B107F4800038B14FF48010BD
:10523000216808622046FFF76CFE8BE605F08000CF
:1052400058B106F0800010B907F4000028B1606F73
:1052500010B12046616F88477CE605F0400030B110
:1052600006F0400018B120460BF04CFF72E605F442
:10527000000030B106F0804018B12046FFF748FE2C
:1052800068E605F0807030B106F0004018B12046A5
:10529000FFF797FD5EE600BF5CE60000010000102E
:1052A00020010004BD0F010810B504460CB901200F
:1052B00010BDA06900B100E000BFD4F8840028B997
:1052C000002084F88000204600F060F82420C4F814
:1052D00084002068006820F00100216808602046F2
:1052E0000CF0E2F9012800D1E2E7A06A10B12046F3
:1052F0000BF0ADFD2068406820F4904021684860C4
:105300002068806820F02A00216888602068006892
:1053100040F001002168086020460BF014FEC7E74A
:1053200010B504461649206888420ED14FF48040DB
:105330004FF0B041096E81434FF0B042116600BF9B
:10534000C0211048FDF784FD18E00F49206888420D
:1053500014D14FF400304FF0B041896D81434FF0CC
:10536000B042916500BF0C214FF09040FDF770FDF9
:10537000A06FFDF7BDFA2520FDF71CFF10BD000052
:1053800000380140000400480044004010B594B0CB
:10539000044614210FA8FAF737FF382101A8FAF7BD
:1053A00033FF4149206888422AD1012001904FF4FF
:1053B0004030029001A8FEF715F808B1FCF7A8F9F3
:1053C0004FF480404FF0B041096E01434FF0B042BE
:1053D00011661146096E0140009100BF00BF022016
:1053E00000F03EFBC0200F90022010900020119092
:1053F0001290072013900FA92C48FDF7CBFD51E028
:105400002B49206888424DD1022001902948039001
:1054100001A8FDF7E7FF08B1FCF77AF94FF4003077
:105420004FF0B041896D01434FF0B0429165114694
:10543000896D0140009100BF00BF012000F010FB0A
:105440000C200F9002201090012011900320129048
:10545000072013900FA94FF09040FDF79BFD1648D1
:10546000164908601420486010211448816000210A
:10547000C16080210161002141618161C1610162DE
:10548000FDF726FB08B1FCF743F900BF0B48A06706
:10549000846200BF002202212520FDF7C1FE2520E5
:1054A000FDF7AAFE14B010BD00380140000400480A
:1054B0000044004004000C0058000240500400204A
:1054C00070B504460D461646D4F8880020282CD125
:1054D00005B10EB9012070BD00BF94F8800001280D
:1054E00001D10220F7E7012084F8800000BF0020EE
:1054F000E0660F492068884211D02068406800F4B7
:10550000000060B100BF00BF216851E8001F41F0FA
:105510008060226842E800010029F5D100BF3246D0
:10552000294620460CF054FAD5E70220D3E70000C4
:105530000080004010B504460A492068884210D116
:105540000948006840B1D4F88C0028B90022012134
:105550000648054B1B689847012204492046FFF77F
:10556000AFFF10BD00440040140000200C000020DC
:105570002DE9F84F04460E4617469946D4F88400A4
:1055800020285ED106B117B90120BDE8F88F00BF11
:1055900094F88000012801D10220F6E7012084F868
:1055A000800000BF00205434A06321202063FDF759
:1055B000C9FD824627806780543CA068B0F5805FB3
:1055C00004D1206910B90025B04602E035464FF0FD
:1055D000000800BF002084F8800000BF1DE0534693
:1055E000002280212046CDF800900CF0A9FA08B1E5
:1055F0000320CAE745B9B8F80000C0F308002168E5
:10560000886208F1020803E02878216888626D1C2E
:10561000B4F85600401EA4F85600B4F8560000280E
:10562000DDD15346002240212046CDF800900CF0F9
:1056300087FA08B10320A8E72020C4F884000020DE
:10564000A3E70220A1E7000070B504460E46154608
:10565000D4F88400202854D106B10DB9012070BDC2
:1056600000BF94F88000012801D10220F7E7012053
:1056700084F8800000BF44F8506FA580E5800020CA
:10568000E06321206063A06A503C08B31E48A16F0C
:10569000C8621E48A16F08631D48A16F48630020BF
:1056A000A16F8863236803F128022B46216DA06F48
:1056B000FDF77EFA60B11020C4F88C0000BF002016
:1056C00084F8800000BF2020C4F884000120C6E7D1
:1056D00040202168086200BF002084F8800000BFDD
:1056E00000BF00BF2168083151E8001F41F0800071
:1056F0002168083141E80002002AF3D100BF0020F0
:10570000ADE70220ABE70000331001088910010863
:10571000D50F010810B5044604492068884203D11A
:10572000002003490968884710BD0000004400407C
:10573000100000207047000070B505460C4600269A
:10574000374890F80401022802D03649C86A8047D9
:1057500001F0C6F930B1022001F0DBF9002001F0C0
:10576000B8F901262E4890F80401012813D101F060
:10577000BDF930B1002001F0CFF9002001F0C3F9EC
:10578000012601F0B1F930B1002001F0C3F9002089
:1057900001F0B4F901262EBB234890F8840410BB15
:1057A000214890F81404012802D11F4880F8395488
:1057B000284601F0AFFB1A49C86A0CF0A7FC1A4949
:1057C000D1F8B413884227D300BF18480CF086FDE7
:1057D00000BF154890F8850420F0200020301249C1
:1057E00081F8850418E0104890F81404012802D1CB
:1057F0000D4880F83944204601F08CFB084890F8A9
:105800000401022808D0084890F8850420F0200000
:105810002030054981F885040CF0D2FD70BD0000F0
:105820007C0B0020D842010870060020080A0020E6
:1058300000BFFEE700B585B014216846FAF7E4FC26
:105840004FF4806000900020019001200290694692
:105850004FF09040FDF79EFB05B000BD0349884224
:1058600002D1A1F1100000E0001D70470C1B0020C8
:1058700010B503F0D6FD012291024FF09040FDF7E4
:105880005BFC03200DF0C0FB00224FF480614FF061
:105890009040FDF751FC40F2EE200DF0B5FB0122E7
:1058A00091024FF09040FDF747FC28200DF0ACFB33
:1058B000FFF7C0FF4FF480614FF09040FDF72AFCE6
:1058C000012808D1002220210F48FDF735FC0A20CD
:1058D0000DF09AFB0BE003F0A4FD4FF4F0700DF017
:1058E00093FB012291024FF09040FDF725FC01222D
:1058F00091024FF09040FDF71FFC64200DF084FBF7
:1059000000200249087010BD000400483402002045
:10591000014609B9012070470020FCE7014605292E
:1059200001DB012070470020FCE70000074890F8E9
:105930008504C0F3800028B9044890F8850400F07D
:10594000010008B1012070470020FCE7700600202C
:1059500002461346002105E0585C08B1002070475C
:10596000481C81B21029F7D30120F8E70146052928
:1059700006D0082905D0092904D00A2904D100BF7E
:1059800000BF00BF012070470020FCE78168024A89
:105990001140891C81607047E8FFFF7F8168024ADF
:1059A0001140491C81607047E8FFFF7F014688680D
:1059B000C0F3400070470146886800F0010070475E
:1059C0000146886800F00100704701468868C0F30E
:1059D0000070704701468868C0F380007047014638
:1059E000C86800F4406008B9012070470020FCE757
:1059F0008168024A1140091D81607047E8FFFF7FFE
:105A0000026822F0E0720A430260704730B54369D1
:105A100001F004050724AC40A34301F0040402FA9A
:105A200004F42343436130BD08B54FF0B041896CA5
:105A300001434FF0B04291641146896C01400091DE
:105A400000BF08BD08B54FF0B041C96C01434FF02D
:105A5000B042D1641146C96C0140009100BF08BD3D
:105A600008B54FF0B041C96C01434FF0B042D1646A
:105A70001146C96C0140009100BF08BD08B54FF048
:105A8000B041C96C01434FF0B042D1641146C96CBA
:105A90000140009100BF08BD02480068C0F300202B
:105AA00070470000000400580348006820F40040DC
:105AB00001490860704700009004005803490968D4
:105AC00021F400610143014A116070470804005845
:105AD0000348006840F40040014908607047000036
:105AE00090040058024800680007000E704700004C
:105AF000080100584FF0B040806800F00C0070477B
:105B0000014603480068084040EA01407047000031
:105B1000880000584FF0B040006820F400104FF0AB
:105B2000B041086070474FF0B040006840F48030EA
:105B30004FF0B041086070474FF0B0400068C0F3CC
:105B4000005070474FF0B0400068C0F340407047CD
:105B50004FF0B0400068C0F3802070474FF0B04174
:105B6000496821F0FE4141EA00614FF0B0425160C6
:105B70007047000002480068C0F3803070470000A2
:105B80009400005802480068C0F3400070470000CD
:105B90009000005802480068C0F3400070470000C1
:105BA000900000580448006820F001004FF0B04118
:105BB000C1F8940070470000940000580248006843
:105BC000C0F3400070470000940000584FF0B04010
:105BD000006840F001004FF0B041086070474FF09E
:105BE000B0400068C0F3C00070474FF0B04000689C
:105BF000C0F3400070474FF0B041496821F47F4145
:105C000041EA00214FF0B042516070474FF0B04080
:105C1000006820F080704FF0B041086070474FF08E
:105C2000B040C06800F0030070474FF0B040C0685B
:105C3000C0F3062070474FF0B0400068C0F34060EA
:105C400070470000084909684FF47F2202EA1012E9
:105C500091434FF47F2202EA001211434FF0B04209
:105C6000C2F888107047000088000058054909688C
:105C7000020C1204914341EA00414FF0B042C2F8D5
:105C800088107047880000580549096821EA1041CA
:105C900082B211434FF0B042C2F888107047000042
:105CA00088000058024602B109B900207047106808
:105CB00000B91160506808B15068016000200860A8
:105CC00051600120F2E703460A4603B10AB90020F9
:105CD000704719688A4206D000E0096821B1086857
:105CE0009042FAD100E000210846F1E7014609B9E7
:105CF000002070470020086048600120F9E770B577
:105D000005460C4605B10CB9002070BD2146284659
:105D1000FFF7D9FF06462868A04201D12068286015
:105D20006868A04200D16E600EB12068306000202B
:105D300020600120E9E7000030B591B0044614224C
:105D400021467E480CF0A0F803F09AF805467B48FF
:105D50000178012088406968084048B900BF784B45
:105D60000122002108460BF073FF00BF00BFFEE7D1
:105D7000724802787349744801F076FD18B14FF00B
:105D8000FF3011B030BD26208DF8200008A802F0A9
:105D900055F918B901206D49087023E027208DF8C6
:105DA00020006B480068006948B108A802F054F868
:105DB0006749099809680A6940F2347190472620BA
:105DC0008DF8200008A802F039F958B901208DF8A3
:105DD000200008A802F040F89DF8240010B101202E
:105DE0005A49087059480078012825D15848006858
:105DF000C06920B156480068C16900208847062064
:105E00008DF8200008A802F027F852490998486147
:105E100026208DF8200008A802F01EF8099890F8B6
:105E2000400046490870099890F8040148700998A4
:105E300090F80601887016E005208DF820000020FB
:105E4000099008A802F0FAF841490968C868804733
:105E50004049486106208DF82000084640690990B5
:105E600008A802F0EBF802208DF8200008A801F045
:105E7000F3FF0822374809990DF0F4FA03208DF852
:105E8000200008A801F0E8FF0822324808300999EC
:105E90000DF0E8FA09F02CFC00BF2E48007D2D49DA
:105EA000497D2C4A927D2B4BDB7DCDE90032CDE93B
:105EB000021029A30022114602200BF0C9FE00BFE8
:105EC0000F208DF8200001208DF8240008A802F092
:105ED000B5F810208DF8200000208DF8240008A8C7
:105EE00002F0ACF804208DF82000144880788DF87A
:105EF000240008A802F0A2F837208DF820000F48EF
:105F00000069099008A802F099F80F208DF8180090
:105F10000A49087806A908F050F80590059808B1D4
:105F2000012000E0002005498871142000F058FB92
:105F30000249887902F056FE002022E7281B002043
:105F4000E04501084C1B00203C1B0020E001002024
:105F500098010020740100202323232323232044BD
:105F60006576416464723A20202020202530325822
:105F70003A253032583A253032583A253032580DC9
:105F80000A00000010B586B00A208DF8040001A8B0
:105F900002F07CFA044605490598086014B900200F
:105FA00006B010BD4FF0FF30FAE70000D40100202A
:105FB00010B58AB004461CB94FF0FF300AB010BDCE
:105FC00000208DF8040001A801F046FF10B14FF049
:105FD000FF30F3E79DF8080020700020EEE7000096
:105FE0000148006870470000D401002010B58AB055
:105FF00004461CB94FF0FF300AB010BD1F208DF8C9
:10600000040001A801F028FF10B14FF0FF30F3E7C2
:106010009DF8080020702078014908710020EBE706
:10602000281B0020024611B94FF0FF30704712B113
:10603000012A06D102E00548086003E00448086030
:1060400000E000BF00BF0020F0E7000000030001F7
:106050000300010110B501F007FA08B9002010BDD6
:106060006FF00100FBE7000070B504460D461448D0
:106070000460144814490860144848601448886053
:106080001448C8600E4800680068134908600C484E
:106090000068406848600A480068806888600F4867
:1060A000C86007480068806908610D49002000F059
:1060B000E3F810B14FF0FF3070BD0020FCE70000A6
:1060C00098010020CD9100083C1B00200D92000893
:1060D000B5920008899300084C1B00201594000815
:1060E0008C01002030B58FB005460C4601208DF89C
:1060F00028002A4801790AA84171022D0CD10220FA
:106100008DF82C00264988710846C47102F04CFDB8
:106110000AA802F0BBF93EE001208DF82C002049CE
:1061200088711E4800790871002048710846C471C2
:106130001C480078D8B91E208DF804001748007953
:106140008DF8080001A801F079FF1F208DF80400E8
:10615000124800798DF8080001A801F06FFF28208F
:106160008DF804001048029001A801F067FF02F0CA
:106170001BFD01208DF804008DF8080001A801F036
:106180005DFF0A480068416A054888470349487826
:1061900000F030F900BF0FB030BD0000281B002018
:1061A0009C010020E0010020000300019801002074
:1061B00010B58AB001208DF8040001A801F04CFE52
:1061C00004463CB99DF8080010B900200AB010BD83
:1061D0000120FBE70020F9E7F0B589B00024002793
:1061E000FFF738FF044624BB03F015F90746B81C37
:1061F00010B96FF0070417E01FB914480068406930
:1062000010B94FF0FF340FE026208DF800006846EB
:1062100001F022FE019D4FF4E7660C48006831460C
:1062200042692846904700BF03F0F8F808B14FF0E4
:10623000FF3444B905480068C06920B103480068CC
:10624000C16901208847204609B0F0BD98010020AF
:1062500010B50446052C0ADA064850F82400806878
:1062600028B1044951F824108868804710BD0020E7
:10627000FCE70000141B002070B504460D46002604
:106280001CB900F071FB064600E000BF00BF1EB362
:10629000134840F824601348114951F824108862CB
:1062A00011480F4951F82410C86210480C4951F8A0
:1062B000241008630E4800688069094951F82410C9
:1062C00048610C4842784168054850F8240043680A
:1062D00028469847002070BD4FF0FF30FBE70000D4
:1062E000141B0020E5600008A9640008855F000811
:1062F00098010020D801002070B506460D46002404
:106300004DE0284850F82400002846D036B1012E30
:1063100010D0022E27D0032E3DD130E0214850F876
:106320002400806928B11F4850F82400816928465C
:10633000884731E01B4850F82400C06990B11948E3
:1063400050F824000078E978884205D054B91549FE
:106350000968C868804728B1124850F82400C1690C
:106360002846884718E00F4850F82400006A28B1F2
:106370000C4850F82400016A284688470CE0094878
:1063800050F82400406A28B1064850F82400416AB9
:106390002846884700E000BF00BF601C44B2052CBF
:1063A000AFDB70BD141B002010B5002413E00B48B8
:1063B00050F8240068B1094850F82400006940B141
:1063C000E0B2FFF745FF20B1044951F824100869F5
:1063D0008047601C44B2052CE9DB10BD141B002073
:1063E00001464FF0FF30704710B502F035FAFFF765
:1063F000DBFF10BD70B58AB00446002601F04CFCEE
:1064000010B1B01E0AB070BDFFF7D2FE012802D055
:106410006FF00200F6E700208DF8040001A801F0FB
:106420001BFD10B14FF0FF30ECE79DF80850A5427E
:1064300035D024B1012C16D0022C2ED116E08DB10E
:106440008DF8084001A801F0F9FD48B91548006829
:10645000006B38B113480068016B2046884701E0A3
:106460004FF0FF361AE04FF0FF3617E015B14FF04E
:10647000FF3611E08DF8084001A801F0DFFD48B9B2
:1064800008480068006B38B106480068016B204678
:10649000884701E04FF0FF3600E000BF00BF304604
:1064A000B0E70000980100202DE9F04186B00446D5
:1064B0000E4617464FF0FF3801F0EEFB20B16FF0AB
:1064C000010006B0BDE8F081FFF772FE012807D099
:1064D0003E4AD1799079FFF705FE6FF00200F0E7B0
:1064E0003B490968C868804701280AD120783849A3
:1064F00009680978884204D0207810B16FF0030051
:10650000DFE7344806720EB1012000E000208DF86C
:106510000400314801798DF812106078694602F064
:10652000E7F948B100208DF8040000210391ADF88F
:1065300010106FF0060807E020788DF808006178E9
:10654000ADF81010616803912248D4E90012C0E947
:106550000412214800791F498872394601A801F0C8
:10656000ABFB05461D4905980860142D20D2DFE8D5
:1065700005F00A1020211F1F1F1627241F1C262587
:1065800012131119232208F1070008B14FF0000877
:1065900019E000BF00BF00BF6FF0010813E06FF00B
:1065A000020810E06FF004080DE06FF005080AE043
:1065B00000BF00BF00BF00BF00BF00BF00BF00BFE3
:1065C0004FF0FF3800BF00BF40467AE79C01002033
:1065D000141B0020A4010020281B0020D40100204F
:1065E00010B58AB0044622208DF80400029401A858
:1065F00001F024FD18B14FF0FF300AB010BD0020AB
:10660000FBE710B500F000FF08B9002010BD6FF0E7
:106610000100FBE710B548B141B1074B1860074BCB
:1066200099605A710123054C237004E00023024C49
:106630002360024C237010BDB80000205C060020CF
:1066400001480078704700005C060020034800788D
:1066500008B90020704701484078FBE75C0600203D
:106660000949097801B9704707494978012909D1D1
:106670000178012906D1017921B103498989491C91
:10668000014A918100BFEEE75C06002010B58AB098
:106690000446A548007808B90AB010BD607B00B96F
:1066A000FAE7A1484078012806D1A07B20B99E488E
:1066B0008089401C9C498881E078E02800D0EBE785
:1066C00099484078002849D1207B042845D1A0680A
:1066D00000780128FAD1A06840780128F6D1A06896
:1066E00080780128F2D1A068C0780128EED100207E
:1066F0008D49C870E02008710220887100208881CF
:106700008873C873087401204870887004208DF85D
:10671000040001208DF8080001A801F08FFC002082
:1067200002F060FA81480068406818B17F49096842
:106730004868804700BF00207D4B0246411E009004
:106740007C480BF0B7FC00BF00BF41F288317948AC
:106750000BF058FD00BF00F00DF9E3E0A0680078F1
:1067600071498870084680780B287DD2DFE800F0F8
:1067700006282C3137555C85BBC2CD0000BF6D4863
:106780000BF0ACFD00BF00206749888148700420F1
:106790008DF804006548006800788DF8080001A8AD
:1067A00001F04CFC61490968487802F01BFA5F4827
:1067B0000068806818B15D49096888688047B0E062
:1067C000022059498871ACE001205749C87088708F
:1067D000A7E000205449C87001208870A1E0207B08
:1067E00051498871042089680870012007E0A16878
:1067F000095C491C4C4A92681154411CC8B24A4970
:106800008979494A5279914202DA4749897901E006
:10681000454949798142EADC83E004208DF814007F
:1068200005A801F033FE7CE000BF42480BF056FDA6
:1068300000BF00203C498881487004208DF8040086
:106840003A48006800788DF8080001A801F0F6FBCE
:1068500036490968487802F0C5F93448006880680C
:1068600028B13249096800E05AE088688047324818
:106870000121826A0220904753E0207B03280BD13C
:1068800005208DF81400A0688078A168497840EA56
:106890000120ADF818001FE0207B07281CD106203E
:1068A0008DF81400A0688078A168497840EA01203A
:1068B000ADF81800A068C0780004A168097940EA22
:1068C0000120A16849790843642148430790A068E2
:1068D000807941B205A8017305A801F0D7FD012018
:1068E000114988701DE00A208DF8140005A801F0F8
:1068F000CDFD16E000208DF80400A06840788DF8EA
:10690000080001A801F09AFB0BE00D208DF814009F
:10691000A06840788DF8180005A801F0B7FD00E0E8
:1069200000BF00BF00BFB7E65C060020B800002033
:10693000B595000844060020BC00002009490978EC
:1069400001B970470749497801B9FAE70178042984
:1069500006D10121034A9173017AD173417A1174EE
:1069600000BFEEE75C06002000487047BC00002036
:10697000704700001CB52B48007810B94FF0FF306D
:106980001CBD2848407808B90020F9E72548807BDD
:10699000012815D100202349887303208871052020
:1069A000896808701F48C07B1E49896848701D4867
:1069B000007C1C498968887001201A49887018E099
:1069C00018488078012805D0042811D101201549E4
:1069D00088700DE0022013498871084680890012F2
:1069E000896808700F48007B0E498968487000BFAD
:1069F00000BF0D4903C9CDE900010A4880798DF82F
:106A0000010008488068019000BF08480BF016FCA0
:106A100000BF0448C17806480122C36A6846984707
:106A2000AEE700005C0600206C3E01084406002032
:106A3000BC0000202DE9F04104460D4616461F46D5
:106A4000A07838B93B46324629462046FAF745FB3E
:106A5000BDE8F0810020FBE710B50C2000F008FA3B
:106A6000A8B10C4890F8850400F0010078B90948F5
:106A700090F88504C0F3800048B10648D0F8400380
:106A800020F002000349C1F84003012010BD00209E
:106A9000FCE70000700600200B4890F8400300F06F
:106AA000800080280ED10848D0F8400320F08000F4
:106AB0000549C1F840030846D0F8400320F0020021
:106AC000C1F8400370470000700600200146002016
:106AD0007047704770477047704770470020704795
:106AE000002070470020704700207047002070474A
:106AF0000146002070470146022070477047024659
:106B0000002070477047704770477047024600206A
:106B100070477047704770477047704701460220C2
:106B2000704700002DE9F04106460F46154617B99B
:106B30000120BDE8F08102F033FB04460CB90220CD
:106B4000F7E721460D48FFF7ADF808B90520F0E753
:106B50002671A560AAB23946601D0CF083FC304650
:106B6000FEF704FF20730548D0F8F810681C0844AD
:106B70000249C1F8F8000020DBE70000F41900200A
:106B8000014600208A1E122A26D2DFE802F0090BF5
:106B90000D0F111315171925251B25251D1F212341
:106BA00003201AE0052018E0022016E0052014E07A
:106BB000012012E0062010E002200EE002200CE08E
:106BC00005200AE0062008E0012006E0052004E098
:106BD000042002E0042000E000BF00BF7047000076
:106BE000014609B9012070470248D0F8F800086052
:106BF0000020F8E7F419002010B5FC220021044819
:106C00000CF04AFC0248FFF771F8002010BD0000AC
:106C1000F419002010B504460CB9012010BD21461E
:106C20000B48FFF76CF808B90320F7E70848D0F8DD
:106C3000F810A068401C081A0549C1F8F800204661
:106C4000FAF77EFF08B90520E8E70020E6E7000034
:106C5000F419002070B50848046808E0207B28B9C2
:106C600025682046FFF7D6FF2C4600E02468002C5C
:106C7000F4D1002070BD0000F419002070B5084860
:106C8000046808E025682079FEF770FE10B1204600
:106C9000FFF7C0FF2C46002CF4D1002070BD00008F
:106CA000F41900202DE9F04780460F461546184894
:106CB0000468002605B117B90120BDE8F08716E089
:106CC000A8EB0601A068401C81420ED32279304611
:106CD000711CCEB22A5421898AB2A819611D0CF008
:106CE000C1FB207A3044C6B200E002E02468002CE8
:106CF000E6D100BF05E0D4F800902046FFF78AFFF8
:106D00004C46002CF7D13846FFF76AFF0020D4E745
:106D1000F419002002460AB90120704707480168AB
:106D20000020107006E0087B012802D110700020BE
:106D3000F3E709680029F6D10020EEE7F4190020F6
:106D400010B50446134991F82000FEF7E7FD08B19D
:106D5000002010BD20780F498968087060780D49BF
:106D600089684870E0780B498968C8700020094933
:106D700089688870074890F82000401CC1B2054817
:106D800080F8201001468868FEF768FD0149886098
:106D90000120DEE7F01A0020014890F8200070473B
:106DA000F01A002070B505460024094991F820002A
:106DB000FEF7AEFD48B90648826841682846FAF7F2
:106DC0001FFF04460CB1607870BD0120FCE7000095
:106DD000F01A0020F8B50446194890F820700025F4
:106DE000002629E016484068007820701448406862
:106DF00040786070124840688578012D05D11048B0
:106E000000688168204688470EE00D484068007899
:106E10008DF800000A48406840788DF80100084865
:106E20004068C0788DF8030000F040F815B9684656
:106E3000FFF786FF701CC6B2BE42D3DBF8BD000070
:106E4000F01A002010B5044608480460002180F8BC
:106E500020100C300549486088601422FF210CF096
:106E60001BFB0121014880F8211010BDF01A002001
:106E700010B504460548826841682046FAF7C0FE0E
:106E800008B1012010BD0020FCE70000F01A00202E
:106E900010B5054991F82000FEF740FD08B101202A
:106EA00010BD0020FCE70000F01A002010B50C49CE
:106EB00091F82000FEF72CFD08B1002010BD084815
:106EC00090F82000401EC1B2054880F8201001460D
:106ED0004868FEF7C3FC024948600120EEE7000065
:106EE000F01A002070B505460E460024084991F8B6
:106EF0002000FEF70DFD50B9054882684168304614
:106F0000FAF77EFE044614B165700120A07070BDD2
:106F1000F01A002070B505460C48446880F82150EE
:106F2000014691F82000FEF7F3FC68B900BF6570D8
:106F3000E07808B90120A0702046FEF78FFC0446D7
:106F400002488068A042F2D170BD0000F01A002013
:106F50001FB50446042C02D00B2004B010BD002045
:106F600000900190029003907F222146684608F02D
:106F700056FB08B10F20F0E70020EEE77FB504468E
:106F80000D4615B10B2004B070BD0020009001909B
:106F900002900390012C02D120208DF800000422E1
:106FA0002946684608F03BFB08B10F20EBE70020BC
:106FB000E9E700002DE9F84381460E4615461C46D8
:106FC0000020009000274FF0130814B90A20BDE8F4
:106FD000F88369464846FAF7A1FE8046B8F1000FEB
:106FE00001D04046F3E70098401C08B9256014E042
:106FF000009880B22F1A002F03DD009838442060DB
:107000000BE01FB9009820600720E0E700986FF3BD
:107010000F0000F58030284420600948006880781F
:1070200058B900212068009A821A61EB0101921B75
:1070300071F1000101DB0820C9E70020C7E700006B
:1070400068010020014609B90A207047034800681A
:10705000C068401C08600020F7E7000068010020BD
:107060002DE9F0478EB082468946144614B1B9F135
:10707000000F03D10A200EB0BDE8F08713252421AC
:1070800005A8F9F7C1F800200490384800688788FF
:1070900004A905AA2079CDE9012100903A46494684
:1070A0005046236808F013FC08B10F20E3E722796B
:1070B00005A920680CF0D6F9204601F04FFB08B175
:1070C0001020D8E7A679E07946EA0026207A46EA39
:1070D0000046264800688068B04203D02348006814
:1070E000866001E00320C6E700219DF81000FFF74D
:1070F00045FF05460DB12846BDE70420FFF728FFF0
:1071000005460DB12846B6E794F80980A07A48EA0A
:107110000028E07A48EA00483B46424631460320D0
:10712000FAF75DFA05460DB12846A4E73B4642460C
:1071300031460220FAF753FA05460DB128469AE780
:107140009DF81000094909688870002007490968FE
:10715000C860411E054800688161044800680161FB
:10716000024800684161002085E7000068010020B6
:1071700010B504460CB9092010BD0C480460282243
:10718000002100680CF088F9012008490968C870DE
:107190000649096888700549096848700020034954
:1071A0000968087006F0D6FF0020E5E768010020B6
:1071B0007CB504460CB90A207CBD01250020019055
:1071C00001A808F0CDFB11490198096888800F4893
:1071D00000688088E082204601F093FC08B111200D
:1071E000EAE704F1180000902B46132200202168E2
:1071F00008F0FFF908B10F20DEE7204601F081FC1E
:1072000008B11120D8E70020D6E70000680100206F
:107210002DE9FF470546884691461C46132603275D
:107220001CB90A2004B0BDE8F08722480068C06895
:10723000A84201D90620F5E794F8200000B90227FA
:107240001C480068C068A8420DD20020CDE90005A6
:1072500094F828103A46A368606A02F02EFE0646AB
:107260000EB13046DEE7204601F0B2FB08B1112036
:10727000D8E7022704F12C000022A168CDE901150E
:10728000009203902279121F91B200233A4620689F
:10729000FAF76CF806460EB13046C3E7204601F017
:1072A00097FB08B11120BDE702480068C5600020C7
:1072B000B8E700006801002070B504460D46294675
:1072C000204608F07BFB08B10F2070BD74B9084957
:1072D000096888782146FFF751FE08B10F20F4E7CE
:1072E0000420FFF735FE08B10F20EEE70020ECE7A1
:1072F0006801002001B50348006800990160002082
:1073000008BD000068010020014609B90A20704745
:1073100000200CE0084A12681C3202EB800200EBED
:10732000400303EBC00301EB83031A62401C0128F6
:10733000F0DB0020EBE70000680100202DE9FF4FA3
:1073400085B00E4690461F46129C1CB90A2009B013
:10735000BDE8F08F39464046F9F75CFF08B90620D2
:10736000F5E713254FF003094FF0020A204601F01C
:1073700063F908B11020EAE704A90598FAF798FC28
:1073800005460DB12846E2E7049890F8019004986C
:1073900090F802A0A068B04201D00220D7E7207B7D
:1073A000C0F3401B17480068807808B94FF0000B05
:1073B0000121E06A8DE8C20003902279121F91B288
:1073C0005B46524620680BF04BF805460DB1284647
:1073D000BDE794F8200008B94FF002090120CDE97B
:1073E000000794F8281033464A46606A02F065FDAB
:1073F00005460DB12846AAE7394640460AF0C2FFC5
:107400000020A4E76801002010B501F0D5FBF8B911
:1074100000BF10480AF062FF00BF00BF0D481830DF
:107420000AF05CFF00BF00BF0A4830300AF056FF88
:1074300000BF00BF074890300AF050FF00BFFFF7C1
:107440004BFB06F0ABFE0449C86A8047002010BD24
:107450000120FCE7D8090020D8420108014981F841
:10746000860470477006002010B500BF16480AF069
:1074700035FF00BF00BF144818300AF02FFF00BFCF
:1074800000BF114830300AF029FF00BF00BF0E488E
:1074900090300AF023FF00BFFFF71EFB0B49C86ABC
:1074A000804700200A49C1F840030A4800F004F967
:1074B00040F23472074908480BF0D4FF0120044918
:1074C000C1F84003002010BDD8090020D8420108AF
:1074D000700600207C0B0020B012002010B5174869
:1074E00090F88504C0F3C00080B1144890F885047A
:1074F00020F00800114981F885040846D0F84403BB
:1075000001F59061C268A1F1200090470B4890F806
:107510008504C0F3400080B1084890F8850420F04D
:107520000200064981F885040846D0F8440301F5B5
:1075300090614268A1F16400904710BD7006002080
:1075400038B500BFEFF31080044672B615480068E6
:107550000090002013490860204680F3108800BF87
:107560000098E8B10098C0F3001008B103F0D6FD10
:107570000098C0F3C00008B103F056FA0098C0F3B9
:10758000800008B103F05EFE0098C0F3400008B12F
:1075900003F0B8FD009800F0010008B103F0B8FD59
:1075A00038BD00006001002070B5284890F88504BF
:1075B00000F00100002848D000240025234890F85E
:1075C000380420B1214890F83804032803D1F9F792
:1075D0006BFE044618E01D4890F83804012813D1CA
:1075E0001A4890F8130401280DD1F9F743FE044618
:1075F000174890F8160138B914B9F9F7B3FC03E04D
:10760000F9F78AFC00E00125012C0FD100BF1148D9
:107610000AF064FE00BF0D48D0F8400320F02000BF
:107620000A49C1F8400308F033FE0DE065B9074888
:1076300090F8850420F02000044981F8850400209A
:1076400081F8130402F074FB00BF70BD70060020C7
:107650007C0B0020D809002010B5164890F885044E
:10766000C0F3800020B30120FFF702FC80B10120AD
:10767000FFF798FB18B900200E4981F810040D4857
:10768000D0F8400320F002000A49C1F840030FE09F
:107690000520FFF7EDFB18B90620FFF7E9FB38B12D
:1076A0000448D0F8400320F002000249C1F840032A
:1076B00010BD00007006002070B5044600250026AD
:1076C0003448D0F8400300B170BD24212046F9F7BA
:1076D000EBFE0546606AA84202D0656246F00106EC
:1076E000142104F12800F9F7DFFE0546E06BA842FB
:1076F00002D0E56346F00206DC2104F14000F9F710
:10770000D3FE0546D4F81C01A84203D0C4F81C518E
:1077100046F00406BC2104F59070F9F7C5FE054655
:10772000D4F8DC01A84203D0C4F8DC5146F00806C6
:107730009C2104F5F070F9F7B7FE0546D4F87C02F9
:10774000A84203D0C4F87C5246F010064FF493616F
:1077500004F52070F9F7A8FE0546D4F81807A842EA
:1077600003D0C4F8185746F02006142104F21C7008
:10777000F9F79AFE05464FF4E6600059A84204D096
:107780004FF4E660055146F040063046F9F72EFD0D
:1077900000BF99E77006002008B52A4890F88504D4
:1077A00000902848D0F84003002849D1254890F897
:1077B000850400F0010038B1224890F8850420F0DB
:1077C0000100204981F885041E4890F88504C0F323
:1077D000800038B11B4890F8850420F00400194956
:1077E00081F885040120FFF739FE9DF8000000F0C4
:1077F000010028B11348D0F84403016812488847B3
:107800009DF80000C0F3800080B10F481430FFF7EE
:10781000E1FAFFF7C1FA002808DD0A4890F885046C
:1078200020F00400001D074981F88504FFF76DF979
:10783000044890F8850420F02000024981F885046E
:1078400008BD000070060020A80A002008B5054801
:10785000D0F8400328B9002000906846FFF75AFA94
:1078600000BF08BD70060020F0B589B004460D4683
:10787000164604B115B9032009B0F0BD206828B13F
:10788000606818B1A06808B1E06808B90320F3E7A0
:10789000304606F0B5FB08B90920EDE72046FFF7B2
:1078A000D1FA40F234720021EC480BF0F5FD40F2C1
:1078B0000C520021EA480BF0EFFD0120E84981F865
:1078C000120481F81104E54880F84060002180F836
:1078D000041180F88010E349C0F814110F208DF8CE
:1078E0001C00DE4991F8400007A906F066FB0690EF
:1078F000069808B1012100E00021D84880F808115D
:107900000A208DF81C00D54991F8400007A906F01F
:1079100054FB0690069841B2D04880F8CC1006205F
:107920008DF81C00CD4991F8400007A906F045FBF1
:107930000690069841B2C94880F8CD1010208DF805
:107940001C00C64991F8400007A906F036FB0690D6
:10795000C2480699C0F8901011208DF81C00BF494C
:1079600091F8400007A906F028FB0690BB4806994D
:10797000C0F8941012208DF81C00B84991F840000E
:1079800007A906F01AFB0690B4480699C0F89810AB
:1079900013208DF81C00B14991F8400007A906F0AA
:1079A0000CFB0690AD480699C0F89C1014208DF889
:1079B0001C00AA4991F8400007A906F0FEFA0690BB
:1079C000A6480699C0F8A01017208DF81C00A349FE
:1079D00091F8400007A906F0F0FA06900698C1B2A7
:1079E0009E4880F8A51018208DF81C009B4991F83E
:1079F000400007A906F0E1FA069098480699C0F8F9
:107A0000A8100699C0F8B01019208DF81C009349F1
:107A100091F8400007A906F0D0FA06900698C1B286
:107A20008E4880F8AC100698C1B28C4880F8B4102B
:107A30001E208DF81C00894991F8400007A906F026
:107A4000BCFA06900698C1B2844880F8B8101F208E
:107A50008DF81C00814991F8400007A906F0ADFAA5
:107A600006900698C1B27D4880F8B91020208DF8A4
:107A70001C007A4991F8400007A906F09EFA06908A
:107A800076480699C0F8BC1021208DF81C00734977
:107A900091F8400007A906F090FA06906F48069901
:107AA000C0F8C0100B208DF81C006C4991F8400004
:107AB00007A906F082FA069069490698A1F8F4032E
:107AC0000C208DF81C00654991F8400007A906F0CC
:107AD00074FA069062490698A1F8F60301215F48FE
:107AE00080F8A4100A21C0F88810062180F88C10B4
:107AF000D0F88810416490F88C1080F84810D0F8C5
:107B00009010C164D0F894100165D0F898104165C8
:107B1000D0F89C108165D0F8A010C16590F8A41031
:107B200080F8601000208DF814004F480390A030BA
:107B300004904A4991F8400003A906F055FA4848D4
:107B4000C0F8485306F02AFB0121444880F805118B
:107B50004348C0F844430020414981F8850401208E
:107B6000C1F8400300213D48C162016300BF00200D
:107B70003E4B0246411E00903D480AF09BFA00BF72
:107B800000BF00203B4B0246411E00903848183091
:107B90000AF090FA00BF00BF0020374B0246411E9A
:107BA0000090334830300AF085FA00BF00BF002053
:107BB000324B0246411E00902D4890300AF07AFA6E
:107BC00000BF01A808F0E4FC2448C030DDE9011240
:107BD000C0E913122A482249C1F84C032949204818
:107BE000C0F854132849C0F85C132849C0F8501352
:107BF0002749C0F85813274801681D481C38884792
:107C00001948C038A96807F05FFD08B1112033E6B4
:107C10001248FFF7ADFA08B111202DE6FEF7ECFF90
:107C200008B1132028E60D48D830FFF76DFB08B1E6
:107C3000112021E617494869804707460BF02CFEC2
:107C4000064A92F80501134A916D88471149C86A9E
:107C500080470120FFF702FC00200DE67C0B00208E
:107C600070060020000300015C0D0020319D00081B
:107C7000D8090020559A0008AD9A00084D940008D4
:107C80002D980008259700089D970008A5980008E2
:107C9000D5970008D84201080648D0F8400330B90B
:107CA000044890F88604012801D100207047012083
:107CB000FCE70000700600202DE9F04F87B0044675
:107CC0000E4602274FF000094FF0000A4FF000085F
:107CD0004FF0000B1CB9032007B0BDE8F08FFFF791
:107CE000DBFF08B10120F7E70020039014220021F8
:107CF00054480BF0D1FB0121534880F8391401207E
:107D0000514981F81204207820B1012816D00328A7
:107D10003FD12CE04FF0010B01204B4981F81104B9
:107D20009DF80C0020F0E0004030039094F804909F
:107D3000D4F808A0A58994F90E802BE04FF0010B30
:107D4000E07B082801DAE07B00E008203E4981F86A
:107D500011049DF80C0020F0E0008030039094F8AE
:107D60000490D4F808A0A58994F90E8012E04FF091
:107D7000010B0120344981F811049DF80C0020F01A
:107D8000E000E0300390D4F804A0258994F90A803B
:107D900000E000BF00BF02208DF814002B4890F8CF
:107DA00074008DF81600294991F8400005A906F0E5
:107DB00004F90490049840B2404501DA404601E0DD
:107DC000049840B28046BBF1010F34D11F4890F8AF
:107DD0000601B0B98DF808801C4890F874008DF841
:107DE0000A001A4991F84000052202A906F091F90B
:107DF00028B19DF80810154880F8391001E00320DB
:107E00006AE72B465246494603A8009607F086FECD
:107E1000074667B920780C4981F83804084690F87D
:107E2000850420F00100401C81F8850403E0002057
:107E3000054981F814040448D0F8880420613846C4
:107E40004AE70000A80A0020700600207C0B0020F2
:107E500001460220704700003EB5044600250CB9DB
:107E600003203EBD207838286FD2DFE800F01C21C7
:107E7000262A2E3338DBDBDBDBDBDBDBDB3D42477B
:107E8000545A61677C6F898E92969A9EA2A7B1AC74
:107E9000B6BABFC9C3C6DBCEDBDBDBDBDBDBDBDBE0
:107EA000DBDBDBDBDBD6634890F804012071BEE04E
:107EB000604890F818012071B9E007F0DBFB6060C2
:107EC000B5E007F0DDFB6060B1E05A4890F80601CC
:107ED0002071ACE05748D0F8D0006060A7E055486A
:107EE000D0F8D4006060A2E0524890F805012071FB
:107EF0009DE0504890F88000207198E01D208DF89A
:107F000004004C4991F8400001A906F056F8009091
:107F1000009860608BE04748816E406EC4E90101C3
:107F200085E044484030C16E806EC4E901017EE0C6
:107F30004048016FC06EC4E9010178E03D4840301F
:107F4000416F006FC4E9010171E06BE01B208DF807
:107F50000400384991F8400001A906F02EF800907D
:107F60000098606063E01A208DF80400314991F8B0
:107F7000400001A906F021F800900098606056E0EA
:107F80002C4890F86000207151E02A48C06C606075
:107F90004DE02848006D606049E02648406D606013
:107FA00045E02448806D606041E02248C06D60601B
:107FB0003DE0204890F8CD00207138E01D4890F851
:107FC0003900207133E01B4890F8CC0020712EE07E
:107FD000184890F83800207129E01648406C60601D
:107FE00025E0144890F84800207120E01148C06F47
:107FF00060601CE00F48606019E00F48606016E0A8
:108000000C48D0F8C000606011E00A48D0F81401B4
:10801000606005F0E1FFA06009E00648D0F8840048
:10802000606004E02046FEF766FD054600BF00BF25
:10803000284616E77C0B0020B01200203EB504460F
:1080400000250CB903203EBDF74890F8400300F02E
:108050000200022801D10120F5E72078382871D2EA
:10806000DFE800F01C212B31373C4146515C67733F
:108070007E89949FAD70B2D7FEFDFCFBFAF9F8F74C
:10808000F6F5F4F3F2F1F0EFEEEDEC70EB707070EA
:108090007070707070707070707070EA207908F095
:1080A00059F90546ECE12079022804D02179DF480E
:1080B00080F8181100E00325E2E1606807F05EFC3B
:1080C00000B10325DCE1606807F068FC00B103251E
:1080D000D6E12179D54880F80611D1E1D34861680D
:1080E000C0F8D010CCE1D1486168C0F8D410C7E125
:1080F000606830B100206168FFF7DEF810B1112030
:10810000A1E70325BCE1606830B101206168FFF799
:10811000D3F810B1112096E70325B1E1606830B1C2
:1081200002206168FFF7C8F810B111208BE7032522
:10813000A6E1606838B103206168FFF7BDF818B1A7
:10814000112080E797E103259AE1606830B17F2034
:108150006168FFF7B1F810B1112074E703258FE1D2
:10816000606830B180206168FFF7A6F810B1112077
:1081700069E7032584E1606830B181206168FFF719
:108180009BF810B111205EE7032579E1606830B1FA
:1081900082206168FFF790F810B1112053E70325A2
:1081A0006EE12179A14880F80511024692F8050197
:1081B0009F4A916D88479E49C86A804760E121794E
:1081C0009A4880F880105BE1207A40B28DF8000078
:1081D000964890F875008DF80100944991F8400098
:1081E0000722694605F095FF08B9032510E060688D
:1081F00000908E4991F840000022694605F089FF01
:1082000008B9032504E08948D4E90112C0E919122C
:1082100036E1207A40B28DF80000844890F875006D
:108220008DF80100814991F840000722694605F068
:1082300070FFE0B17D4814E018E108E103E1FDE0E2
:10824000F8E0EAE0E3E0BCE0CEE0A2E08EE089E026
:1082500084E07FE07AE075E067E04AE057E02EE0F6
:1082600007E04030D4E90112C0E91A1200E003250A
:1082700006E1207A40B28DF800006C4890F8750055
:108280008DF80100694991F840000722694605F020
:1082900040FF90B16548D4E90112C0E91B1290F883
:1082A000040102280AD1614890F8180130B16049F0
:1082B000C86A804701F0A6FD00E00325E0E0207ACF
:1082C00040B28DF80000594890F875008DF8010013
:1082D000564991F840000722694605F01AFF30B16F
:1082E00052484030D4E90112C0E91C1200E00325D5
:1082F000C6E06068019001208DF808004B4991F8B4
:10830000400001A905F06AFA00B90325B8E06068E9
:10831000019000208DF80800444991F8400001A91F
:1083200005F05CFA00B90325AAE02079012807DBF3
:1083300020790F2804DC21793C4880F8601000E0A7
:1083400003259DE039486168C16499E03748616858
:10835000016595E035486168416591E033486168A1
:1083600081658DE031486168C16589E020798DF8CB
:1083700000002E4991F840000622694605F0C9FE2A
:1083800028B19DF80010294880F8CD1000E00325A1
:1083900076E020798DF80000244890F874008DF87C
:1083A0000200224991F840000522694605F0B1FE1D
:1083B00028B19DF800101D4880F8391000E0032511
:1083C0005EE020798DF80000184991F840000A22FB
:1083D000694605F09EFE28B19DF80010134880F80C
:1083E000CC1000E003254BE020798DF800000F4908
:1083F00091F840000922694605F08BFE28B19DF8EE
:1084000000100A4880F8381000E0032538E00748DB
:108410006168C0F88810416432E02179034880F82F
:108420008C1080F848102BE0700600207C0B002098
:10843000D842010814486168C16721E012486168A8
:10844000C0F8C0101CE005F061FF054618E0A079F7
:10845000012809DC0C486168C0F814116068FEF757
:1084600049FF10B11120EEE5032509E006486168D7
:10847000C0F8841004E02046FFF7EAFC054600BF80
:1084800000BF2846DFE500007C0B00207CB50446D9
:108490000225002000900CB903207CBDFFF7FCFBF7
:1084A00008B10120F9E7FEF7F3FC08B10120F4E779
:1084B000FEF772FC20B9142200215C480AF0ECFFA0
:1084C00001215B4880F84D1490F8850420F00400E9
:1084D000001D574981F8850420788DF8040001209B
:1084E0008DF8050000208DF8070020780F2870D245
:1084F000DFE800F080088080323B40808080478049
:10850000705066004A4890F8400300F02000202890
:1085100001D10120C1E705F041FE627951B2454A1F
:1085200092F84000002204F041FC424981F83900F1
:1085300007208DF80500FF2007F01EFC054655B109
:10854000627951B23B4A92F84000012204F02EFCBD
:10855000384981F839004EE00025002269460220A2
:10856000FEF7E0FA00B1132545E0A08807F0D6FD3C
:10857000054640E0227BA088A16807F0FDFD054686
:1085800039E00025002269460D20FEF7CBFA00B144
:10859000132530E0274890F8040180B92679217925
:1085A00001F00700FEF7B7FA8DF800600025012200
:1085B00069461020FEF7B6FA00B1132500BF1AE095
:1085C0000025002269461220FEF7ACFA00B11325FF
:1085D00011E00FE001208DF80700FEF77FFA38B9AF
:1085E0000020FEF796FA0020FEF773FA002500E05F
:1085F000012500E000BF00BF0D48D0F888042061CD
:1086000075B1FEF7C9FB70B90020094981F814045F
:10861000084690F8850420F0040081F8850402E003
:1086200001A8FEF78DFB284637E70000BC0A0020B2
:10863000700600207C0B002070B504460CB1206849
:1086400008B9022070BD002529466D1C2268505CC7
:10865000607129466D1C2268505CA06029466D1C23
:108660002268505CA16841EA0020A06029466D1C88
:108670002268505CA16841EA0040A06029466D1C58
:108680002268505CA16841EA0060A06029466D1C28
:108690002268515C217329466D1C2268515CE1817E
:1086A00029466D1C2268515CE08940EA0121E18184
:1086B000207B00F00F000F280EDC207B00F00F0263
:1086C0002068411904F110000AF0CCFE207B00F074
:1086D0000F00284485B201E00120B3E7002084F8B0
:1086E000200084F828002079401B001F002816DD98
:1086F0002846691C8DB22268105C84F8200020791D
:10870000401B001F84F8280094F82820236859197A
:10871000606A0AF0A7FE94F82800284485B2207900
:10872000001F2168085CE0622079C01E2168085C97
:10873000E16A41EA0020E0622079801E2168085C3D
:10874000E16A41EA0040E0622079401E2168085C4D
:10875000E16A41EA0060E062002073E770B5044618
:108760000CB1206808B9022070BD002529466D1C97
:108770002268505C6071206841190322A01D0AF034
:1087800071FEED1C20684119032204F109000AF072
:1087900069FEED1C29466D1C2268505CE06029468C
:1087A0006D1C2268505CE16841EA0020E0602946C7
:1087B0006D1C2268505CE16841EA0040E060294697
:1087C0006D1C2268505CE16841EA0060E060294667
:1087D0006D1C2268505C207429466D1C2268505C18
:1087E00060742079001F401B10280AD120684119AD
:1087F000102204F112000AF035FE05F1100085B2D6
:1088000006E02079001F401B002801DD0120ABE7B6
:108810002846691C8DB22268105C60622846691C7B
:108820008DB22268105C616A41EA002060622846CD
:10883000691C8DB22268105C616A41EA0040606286
:108840002846691C8DB22268105C616A41EA0060AA
:108850006062002088E7000010B50024FEF770FE7B
:10886000FEF752F9204890F88504C0F3401000B399
:108870000020FEF7F3FDFEF70FF9FDF757F800288B
:1088800002DDFEF7E9F804431CB9FEF7E5FEFEF74A
:108890008BFEFEF781FFFEF7D9FF0120FEF7DEFD1C
:1088A000114890F8850420F0400040300E4981F8CE
:1088B0008504FEF713FE0C4890F88404022801D1C9
:1088C00001F0A0FA084890F88504C0F3801050B178
:1088D000054890F8850420F04000034981F885049C
:1088E0000248FEF7E9FE10BD700600207C0B002058
:1088F00030B589B005460C463348806A039032484B
:1089000090F8CD000290304890F8CC000190002003
:10891000009014B9032009B030BD2B48D0F81401E1
:10892000049000208DF81400274890F806018DF877
:1089300015002548806A06902448B0F8F403ADF885
:108940001C002248B0F8F603ADF81E001E4890F84F
:1089500039008DF820001C4890F838008DF821006F
:10896000194890F874008DF82200174890F84000DC
:108970008DF8230003AB01AA02A904A8FEF75AF858
:108980009DF90800F9F704FA60706846FEF728F9C7
:1089900008B11320BFE700980F2810D8607800991D
:1089A00088420CD360780099401A20706078009952
:1089B0002944884201D30020ADE70820ABE700201E
:1089C00020700820A7E700007C0B00207006002024
:1089D00070B504460CB1206808B9012070BD0025AF
:1089E0000826207B00F00F00064494F82800002899
:1089F00001DD701C86B294F82800304486B2301D28
:108A000086B22079B04201DA0220E7E7627929468E
:108A1000681C85B223685A54227A2846691C8DB294
:108A200023681A542089C0F307222846691C8DB296
:108A300023681A54A068C0F307422846691C8DB207
:108A400023681A54A068000E29466A1C95B2236850
:108A50005854227B2846691C8DB223681A54A27B85
:108A60002846691C8DB223681A54E089020A2846F8
:108A7000691C8DB223681A54217B01F00F02216812
:108A8000481904F110010AF0EDFC207B00F00F0002
:108A9000284485B294F82800002806DD94F82020A8
:108AA0002846691C8DB223681A5494F8282023683C
:108AB0005819616A0AF0D6FC94F82800284485B257
:108AC00094F82C202846691C8DB223681A54A08D76
:108AD000C0F307222846691C8DB223681A54E06A45
:108AE000C0F307422846691C8DB223681A54E06A15
:108AF000000E29466A1C95B223685854257100203F
:108B00006CE770B504460CB1206808B9012070BD4F
:108B100000252079172801DA0220F8E76279284633
:108B2000691C8DB223681A54216848190822A11DB6
:108B30000AF0A4FC05F1080085B221684819082252
:108B400004F10E010AF09AFC05F1080085B2A27D3D
:108B50002846691C8DB223681A54E08A020A284606
:108B6000691C8DB223681A54227E2846691C8DB276
:108B700023681A54208BC0F307222846691C8DB243
:108B800023681A54A069C0F307422846691C8DB2B5
:108B900023681A54A069000E29466A1C95B22368FE
:108BA000585425710020B2E700200249C1F8400363
:108BB000704700007006002000B5FFF76DF828B977
:108BC00001200749C1F84003002000BD0448D0F847
:108BD0004003012801D10020F7E70120F5E700005C
:108BE0007006002038B504468DF80040054991F81C
:108BF00040000F22694605F08CFA10B1014880F858
:108C0000084138BD7C0B002000B585B000200490E1
:108C100000BF0221012259A3CDE9002102900246A2
:108C20000146022009F014F800BF00BF0020042113
:108C300002225BA3CDE900210290024601460220F8
:108C400009F006F800BF00BF0020022101225DA349
:108C5000CDE90021029002460146022008F0F8FF0B
:108C600000BF04A90020FDF7DDF900BF0498C0F3A0
:108C700007200499C1F30741049A120E5AA3CDE9C3
:108C80000021029000221146022008F0E1FF00BFFF
:108C900004A90120FDF7C6F900BF0498C0B20499E9
:108CA000C1F30721049AC2F30742049B1B0ECDE9CE
:108CB0000032CDE9021055A300221146022008F02F
:108CC000C7FF00BF00205A4B02464FF4FA710090D4
:108CD000584809F0EFF90020574B02464FF4FA715B
:108CE0000090564809F0E6F90020554B01224FF458
:108CF000FA710090534809F0DDF90020524B02460A
:108D00004FF4FA610090514809F0D4F9504A00211B
:108D1000012009F0D9F84F4A0021022009F0D4F8C7
:108D20004D4A0021042009F0CFF84C4A00210820C8
:108D300009F0CAF800F0A8F84FF081714848FDF733
:108D400093F94848FCF7F8FF3E4809F077FA46489F
:108D5000017846480078FDF7C5F94548007858B9CC
:108D60000020444B0246009043480168434809F004
:108D7000A1F9424809F062FA05B000BD4150504CDB
:108D800049434154494F4E5F56455253494F4E3A1D
:108D9000205625582E25582E25580D0A0000000073
:108DA0004D575F4C4F524157414E5F5645525349C4
:108DB0004F4E3A20205625582E25582E25580D0A5C
:108DC000000000004D575F524144494F5F564552E5
:108DD00053494F4E3A202020205625582E25582EF4
:108DE00025580D0A000000004C325F535045435F88
:108DF00056455253494F4E3A2020202020562558A0
:108E00002E25582E25580D0A0000000052505F53A1
:108E10005045435F56455253494F4E3A202020203B
:108E2000205625582D25582E25582E25580D0A0038
:108E3000F19D0008D4050020419A0008EC050020AF
:108E4000A5960008040600200D9B0008C804002019
:108E5000E9630008F9FD0008ED020108A901010815
:108E6000340000208000002031000020300000206D
:108E700094000020D99D000898000020B004002034
:108E8000004870471C06002010B5002010490860FB
:108E900048608860C8600846406840F00400486048
:108EA0000846406870B900BF0A4B002211461046C0
:108EB00008F0CEFE00BF00BF08F052FF0128FBD132
:108EC00000BFFEE700200249C8600320086010BD13
:108ED0001C0600204C44010810B5144814490860D1
:108EE00040054860002112488160C1600161042191
:108EF000416100210176417681760121C161002125
:108F000080F820104162816280F82C104FF480516B
:108F10000163072141638163002180F83C10C16433
:108F2000F9F704FA08B1F8F7F3FB10BD002401408B
:108F30003C02002010B50420FCF776FD0120FCF770
:108F400073FD002202210F20FAF76AF90F20FAF7C9
:108F500053F910BD00B585B014216846F7F754F9F0
:108F60000220FCF76FFD0120FCF76CFD0420FCF7EC
:108F700069FD002238211C48FAF7DEF800224FF480
:108F800080614FF09040FAF7D7F838200090012028
:108F9000019000200290039069461348F9F7FAFF08
:108FA000012000904FF404100190012002906946C6
:108FB0004FF09040F9F7EEFF4FF4806000900120F1
:108FC000019002900220039069464FF09040F9F71B
:108FD000E1FF002211460620FAF722F90620FAF7EF
:108FE0000BF905B000BD00000004004810B507F003
:108FF0004DFBFFF709FE10BD10B54FF0FF3008F034
:1090000079FF10BD00B58BB02C216846F7F7FCF84E
:109010001748184908607F211648816000210161C6
:10902000416181614FF08041C161002101624FF4D3
:1090300080714162FBF712F908B1F8F769FB0D483E
:10904000FBF750F808B1F8F763FB00200790019098
:1090500005904FF00050069040150A900022694696
:109060000448FBF7A3F908B1F8F752FB0BB000BDB9
:1090700000280040A002002010B508200449086024
:109080000846FBF7C9FB08B1F8F742FB10BD00002A
:10909000D802002010B50A480A4908602F2048600D
:1090A0000021084881604FF6FF71C1600021016115
:1090B00041618161FBF776FD08B1F8F729FB10BD2E
:1090C00000480140E402002010B518481849086023
:1090D0004FF4E1304860002115488160C1600161B2
:1090E0000C21416100218161C16101624162002066
:1090F0000F4988620846FCF7D7F808B1F8F708FB73
:1091000000210B48FBF78DFE08B1F8F701FB0021A9
:109110000748FBF757FE08B1F8F7FAFA0448FBF7DF
:10912000DCFD08B1F8F7F4FA10BD0000003801408A
:109130003003002010B51848184908604FF4E1309A
:109140004860002115488160C16001610C214161C6
:1091500000218161C1610162416200200F49886282
:109160000846FCF7A1F808B1F8F7D2FA00210B483D
:10917000FBF757FE08B1F8F7CBFA00210748FBF7D9
:1091800021FE08B1F8F7C4FA0448FBF7CDFD08B199
:10919000F8F7BEFA10BD000000440040C0030020F4
:1091A00010B5002405E0601CC4B20F2C01D10020D2
:1091B00010BD054901EB0410FCF7CAFB0028F2D0F2
:1091C000014800EB0410F3E7FC19002010B5044639
:1091D00001200C49087060784870A07840B288720D
:1091E000E068C860E0780876207C4876207948728C
:1091F00005480068816A0348884721460020FDF73A
:109200007BF810BDA40100209801002030B585B086
:1092100004460D4600200290012023490870607822
:1092200048700846407808B105B030BD207940B29A
:109230001D490872287840B24872A8788872E87888
:1092400008742069C860E0788DF80C00207B8DF8E8
:109250000D00A068049015480068C26A03A89047F2
:1092600012480068806B30B1207E012803D10F497D
:109270000968886B804721460120FDF73DF802A868
:10928000FCF796FE607901280BD19DF8080040B9E3
:10929000002000900190012200216846FDF704F9AA
:1092A00000BF00BFC0E70000C001002098010020FF
:1092B00000BFFEE710B58AB0044600202C490870B4
:1092C000607848702B480068816A294888472146A1
:1092D0000220FDF711F820780A2838D004DC012894
:1092E00007D004283FD12AE00C2831D00D283AD1EC
:1092F00038E006208DF8040001A8FEF7ADFD1E49F8
:10930000029848611D48FCF771FE607840B9002062
:109310001A49091F48711A494878FDF76BF803E0AC
:10932000FF201649091F487112480068416A134816
:10933000001F8847607808B906F0BAFA14E00120E7
:1093400010494874207A8874607AC8740CE00BE085
:10935000607820B90A49087BFDF742F801E0FCF784
:1093600011FE01E000E000BF00BF0AB010BD000028
:10937000A40100209801002074010020A001002019
:10938000281B0020C00100207CB504460D460020AB
:109390001C49087060784870A07840B2087228783C
:1093A00040B24872A8788872E87808746068C8602B
:1093B00020780B2807D020780F2804D012480068A6
:1093C000C26A0020904721460320FCF795FF2078D1
:1093D000072804D00B2811D00F2810D10DE0002051
:1093E0000090019009490968C868804720B90122A6
:1093F00000216846FDF758F802E001E000E000BFF8
:1094000000BF7CBDC001002098010020141B00207B
:1094100000BFFEE770476FF0040070476FF0040074
:10942000704700B585B014216846F6F7EDFE4FF49D
:109430008060009001200190029002200390694614
:109440004FF09040F9F7A6FD05B000BD10B50446F9
:1094500000BF144808F042FF00BF134890F81404FE
:10946000012802D1104981F81304104890F8040132
:10947000022808D10C4890F8850420F02000203004
:10948000094981F885040848D0F8480348B10648DE
:10949000D0F84803006920B10349D1F8481308699E
:1094A000804710BD680A0020700600207C0B002059
:1094B00010B58CB00446002C3DD06078012804D053
:1094C00002280BD003282CD000BF00BF1BA3002212
:1094D0001146022008F0BCFB00BF2BE000BFE17E7C
:1094E000A27E637E207ECDE909320B910890E17D5A
:1094F000A07D627D6368CDE90432CDE9060194F96F
:109500001410B4F91220237CE068CDE90032CDE9D3
:109510000210104B00221146022008F099FB00BFF8
:1095200008E000BF0CA300221146022008F090FBC7
:1095300000BF00BF00BF0CB010BD00000D0A232308
:109540002323232320424541434F4E204C4F535465
:109550000D0A0000704301080D0A2323232323234F
:1095600020424541434F4E204E4F542052454345E3
:10957000495645440D0A000038B5044600BF05A011
:10958000005D05A3002211460090022008F060FB58
:1095900000BF38BD4142430053776974636820744B
:1095A0006F20436C61737320256320646F6E650DBB
:1095B0000A00000010B50446FDF7DCF910BD0000FC
:1095C00010B50446002C2DD06079002822D1164811
:1095D00008F084FE002210211448F9F7ADFD00BF09
:1095E00013A300221146022008F032FB00BFA0792D
:1095F000012807D100BF14A300221146022008F061
:1096000027FB0FE000BF18A300221146022008F03C
:109610001FFB07E000BF1CA300221146022008F038
:1096200017FB00BF10BD0000040600200004004826
:109630000D0A232323232323203D204A4F494E454F
:1096400044203D2000000000414250203D3D3D3D72
:109650003D3D3D3D3D3D3D3D3D3D3D3D3D3D3D3D3A
:109660003D3D0D0A000000004F544141203D3D3D6D
:109670003D3D3D3D3D3D3D3D3D3D3D3D3D3D3D3D1A
:109680003D3D0D0A000000000D0A23232323232360
:10969000203D204A4F494E204641494C45440D0A41
:1096A0000000000010B5044610210248F9F73AFD09
:1096B00010BD00000004004810B50021012008F092
:1096C000DDFC10BD10B50446012C07D100BF08A376
:1096D00000221146022008F0BBFA07E000BF09A3F0
:1096E00000221146022008F0B3FA00BF10BD0000AE
:1096F0004E564D20444154412053544F5245440D41
:109700000A0000004E564D2044415441205245531A
:10971000544F5245440D0A00014908737047000038
:10972000800000202DE9F04104460D4616461F46F4
:1097300008F0E0FC12490860084644600581468153
:1097400007731048006820F0080008300D490860D1
:109750000D48D0F8480348B10B48D0F848030069D9
:1097600020B10949D1F848130869804700BF07A311
:1097700001220021022008F06BFA00BFBDE8F08151
:10978000E419002060010020700600204D414320B4
:109790007278446F6E650D0A0000000010B50B482A
:1097A000006820F00200801C084908600848D0F8D2
:1097B000480348B10648D0F84803006920B104497D
:1097C000D1F848130869804710BD000060010020EF
:1097D0007006002010B50F48006820F00100401C02
:1097E0000C4908600C48D0F8480348B10A48D0F842
:1097F0004803006920B10849D1F848130869804737
:1098000000BF06A301220021022008F021FA00BFB8
:1098100010BD000060010020700600204D41432073
:10982000727854696D654F75740D0A001CB508F0A7
:1098300061FC14490860684606F07EFE1248DDE9C6
:109840000012C0E90E121148006820F0100010301C
:109850000E4908600E48D0F8480348B10C48D0F8CB
:109860004803006920B10A49D1F8481308698047C4
:1098700000BF08A301220021022008F0E9F900BF7F
:109880001CBD000064010020700900206001002060
:10989000700600204D4143207478446F6E650D0AB8
:1098A0000000000010B50F48006820F00400001D03
:1098B0000C4908600C48D0F8480348B10A48D0F871
:1098C0004803006920B10849D1F848130869804766
:1098D00000BF06A301220021022008F0B9F900BF51
:1098E00010BD000060010020700600204D414320A3
:1098F000747854696D654F75740D0A0070B505462E
:109900000C46A2B20249284608F0BEFA70BD00001B
:1099100000F0030870B586B004460D460026002D01
:1099200075D0012220213B48F9F706FC3A4808F09F
:1099300085FC287800284ED0002C4CD02678606812
:10994000002848D0207802281BD0032841D1607815
:10995000012815D16068007820B1012806D00228BE
:109960000CD107E00020FCF745FD08E00120FCF7E2
:1099700041FD04E00220FCF73DFD00E000BF00BF18
:1099800028E06078012823D16068007800F00100A9
:10999000224908700846007868B900BF20A3002259
:1099A0001146032008F054F900BF00221021194885
:1099B000F9F7C2FB0CE000BF1CA3002211460320F4
:1099C00008F046F900BF012210211248F9F7B4FB54
:1099D00000E000BF00BF287C062818DA00BF95F918
:1099E0000A0095F909102A7C134B53F8222095F9A7
:1099F0000830CDE90232CDE90410E8680F4B0022AF
:109A00001146CDE90006032008F022F900BF06B098
:109A100070BD000000040048EC050020A4000020F8
:109A20004C4544204F46460D0A0000004C4544205A
:109A30004F4E0D0A0000000018000020E44301080A
:109A400010B50446002220210148F9F775FB10BD2E
:109A50000004004810B50446124890F81504114956
:109A600081F8B803104890F8610041B20D4880F8C1
:109A7000BB130D4890F875100A4880F8C8130A48BF
:109A800090F88010074880F8C913002180F8CA13A5
:109A900080F8CB1300F56E7100F5607004F0B8FC2F
:109AA00010BD0000700600207C0B002010B504469D
:109AB000144890F8840400B910BD124890F81504B9
:109AC000104981F8CC031048416E0E48C0F8D013FD
:109AD0000D4890F875100B4880F8DC130A4890F890
:109AE0008010084880F8DD13002180F8DE13012182
:109AF00080F8DF1300F5737100F5667004F088FCE0
:109B000000BFD9E7700600207C0B002010B504468A
:109B10000B480078022803D10021082008F0AEFA93
:109B2000002220210748F9F707FB002208210548F9
:109B3000F9F702FB002210210248F9F7FDFA10BDE7
:109B4000300000200004004870B504460D46F9F7C7
:109B500067F9C0B90C480088000480094FF47C31D3
:109B6000B1FBF0F200FB1210C60A002201213046C0
:109B7000F7F71AFE28B900232A4621460348F7F7CB
:109B800063FEF9F701F970BDE075FF1F00F00308EF
:109B900010B5FCF75FFA08BBFCF70AFB01281DD1E2
:109BA00000BF00BF00BF00BF00BFBFF34F8F00BFAB
:109BB00000BF00BF0A48006800F4E060094908439C
:109BC000001D0749086000BF00BF00BFBFF34F8FF3
:109BD00000BF00BF00BF00BF00BFFDE710BD000019
:109BE0000CED00E00000FA051FB50446002C45D03E
:109BF0002078002842D0012208212148F9F79CFA58
:109C0000204808F01BFB00BF1FA3002211460220C2
:109C100008F01EF800BF00BF94F9180094F90A106C
:109C2000227CE368CDE90032CDE9021023A30022B3
:109C30001146032008F00CF800BF00BF2CA300223F
:109C40001146032008F004F800BF207A01280DD146
:109C500000BF607A08B12AA000E02AA02BA300224E
:109C600011460090032007F0F3FF07E000BF2CA38C
:109C700000221146032007F0EBFF00BF1FBD0000CC
:109C800000040048D40500200D0A232323232323A6
:109C9000203D3D3D3D3D3D3D3D3D3D204D435053EF
:109CA0002D436F6E6669726D203D3D3D3D3D3D3DEE
:109CB0003D3D3D3D3D3D0D0A000000002323232393
:109CC000232320552F4C204652414D453A25303410
:109CD00064207C20504F52543A2564207C2044520A
:109CE0003A2564207C205057523A25640000000039
:109CF000207C204D534720545950453A0000000025
:109D000041434B004E41434B00000000434F4E4641
:109D100049524D4544205B25735D0D0A000000004B
:109D2000554E434F4E4649524D45440D0A000000E2
:109D300010B5044600BF154808F0D0FA00BF14481B
:109D4000D0F8400320F020001149C1F84003012061
:109D500005F082FB10B10B2802D100E000BF12E039
:109D60000C4890F839100A4880F83A1490F8121408
:109D700080F83D14092180F839140920FDF7CAF84C
:109D800006F086FA00BF00BF10BD0000D809002011
:109D9000700600207C0B00200149C870704700004D
:109DA0008000002010B5044609480460006818B916
:109DB00042F2107006490860064808F08FFA04481D
:109DC0000168044808F01EFA024808F037FA10BD8E
:109DD00098000020B004002010B5044600210220A5
:109DE00008F04CF9014808F029FA10BDB004002031
:109DF00010B50446002208210148F9F79DF910BD6D
:109E00000004004838B51748174C0090636C94F86C
:109E1000482094F8704061B2134C94F8400004F06C
:109E2000ACF80221114880F8F313012180F8F213F5
:109E3000214691F840000B4A40320A4904F01CF9CF
:109E400070B10A4890F8201480F862140848416BF9
:109E500000208847054890F8F303044981F88404FA
:109E600038BD0000500A00207C0B00207006002046
:109E7000D8420108704710B5FAF78BFE0121002087
:109E8000F9F786FA10BD000010B5FAF782FE00BFA0
:109E900001200349086000BFF9F74AFA10BD00002D
:109EA00088040058704710B5FAF796FB10BD10B53E
:109EB000FAF792FB09F054FE10BD2DE9F04F89B07E
:109EC00005460E4692461C46DDE912B71DB90A202A
:109ED00009B0BDE8F08F4FF000084FF001090020F5
:109EE00005900690079008900190029003900490CE
:109EF00001208DF804008DF809B0E0B28DF80A0059
:109F0000200A8DF80B00200C8DF80C00200E8DF827
:109F10000D00F8B28DF80E00380A8DF80F00380CDD
:109F20008DF81000380E8DF811002BE009F0FF00BD
:109F30008DF8130009F101001FFA80F905AB5246B4
:109F4000102101A805F018FB08B10F20C0E7002080
:109F50000AE008EB0001695C05AA125C514008EBBD
:109F60000002A954411CC8B2102E01DD102100E0EE
:109F700031468142EDDCA6F1100006B208F1100076
:109F800000F0FF08002ED1DC0020A1E77047F0B5FB
:109F90000746DDE90556079C0CB90A20F0BD4920AB
:109FA000207000206070A070E07020716371A57156
:109FB000280AE071280C2072280E6072A672300AFE
:109FC000E072300C2073300E60730020A073E773D2
:109FD00000BFE3E72DE9FC4705460C4617461E4641
:109FE000DDF8288000206049088081F81404019081
:109FF0000090814606B98046424631465B4809F0EA
:10A0000031FA594981F837822878887028784009D0
:10A01000022809D0042802D0072873D18AE0012041
:10A02000514981F8140400BF04204F4981F804010C
:10A03000881CC1F80801FF21801E80F80C112978C6
:10A0400080F80D1180F828714948D0F8D41046489E
:10A05000C0F81011217880F8141190F8371280F8A8
:10A0600030114249C0F82C1101A8FCF7EBFF10B1E8
:10A070001220BDE8FC87019881B23B48A0F8161178
:10A08000002180F83D1480F83C140199C0F8441474
:10A090006846FCF7A5FD08B11320EAE70098002800
:10A0A00047D0334991F93900F7F772FE81462E48BF
:10A0B00090F83702002815DD00980F2812D82B4A97
:10A0C000203A69460F20FCF7EDFD08B11320D0E7D8
:10A0D0002178009860F3030121702178224880F8EC
:10A0E000141126E0204890F8370200280DDD009872
:10A0F0000F280AD91F4A69464846FCF7D3FD10B11C
:10A100001320B6E72AE00A20B3E71A4A6946484610
:10A11000FCF7C8FD08B11320ABE70021124880F816
:10A1200028111449C0F82C110098C1B20E4880F8CB
:10A13000301115E08EB10C4890F8370200280CDD84
:10A14000094890F837223146C01C09F08BF90648BF
:10A1500090F83702401C0449088001E0022088E79B
:10A1600000BF002085E7000070060020A80700203F
:10A170007C0B0020FC0A002010B51248D0F84003E8
:10A1800040F080000F49C1F84003084690F81404DD
:10A19000012802D10020FFF759F90A4890F88504F8
:10A1A00020F00200801C074981F88504084690F8D9
:10A1B000850420F02000203081F8850408F000F9A3
:10A1C00010BD00007006002030B591B00446062591
:10A1D00010A9204605F05AFA0546002D7ED13CB95B
:10A1E00000BF48A300221146022007F031FD4FE0D6
:10A1F000012C07D100BF49A300221146022007F01D
:10A2000027FD45E0032C07D100BF4AA300221146D9
:10A21000022007F01DFD3BE0022C07D100BF4BA33D
:10A2200000221146022007F013FD31E0042C07D173
:10A2300000BF4CA300221146022007F009FD27E0D1
:10A240007F2C07D100BF4DA300221146022007F04A
:10A25000FFFC1DE0802C07D100BF4EA30022114659
:10A26000022007F0F5FC13E0812C07D100BF4FA3BB
:10A2700000221146022007F0EBFC09E0822C07D1F6
:10A2800000BF50A300221146022007F0E1FC00BFEE
:10A2900000BF1098007C1099C97B109A927B109B8C
:10A2A0005B7BCDE90C32CDE90E101098017BC07AB2
:10A2B000109A927A109B5B7ACDE90832CDE90A01B7
:10A2C0001098007A1099C979109A9279109B5B794D
:10A2D000CDE90432CDE90610109800E010E00279D3
:10A2E000C07810998978109B5B78CDE90031CDE971
:10A2F00002023A4B00221146022007F0A9FC00BFDF
:10A3000011B030BD232323232323204170704B65DC
:10A31000793A20202020202000000000232323233E
:10A320002323204E776B4B65793A20202020202074
:10A330000000000023232323232320417070534B6C
:10A3400065793A20202020200000000023232323C9
:10A350002323204E776B534B65793A202020202011
:10A3600000000000232323232323204D43526F6F3B
:10A37000744B65793A20202000000000232323231A
:10A380002323204D434B454B65793A202020202044
:10A3900000000000232323232323204D434B657912
:10A3A0005F303A20202020200000000023232323B8
:10A3B0002323204D43417070534B65795F303A2021
:10A3C00000000000232323232323204D434E776BDB
:10A3D000534B65795F303A20000000009C4401082F
:10A3E0002DE9F04F8DB005460C46164698460020E4
:10A3F0000C9081460B900CE3285DFCF7C1FB2044D8
:10A40000B04202DD0DB0BDE8F08F2046611CCCB239
:10A41000285C801E122872D2DFE800F00920869D99
:10A42000F6F4F3F2F17171F07171EFEEEDEC0420DE
:10A43000FCF71EFD88B104210020FCF753FD2046E7
:10A44000611CCCB2295CFE4880F854142046611C83
:10A45000CCB2295CFA4880F85514D9E20020069065
:10A46000059004900390B9F1000F5CD14FF0010901
:10A47000601E28440890601E301AC0B28DF8240077
:10A48000F04890F806018DF82600EE4890F8740028
:10A490008DF82500EB4890F839008DF82700E94841
:10A4A00090F838008DF82800E64890F860008DF8A4
:10A4B0002900E448D0F81401079003A804A9CDE9C5
:10A4C0000010E04991F8400005AB06AA07A903F087
:10A4D0009EFD0C909DF8300000F0070007280CD17D
:10A4E0009DF91810D74880F839109DF9141080F89C
:10A4F00038109DF8101080F86010002707E086E201
:10A5000001220CA90320FCF70DFB781CC7B29DF8B3
:10A510000C00052190FBF1F0B842F1DC9DF80C0035
:10A52000401E2044C4B273E22046611CCCB2285CB9
:10A5300000F00F01C34880F8071190F807110120BF
:10A54000884081B2BF48A0F80A1100220BA904205C
:10A55000FCF7E8FA5CE207200C90285DC0F30210DB
:10A560008DF82500285D00F00F008DF82400601C98
:10A57000C4B22046611CCCB2285C0A902046611C03
:10A58000CCB2285C0A9A42EA00200A902046611C5C
:10A59000CCB2285C0A9A42EA00400A9064210A98E8
:10A5A00048430A90A74991F8400009A903F071FDBA
:10A5B0000C909DF8300000F00700072810D19DF89E
:10A5C0002410A04880F868109DF8241080F87010BE
:10A5D0000A9941660A99C1669DF8251080F86110B4
:10A5E0009DF830008DF82C0001220BA90520FCF706
:10A5F00099FA0DE2E7E1C5E19DE187E10FE1D6E0DF
:10A600007BE061E01CE0FFE7FF278D48D0F84803BE
:10A6100050B18B48D0F84803006828B18849D1F878
:10A6200048130868804707468DF82C7008F03F00F3
:10A630008DF82D0002220BA90620FCF773FAE7E142
:10A6400003200C902046611CCCB2285C40B28DF8EF
:10A65000280006A809902046611CCCB2285C069010
:10A660002046611CCCB2285C069A42EA0020069083
:10A670002046611CCCB2285C069A42EA0040069053
:10A680006421069848430690002007902046611CEC
:10A69000CCB2285C40B28DF820006A4991F84000A5
:10A6A00009A903F0CAFCC0B20C909DF8300040B27A
:10A6B000002808DB9DF830008DF82C0001220BA942
:10A6C0000720FCF72FFAA3E12046611CCCB2285CDE
:10A6D00000F00F070FB9781CC7B24FF47A7007FB70
:10A6E00000F158480165016D01F57A71416500225C
:10A6F0000BA90820FCF716FA8AE12046611CCCB2AF
:10A700002F5C00208DF828008DF8290007F020002C
:10A71000202802D101208DF8290007F01000102810
:10A7200002D101208DF8280007F00F008DF82A00D3
:10A73000444991F840000AA903F0E0FC401CA8B38A
:10A740009DF828103F4880F874109DF8291080F873
:10A7500075109DF82A103C4A505CF5F710FF014631
:10A760003848816702208DF82000364890F8740040
:10A770008DF82200334991F8400008A903F01DFC30
:10A780000790304890F93900079949B2884203DDB3
:10A790002C4890F9390001E0079840B2294981F826
:10A7A000390000220BA90920FCF7BCF930E1032095
:10A7B0000C902046611CCCB2285C8DF82400204609
:10A7C000611CCCB2285C0A902046611CCCB2285C8B
:10A7D0000A9A42EA00200A902046611CCCB2285C0A
:10A7E0000A9A42EA00400A9064210A9848430A9073
:10A7F000144991F8400009A903F0D4FBC0B20C90B1
:10A800009DF8300040B2002808DB9DF830008DF83C
:10A810002C0001220BA90A20FCF784F9F8E00A2099
:10A82000FCF726FB002870D00A210020FCF75AFB19
:10A83000002009900A90079008900590069005E086
:10A84000700600207C0B0020044201082046611C99
:10A85000CCB2285C09902046611CCCB2285C099AD5
:10A8600042EA002009902046611CCCB2285C099A7B
:10A8700042EA004009902046611CCCB2285C099A4B
:10A8800042EA006009902046611CCCB2285CADF819
:10A890002800BDF828004FF47A7110FB01F0001277
:10A8A00000B2ADF82800DDE90901CDE907015B49F7
:10A8B00007980844079003A805F03EFEDDE9030170
:10A8C000CDE905015648D0F83C0300905448D0F833
:10A8D000383303A8DDE9071205F090FE04980090D4
:10A8E00001A8039BDDE9051205F0D3FDDDE90101B7
:10A8F000CDE90701DDE9070105F05CFEFCF7EBF8A7
:10A900000121474880F8341400BF81E00D20FCF796
:10A91000AFFA78B10D210020FCF7E4FA404890F836
:10A920008404042806D03E4890F88404052801D009
:10A93000FCF7E8F86CE000BF00BF2046611CCCB219
:10A940002F5C2046611CCCB2285C47EA00272046D9
:10A95000611CCCB2285C47EA00476420474320468C
:10A96000611CCCB2285C00F00F0B39465846FCF74E
:10A97000C6F882468DF82CA001220BA91120FCF705
:10A98000D1F845E00E20FCF773FAD8B10E21002073
:10A99000FCF7A8FA0027BA462046611CCCB22F5C0F
:10A9A0002046611CCCB2285C47EA00272046611C87
:10A9B000CCB215F800A01B48514602683846FCF797
:10A9C00089F800BF24E000BF2046611CCCB22F5C98
:10A9D0002046611CCCB2285C47EA00272046611C57
:10A9E000CCB2285C47EA0047642047433846FCF76E
:10A9F0006DF818B101208DF82C0002E000208DF8D0
:10AA00002C0001220BA91320FCF78CF800E0F9E4DC
:10AA100000BFB442FFF6F0AC00BFF3E4803DD512B6
:10AA200070060020E41900202DE9F04FA3B0132593
:10AA3000FE4846680489B0F90AA090F90C900027F6
:10AA400000200690FA48D0F8D4B04FF0000801205A
:10AA500005900021F74880F83C14A0F880A480F805
:10AA6000829490F8841480F88314002180F81F14D5
:10AA700080F81E1480F82114C0F8241480F82814DB
:10AA800080F8291480F82A14C0F82C140020E94911
:10AA900081F81C040021E748C0F8301480F8341411
:10AAA000E549C86A804700BFE44807F017FC00BFCB
:10AAB00021463046FCF72AF838B1DE48A0F876A4E3
:10AAC00080F8789423B0BDE8F08FD94890F804015D
:10AAD00001281AD1FCF70AF850B10020FCF71CF845
:10AAE0000020FCF710F80421D24880F883140CE011
:10AAF000FBF7FAFF48B10020FCF70CF80020FBF749
:10AB0000FDFF0521CB4880F883143846791CCFB26D
:10AB1000305C22909DF888004009012806D0032867
:10AB20007DD005287CD007287BD199E2112C06DA4C
:10AB30000121C04880F81D14FFF71EFBC2E70796ED
:10AB4000E0B28DF82000BA4890F8180130B1012128
:10AB5000B84880F81D14FFF70FFBB3E704F090FD31
:10AB600007AA01460290FF20FCF77AFA0546002D5D
:10AB700063D19DF82510AE48C0F8D010D0F8D010A1
:10AB800007A8807A41EA0021A948C0F8D010D0F87F
:10AB9000D01007A8C07A41EA0041A548C0F8D010FB
:10ABA0000A99C0F8D4109DF82C00C0F30211A048F7
:10ABB00080F861109DF82C0000F00F019C4880F88F
:10ABC00068109DF82C0000F00F01994880F8701073
:10ABD0009DF82D100165006D10B9012194480165A3
:10ABE0009348016D4FF47A70414391480165016DBE
:10ABF00001F57A714165002180F816110DF12E00E2
:10AC00002090A4F11100C0B28DF88400884991F819
:10AC1000400020A902F0D7F80221854802E023E095
:10AC20001DE03DE280F818110120FCF721F960B128
:10AC300001210020FCF756F907E00120FCF718F984
:10AC400018B101210720FCF74DF97A4890F88504E6
:10AC500020F008000830774981F8850427E20120B8
:10AC6000744981F81C0400BF714890F875008DF894
:10AC70007A00704890F8200440B28DF879000D20D9
:10AC80008DF878006A4890F88000012802D10E20E3
:10AC90008DF87800664991F840001EA903F08DF9FF
:10ACA0001D90A4F10D0000B2002801DA002002E09E
:10ACB000A4F10D0000B21D9909B2884201DC0C2CF0
:10ACC00006DA01215B4880F81D14FFF755FAF9E612
:10ACD0001196E0B28DF8480059481A90FF208DF87F
:10ACE0006C0011A8FDF7A8FC30B10121514880F893
:10ACF0001D14FFF741FAE5E64E481399C0F83014E9
:10AD000003A911A8F6F7AAFC30B10121494880F83F
:10AD10001D14FFF731FAD5E64FF000080020069029
:10AD200000BF42E000EB400101EBC0024049D831D6
:10AD300001EB82014968139A914234D100EB400142
:10AD400001EBC0023A49D83101EB8201897801292F
:10AD500029D1884600EB400101EBC0023449D831CB
:10AD600001EB8201C978059100EB400101EBC002C3
:10AD70002F49D83101EB8201096A0968069100EB7D
:10AD8000400101EBC0022A49D83101EB8201D1F820
:10AD900004B0274991F80411022903D1032225495F
:10ADA00081F8832403E0411CC8B20128BADB00BF4C
:10ADB000B8F1010F14D19DF80C00032809D111A896
:10ADC000007BC0F3401020B911A8007BC0F38010B5
:10ADD00030B10121174880F81D14FFF7CDF971E655
:10ADE00015208DF87800124991F840001EA903F053
:10ADF000E4F81D9006A904AA1D9880B2CDE90121AE
:10AE000000900B4811AA9DF80C10D0F81431059849
:10AE1000F6F71CFF0546DDB3072D24D108210548B0
:10AE200080F81D14024890F816010BE0E419002088
:10AE30007C0B002070060020D8420108080A002080
:10AE4000A8080020D0B99DF888000521B1EB501F5B
:10AE500014D1A948406B1C9988420FD10121A64802
:10AE600080F83A100AE0082D04D10A21A34880F89E
:10AE70001D1403E00121A14880F81D149F48069984
:10AE8000C0F82C140699C0F86414FFF775F919E698
:10AE9000FFE711A800909DF810205946DDE9050351
:10AEA000FCF74CFA05466DB1022D04D10B219348F5
:10AEB00080F81D1403E00C21904880F81D14FFF762
:10AEC0005BF9FFE500218D4880F81D1480F81E8491
:10AED00011A8007BC0F30011884880F821140021DC
:10AEE000C0F8241480F828140699C0F82C14069988
:10AEF000C0F8641411A8007BC0F340117F4880F8AB
:10AF00002A14002180F8391411A8007BC0F34011E5
:10AF10007A4880F83C1490F8830420B1774890F880
:10AF20008304012802D1002073498862B8F1010F1F
:10AF300004D10220714981F81C041CE09DF88800AE
:10AF40000521B1EB501F0ED101216B4880F83A105A
:10AF500090F8160110B968481C99416301206749AF
:10AF600081F81C0407E00021634880F83A100020B3
:10AF7000624981F81C04614991F8382491F88304EE
:10AF8000149903F0D3F89DF80C0030B1012821D0BA
:10AF9000022832D0032851D140E0584890F8830469
:10AFA000009011A8007B00F00F024B46002115A86D
:10AFB000FFF716FA9DF86410504880F81F141A998C
:10AFC000C0F824149DF86C1080F82814012180F832
:10AFD00029143AE0494890F88304009011A8007BB6
:10AFE00000F00F024B46002115A8FFF7F9F99DF874
:10AFF0006410424880F81F1427E0404890F883040A
:10B0000000909DF86C204B4600211A98FFF7E8F954
:10B010009DF86410394880F81F1416E09DF86410FC
:10B02000364880F81F141A99C0F824149DF86C1043
:10B0300080F82814012180F8291406E001212F4806
:10B0400080F81D14FFF798F800BF00BF2B4890F858
:10B05000850420F00200801C284981F8850426E040
:10B06000E01B82B2F119264808F0FCF903202349BD
:10B0700081F81C040021214880F81D1420481F4934
:10B08000C1F82404E01BC1B21C4880F8281490F8D1
:10B09000850420F00200801C184981F8850406E030
:10B0A0000121164880F81D14FFF766F800BF00BFA5
:10B0B000124890F81404012808D1104890F83C0474
:10B0C00001280BD10020FEF7C1F907E00A4890F8EB
:10B0D0000401022802D10020FEF7B8F9074890F8D1
:10B0E000850420F020002030044981F8850407F011
:10B0F00067F900BFE6E400007C0B0020700600202A
:10B10000A808002010B506210520FAF715FB10BD90
:10B1100010B504210320FAF70FFB10BD00B58DB068
:10B12000434890F80401022802D04249C86A804787
:10B1300000BF4148D0F8B01300F5607007F062F826
:10B1400000BF00BF3D4807F079F800BF00BF3A4894
:10B15000D0F8B41300F5667007F054F800BF00BFD4
:10B160003648183007F06AF800BF314890F80401FB
:10B17000022804D0304890F8140401281AD116206F
:10B180008DF82C002A4991F840000BA902F015FF18
:10B190000A9000BF2848D0F8B4030A9A81182748BB
:10B1A000783007F02FF800BF00BF2448783007F050
:10B1B00045F800BF224801681D48C1621E4890F84A
:10B1C00015048DF814001E480068069003A805F0C9
:10B1D000DFF91748D0F8100100901548D0F80C316D
:10B1E00001A8DDE9031205F009FADDE90101CDE965
:10B1F00008011148D0F81804079001208DF81500B7
:10B200000B4890F8180110B900208DF81500084976
:10B2100091F8400005A902F047FF074890F8140490
:10B2200018B90021044880F839140DB000BD0000A1
:10B230007C0B0020D842010870060020F009002095
:10B240006401002010B5114890F80401022802D0D2
:10B250000F49C86A804707F0B3F802210D4880F80B
:10B2600039140220FBF756FE0A4890F8140401280E
:10B2700002D1084981F81304064890F8850420F0AB
:10B2800020002030034981F8850410BD7C0B00208C
:10B29000D84201087006002010B504462046F5F794
:10B2A00099FE10BD10B504462046F5F7D7FE10BD37
:10B2B00010B5F5F7D9FE10BD10B5F5F7D7FE10BDE6
:10B2C00010B5F5F704FF10BD10B5F5F702FF10BD7E
:10B2D000F0B587B004460E46254903C9CDE90501FE
:10B2E0002349083103C9CDE9030121481030D0E9D1
:10B2F00000128068CDE9001202900027B6F5007FA9
:10B300000DD1002008E005A931F81010A14202D3A8
:10B310005DF8207002E0401C0328F4D30DE000200B
:10B3200008E003A931F81010A14202D35DF82070A3
:10B3300002E0401C0328F4D300BF0E48006820F050
:10B34000070038430B490860F7F7FCFE054607E0A5
:10B35000F7F7F8FE401B022802D9032007B0F0BD22
:10B360000448006800F00700B842F1D10020F5E77A
:10B37000683D0108004000582DE9F04104460D48A1
:10B38000C4F3031150F82160FAF7ACFBC0F30310CB
:10B39000094951F82000B6FBF0F5F7F7E7FF8046C2
:10B3A0000648B5FBF0F741463846FFF791FFBDE888
:10B3B000F0810000243E0108C43D010840420F0016
:10B3C0007047704703464FF0FF30704700207047CA
:10B3D000002070474FF0FF30704710B50346002043
:10B3E000401E10BD70477047704710B503464FF0C0
:10B3F000FF3010BD10B503460020401E10BD0000F8
:10B4000010B50248F8F7ACFE10BD0000A002002005
:10B4100002460023114603E05B1CA1F10A00C1B201
:10B420000A29F9D2180741EA1060704770B505463D
:10B4300000261148006800F04000D0B90E480068AE
:10B4400040F080000C490860F7F77CFE044609E0F4
:10B45000F7F778FE001BB0F57A7F03D903260320A7
:10B4600085F82D000448006800F0400008B9032E5C
:10B47000EED1304670BD00000C28004070B5044687
:10B4800000251748006820F080001549086014481E
:10B490000C30006800F0200040B92046F9F77EF833
:10B4A000E0B1032084F82D00032517E00C480C3090
:10B4B000006820F020000A490C3108602046F9F7A6
:10B4C0006DF818B1032084F82D00032504480C30D2
:10B4D000006840F0200002490C310860284670BD29
:10B4E0000C280040014601207047F0B50646DDE912
:10B4F00005450BB9082000E0002000EBC200183021
:10B50000012D01D1022700E00027274400EBC700EE
:10B51000F0BD0000014600200B2922D2DFE801F037
:10B52000060C12181B1D1F21090F150041F684601F
:10B5300017E042F6B10014E043F6095011E045F27D
:10B5400061100EE047F612200BE04AF2C32008E03B
:10B550004FF2244005E0044803E0044801E00448B9
:10B5600000BF00BF7047000048E8010090D0030012
:10B5700020A107002DE9F04F044617461D46DDE9DE
:10B5800009C807F104094FF0000A052901D006296E
:10B5900002D10C2D00DA0C251CB90B2905D00C2981
:10B5A00003D0012C03D10C2901D14FF0010A0B98D3
:10B5B00008B1102000E0002000EBC8004FF0040BA1
:10B5C0000BFB1100BCF1000F02D04FF0000B01E0AB
:10B5D0004FF0140B00EB0B03062901D88A0007E09B
:10B5E0000833BAF1010F02D1881E820000E08A0000
:10B5F000002B00DA00239818401E90FBF2F000FBAD
:10B60000095000F10C06062900D8B61CB000401CF9
:10B61000A1F1020B4FF0010E0EFA0BFE00FB0EF033
:10B62000BDE8F08F10B503F005F9042804D0052813
:10B6300004D0072806D103E0022010BD0120FCE75A
:10B640000320FAE70020F8E710B503F05CF9C01C0E
:10B6500010BD000038B5044621480460002021498F
:10B6600048704860886088651F4803F0B1F9002180
:10B670001C48417300201B49087303F01AFC002189
:10B68000084603F039FA04220021012003F05EFD90
:10B6900000231A464FF6FF71084603F071FA01F0D5
:10B6A0003DFA00BF0020114B0246411E0090104899
:10B6B00006F000FD00BF00BF00200E4B0246411EF9
:10B6C00000900D4806F0F6FC00BF00BF084806F0E9
:10B6D00005FE00BF00BF084806F000FE00BF38BDF1
:10B6E000FC010020541D00201DBB00085DBB0008AC
:10B6F000B01D002031BB0008C81D00207CB5002013
:10B7000001900090C548B0F8540020286FD00CDCA0
:10B7100004286DD004DC012812D0022869D129E068
:10B72000082867D01028F9D132E140287ED080283F
:10B730007DD0B0F5807F7BD0B0F5007FEED1A2E068
:10B7400000BFB74806F0CAFD00BF002003F088FC28
:10B75000FFF73EFE012801D1FFF733FEB148006834
:10B7600038B1B0480068006818B1AE490968086887
:10B77000804750E100BFAC4806F0B0FD00BFA748CD
:10B78000407890B9002003F06BFC002140F60210D5
:10B7900003F0BCFD40F6441003F07EF940F00204D3
:10B7A000214640F6441003F0B1FDFF2201A99F4855
:10B7B00003F092F89948243003F042F89948006861
:10B7C000B8B398480068806898B3944890F824000B
:10B7D000012810D1914890F9313090F930209148EA
:10B7E00000689DF8041084689048A04729E0D8E0DC
:10B7F00081E00FE1BDE08949C86B694602F0B6FF00
:10B800000098002802DD4FF47A7001E04FF47A705E
:10B81000009901EB60004FF47A7190FBF1F044B2B3
:10B820007E4890F929207F48006803E0D8E00AE0CC
:10B8300019E007E023469DF8041085687B48A84777
:10B8400000BF00BFE7E0002003F00AFC7548006875
:10B8500040B174480068806920B17248006881690D
:10B8600000208847D7E0002003F0FAFB6D4800680D
:10B8700040B16C480068806920B16A4800688169FD
:10B8800001208847C7E000BF69A3012200210220F0
:10B8900006F0DEF900BF02F0CDFF042813D100BF8F
:10B8A0005F4806F01BFD00BF002003F0D9FB5D4898
:10B8B0000068F8B15B4800684068D8B15949096828
:10B8C0004868804716E002F0B5FF052812D100BF96
:10B8D000554806F003FD00BF002003F0C1FB5148AE
:10B8E000006838B14F480068C06818B14D49096810
:10B8F000C86880478FE000BF52A3012200210220C8
:10B9000006F0A6F900BF4548806D88B34348806DB6
:10B91000C0F307414E48426C40F6031090473F4841
:10B92000B0F85800C0F307214948426C40F60410B3
:10B9300090473A4890F858104548426C40F6051038
:10B9400090474348816C40F60210884740F001045C
:10B950003F482146426C40F60210904700202F4994
:10B96000886500231A4640F26221084603F008F970
:10B9700051E000BF37A301220021022006F068F940
:10B9800000BFFFF723FD012801D1FFF72BFD42E0A7
:10B9900000BF33A301220021022006F059F900BFA5
:10B9A00039E000BF204806F099FC00BF1B484078F2
:10B9B00010B9002003F054FB1A48006878B1194808
:10B9C0000068C06858B117490968C868804700BF57
:10B9D00026A301220021022006F03AF900BF1AE056
:10B9E00000BF25A301220021022006F031F900BF8B
:10B9F0000A48407810B9002003F032FB094800687B
:10BA000038B108480068006918B106490968086932
:10BA1000804700E000BF00BF7CBD0000541D002037
:10BA2000B01D0020FC010020C81D0020541C002077
:10BA30004952515F52585F54585F54494D454F55D4
:10BA4000540D0A00505245204F4B0D0A00000000D3
:10BA5000D842010853594E43204F4B0D0A000000B5
:10BA6000484452204F4B0D0A000000004844522029
:10BA70004B4F0D0A000000004952515F4352435F93
:10BA80004552524F520D0A002DE9F04F8BB0074638
:10BA90000C4615461E464FF001084FF000094FF0C6
:10BAA000000A01F04BF8002000F006FA384600F0DA
:10BAB000DFF90120002106910791CDE908100291DC
:10BAC0000391049103200B464FF41672CDE9004018
:10BAD00005912146002000F059FA002000F076F888
:10BAE000FFF7B2FD8346F7F7C6F806F003FB824680
:10BAF00008E0002000F065F88146A94502DD4FF01E
:10BB0000000804E0504606F001FBB042F1D300BF4C
:10BB100001F014F840460BB0BDE8F08F10B50446B4
:10BB20000248A0F85440FFF7E9FD10BD541D002065
:10BB300010B5044600F002F810BD000010B506482C
:10BB4000006838B104480068C06818B10249096843
:10BB5000C868804710BD0000FC01002010B50446F5
:10BB600000F002F810BD000010B50648006838B1BA
:10BB700004480068406818B102490968486880476D
:10BB800010BD0000FC01002010B5002400231A465F
:10BB90001946184602F0F4FF02F0B7FE04462046AC
:10BBA00010BD10B50446204602F076FF10BD70B5FA
:10BBB00004460D46164632462946204602F07AFFD4
:10BBC00070BD10B5044602F0D4FE10BD10B5044699
:10BBD000FFF7FCFB012802D1FFF7FCFB06E0002386
:10BBE0001A4640F26221084602F0CAFF54B100BF73
:10BBF0002146104806F006FB00BF00BF0D4806F0C6
:10BC00001DFB00BF00200C49886591F856000021FB
:10BC100003F041FA08484078012804D16FF07F40D2
:10BC200003F0A8F904E004498968880103F0A2F947
:10BC300010BD0000C81D0020541D002010B5044692
:10BC4000FFF7C4FB012802D1FFF7C4FB06E0002385
:10BC50001A4640F26221084602F092FF54B100BF3A
:10BC60002146104806F0CEFA00BF00BF0D4806F08E
:10BC7000E5FA00BF00200C49886591F856000021C4
:10BC800003F009FA08484078012804D16FF07F409A
:10BC900003F086F904E004498968880103F080F91B
:10BCA00010BD0000C81D0020541D0020F8B5064638
:10BCB0000C4600231A4640F20121084602F060FFBC
:10BCC000624991F85600012103F0E5F95F480078D8
:10BCD000012810D15D4890F8510006280BD140F69C
:10BCE000890002F0D9FE20F00405294640F68900BB
:10BCF00003F00CFB0AE040F6890002F0CDFE40F0B4
:10BD00000405294640F6890003F000FB4F480078FF
:10BD100005286FD2DFE800F00F030E3C4A004B48C5
:10BD2000C4770E3003F026F800222146304602F098
:10BD3000D7FE7CE000BFFFF749FB01281DD16A4612
:10BD400021463046FFF751FB68B99DF800103F4887
:10BD500081750E3003F00EF800229DF80010304679
:10BD600002F0BEFE08E000BF39A30122002102203C
:10BD700005F06EFF00BFF8BD09E0344884750E3051
:10BD800002F0F8FF00222146304602F0A9FE4EE004
:10BD900002202E498873084684760E3002F0EAFFAE
:10BDA00000222146304602F09BFE40E0224631460A
:10BDB0002D4807F0BDFC022024498873601CC1B2E5
:10BDC000224881760E3002F0D5FF0021F12000F0EC
:10BDD00035FF0021F02000F031FF1C48806C642802
:10BDE00009D17021F32000F029FF1D21F22000F07D
:10BDF00025FF08E01AE0E121F32000F01FFF0421F5
:10BE0000F22000F01BFF022000EBC405290AF420F9
:10BE100000F014FFE9B2F52000F010FF601CC1B281
:10BE20006FF07F42104802F05BFE00E000BF00BFF1
:10BE300000BF064841680D4806F0E4F900BF00BFA6
:10BE40000A4806F0FBF900BF00BF94E7541D00202C
:10BE5000526164696F53656E64204F7665727369D1
:10BE60007A650D0A00000000541C0020B01D00205F
:10BE700010B50446204603F02DF810BD70B50546F8
:10BE80000C46012D07D10A4804700A48C4770E30C9
:10BE900002F070FF0AE00748407D012806D10448FF
:10BEA0000470044884750E3002F064FF70BD000019
:10BEB000F8010020541D002010B5044621480470EC
:10BEC0002046FFF791FA062C04D2DFE804F00B12AB
:10BED00004232A3100BF032002F0CCFF00211948BF
:10BEE00041732CE0002002F0C5FF0021154841738A
:10BEF00025E0012002F0BEFF1248407B1149097B7A
:10BF0000884206D00F48017B41730146487B00F010
:10BF10001BF814E0022002F0ADFF00210948417334
:10BF20000DE0022002F0A6FF00210648417306E062
:10BF3000002002F09FFF00210248417300BF00BFB4
:10BF400010BD0000541D002010B504460E480473B7
:10BF500044730120FFF7B0FF012C0AD134214FF4C4
:10BF6000E86003F0D3F9442140F2417003F0CEF9C8
:10BF700009E014214FF4E86003F0C8F9242140F2ED
:10BF8000417003F0C3F910BD541D00202DE9F04F9E
:10BF900085B082460E4614469B46DDE910890F9F08
:10BFA000BF4917984870FFF70BFA1798012801D17D
:10BFB0004FF00008B9F1010F03D1BA491298087087
:10BFC00002E0FF20B7490870BAF1000F7ED0BAF145
:10BFD000010F7CD0BAF1050F7AD1012003F054F89B
:10BFE0000020AF4981F838000846C463092180F871
:10BFF00044104FF448710164304602F003FC0146DE
:10C00000A74880F845100020A54988734FF6FF70B7
:10C0100000EAC701A2480182002181741021C17485
:10C020000021017541759F4801789D488175012166
:10C03000C175002101760520FFF73EFF9848383092
:10C0400002F0E2FD96480E3002F094FE96A103C97C
:10C05000CDE9030103A803F034F840F2FF1003F028
:10C060000BF940F6B800FFF79CFD054625F01005DA
:10C07000294640F6B80000F0E1FD042140F6B90081
:10C0800000F0DCFD40F69B00FFF78BFD054625F038
:10C090001C0545F0080140F69B0000F0CFFD40F282
:10C0A000D160FFF77EFD054625F0180545F0180123
:10C0B00040F2D16000F0C2FD40F2AC60FFF771FDCC
:10C0C000054625F0700545F0500102E00FE066E0FE
:10C0D000E1E040F2AC6000F0B1FD4FEAC8004FF47F
:10C0E0007A714843B0FBF4F06D498860D4E00020D9
:10C0F00002F0CAFF00206A4981F838000846C4638C
:10C100000B2180F84410304602F07CFB0146644865
:10C1100080F845100020624988734FF6FF7000EAEE
:10C12000C7015F480182042181741821C174002174
:10C13000017589F0010141755A48017858488175A7
:10C140001398012803D1F2215548C17502E001215D
:10C150005348C17501215248017600F0EFFC0020E0
:10C16000FFF7AAFE4E48383002F04EFD4C480E3024
:10C1700002F000FE4EA103C9CDE9010101A802F0C1
:10C18000A0FF40F2FF1003F077F84FEAC8004FF429
:10C190007A714843B0FBF4F0414988607CE00020AC
:10C1A00002F072FF01203E4981F83800084680F80D
:10C1B00050404148815D3A4880F8511080F852B0B3
:10C1C0001EB90B2C05D00C2C03D0012E06D10C2C43
:10C1D00004D10121324880F8531003E00021304897
:10C1E00080F8531001202E498873084690F85000BB
:10C1F000052804D0084690F85000062808D10C2FD6
:10C2000003DA0C212648818304E02548878301E076
:10C2100023488783224880F81E90224801782048CE
:10C22000C177139980F82010169980F8211000F03A
:10C2300085FC0120FFF740FE1948383002F0E4FC8D
:10C2400017480E3002F096FD08F0FF0002F0BDFC2A
:10C25000134890F8210001280CD140F2367002F00A
:10C260001BFC20F004000146009040F2367003F001
:10C270004DF80BE040F2367002F00EFC40F0040086
:10C280000146009040F2367003F040F84FF6FF7020
:10C290000349886000E000BF00BF05B0BDE8F08F33
:10C2A000541D0020F8010020B2270000000000000B
:10C2B000C194C100000000005C43010870B5044651
:10C2C0000D46022000FB04500949886500231A46E8
:10C2D0004FF6FF71084602F053FC054991F85600ED
:10C2E000002102F0D8FE2946204602F075FE70BDFE
:10C2F000541D00202DE9F04786B080460C461546B7
:10C300001E464FF00009002004900590FFF758F8F2
:10C3100005B100260DB1012000E00020A4494870BD
:10C32000B8F1000F03D0B8F1010F78D1A9E0A068EF
:10C3300008B1E06820B94FF0FF3006B0BDE8F087E3
:10C34000A07F082802DD4FF0FF30F6E7A27F04A8A7
:10C35000216905F099FD216809B1012100E0002162
:10C36000084602F091FE0020914981F83800241D12
:10C370008F486168C163217F80F84410206802F013
:10C3800041FA01468A4880F84510002088498873A0
:10C390004FF6FF71A06801EAC00185480182E17E85
:10C3A0008174A07EC006010E8148C174617F017551
:10C3B000A07F241F18B9217D7D4881750AE094F87B
:10C3C0002200022803D1FF217948817502E0FF2174
:10C3D0007748817594F82400022803D094F822004D
:10C3E000022825D194F82300F1280AD094F82300DC
:10C3F000F22806D094F82300012802D04FF0FF3035
:10C400009BE700208DF80C0002946A4A6A48016894
:10C4100001A8FEF7D7FF18B14FF0FF308DE7C3E05A
:10C420000021634801760121C1750021417508E0B2
:10C43000223461785E48C175A178017614F822191A
:10C44000417500F07BFB0020FFF736FD584838307F
:10C4500002F0DAFB56480E3002F08CFC04A802F021
:10C4600030FEA08B02F008FF208B02F05FFB4FF440
:10C470007A707043C000A168B0FBF1F04C4988604D
:10C4800093E0208E10B94FF0FF3056E73220005D68
:10C49000012801D1277D00E0FF27A16A09B1012110
:10C4A00000E00021084602F0EFFDF0B202F08DFB43
:10C4B00001203F4981F838002C20015D3C4880F87C
:10C4C00050102D20015D3A4880F851102E20015D5A
:10C4D000374880F852102F20005D20B1012807D086
:10C4E00002281CD109E00021314880F8531017E0E0
:10C4F00001212F4880F8531012E02C20005D0B28FA
:10C5000003D02C20005D0C2804D10121284880F89C
:10C51000531003E00021264880F8531000E000BFCC
:10C5200000BF012022498873218E21488183322057
:10C53000015D1F488177C7773420015D1C4880F872
:10C5400020103520015D1A4880F8211000F0F6FA1D
:10C550000120FFF7B1FC1648383002F055FB1448B3
:10C560000E3002F007FC124890F8210001280BD190
:10C5700040F2367002F090FA20F0040A514640F280
:10C58000367002F0C3FE0AE040F2367002F084FA20
:10C5900040F0040A514640F2367002F0B7FE4FF602
:10C5A000FF700349886000E000BF00BF4846C4E652
:10C5B000541D0020C81D0020FC0100202DE9FC5F57
:10C5C0000746884691461D46DDE90FAB0E9E0C9C42
:10C5D000FEF7F6FE27B1012F4BD0042F7DD19CE052
:10C5E00000205E4981F838000846C4630B2180F8BA
:10C5F0004410284602F006F90146584880F84510D4
:10C60000C0F840900020554988734FF6FF7000EA4B
:10C61000C60152480182042181741821C17400218D
:10C6200001758AF001014175BBF1010F02D1F221C0
:10C63000C17502E001214948C175012147480176D1
:10C6400000F07CFA0020FFF737FC4448383002F055
:10C65000DBFA42480E3002F08DFB41A103C9CDE95F
:10C660000001684602F02DFD40F2FF1002F004FECA
:10C6700064E00120394981F83800084680F85040CC
:10C680003948415D354880F851100D9980F85210B5
:10C690001DB90B2C05D00C2C03D0012D06D10C2C70
:10C6A00004D101212D4880F8531003E000212B48CC
:10C6B00080F85310012029498873084690F85000EB
:10C6C000052804D0084690F85000062809D10C2E01
:10C6D00004DA0C212148818305E02EE01F4886837F
:10C6E00001E01E4886831D4880F81EA01F4801787F
:10C6F0001A48C17780F820B0139980F8211000F013
:10C700001DFA0120FFF7D8FB1448383002F07CFAFC
:10C7100012480E3002F02EFB10E00420FFF7CCFB95
:10C7200002200E4981F8380008468464162180F8FA
:10C730004C10383002F068FA00E000BF00BF4046FD
:10C7400002F0F8FB054981F8560091F85600FEF713
:10C750004AFE024914984860BDE8FC9F541D002021
:10C76000C194C100000000005C430108F8010020F2
:10C770002DE9F04106460C4615464FF47A7005FB4C
:10C7800000F7304602F0A6FB204602F0D3FB8046BD
:10C790000121404602F07FFC02F0CAFC00BF39468E
:10C7A000054805F02FFD00BF00BF034805F046FD1A
:10C7B00000BFBDE8F0810000B01D00202DE9F0436E
:10C7C00085B006460C461746984600200390049014
:10C7D000FEF7F6FD002E70D0012E6FD0022E6ED027
:10C7E000032E6DD1A07C082803DD301F05B0BDE805
:10C7F000F083A27C03A8A16805F046FB206810B96D
:10C800004FF0FF30F2E742F21071206888420CD8F6
:10C8100002250320BE49887381F83800BC4821688E
:10C82000C163E17C80F844100FE000250020B84986
:10C83000887381F83800B6482168C163E17C80F8CC
:10C84000441020688108B24801644FF6FF716068A7
:10C8500001EAC001AE48018204218174A07CC006B7
:10C86000010EAB48C17400210175A07D022802D0E1
:10C87000207D022825D1607DF12808D0607DF22836
:10C8800005D0607D012802D04FF0FF30AEE7009464
:10C8900001208DF808009F4A9F4801686846FEF70E
:10C8A00091FD10B14FF0FF30A0E7002198480176CC
:10C8B0000121C175002141750AE020E094E0FCE00F
:10C8C00015E1617D9248C175A17D0176217D41759B
:10C8D00000F034F92846FFF7EFFA8D48383002F0BF
:10C8E00093F98B480E3002F045FA03A802F0E9FBF9
:10C8F000208A02F0C1FCA08902F018F9F8E0206853
:10C9000010B94FF0FF3071E7A07C082802DD4FF02E
:10C91000FF306BE7A27C03A8A16805F0B5FA002000
:10C920007B4981F838007A482168C163E17C80F84E
:10C930004410A16901640020754988734FF6FF71A6
:10C94000606801EAC0017248018204218174A07C00
:10C95000C006010E6E48C17400210175A07D022839
:10C9600002D0207D022821D1607DF12808D0607D91
:10C97000F22805D0607D012802D04FF0FF3035E766
:10C9800001208DF808000094624A634801686846F7
:10C99000FEF718FD10B14FF0FF3027E700215C488B
:10C9A00001760121C1750021417506E0617D58487D
:10C9B000C175A17D0176217D417500F0BFF8002091
:10C9C000FFF77AFA5248383002F01EF950480E301C
:10C9D00002F0D0F903A802F074FB208A02F04CFCAC
:10C9E000A08902F0A3F883E00120494981F83800CA
:10C9F0002178474880F85010617880F85110A1786C
:10CA000080F85210E07820B1012807D002281AD10E
:10CA100009E000213E4880F8531015E001213C4810
:10CA200080F8531010E020780B2802D020780C28D2
:10CA300004D10121364880F8531003E00021344826
:10CA400080F8531000E000BF00BF01203049887318
:10CA5000A1882F488183A1798177E17980F820101E
:10CA6000217A80F8211000F069F80120FFF724FAFC
:10CA70002748383002F0C8F825480E3002F07AF91D
:10CA8000234890F8510006280BD140F6890002F0A7
:10CA900003F820F00409494640F6890002F036FC0C
:10CAA0000AE040F6890001F0F7FF40F0040949462A
:10CAB00040F6890002F02AFC1AE0206818B12068CC
:10CAC000B0F57A7F02D94FF0FF308FE60320FFF7F1
:10CAD000F3F902200E4981F838000D48216881647D
:10CAE000162180F84C10383002F08EF800E000BFBC
:10CAF00000BF384602F01EFA054981F8560091F849
:10CB00005600FEF770FC0248C0F8048000206DE675
:10CB1000541D0020B01D0020FC01002008B500209D
:10CB200000909DF8000020F00400001D0090009887
:10CB300002F072FA0220F6F79EF808BD10B5002048
:10CB400002F08EFA10BD000010B5084991F85600A9
:10CB5000002102F0A0FA00231A464FF4C0710846E3
:10CB600002F00EF801F0D6FF10BD0000541D0020A9
:10CB70002DE9FE4F81460E4615461F46DDE90EABF8
:10CB80004FF000080124B9F1000F03D0B9F1010FF3
:10CB900021D10DE0CDE900AB39462846DDE90C2373
:10CBA000FEF7A3FC4FF47A7100FB01F82C4613E06A
:10CBB0000D988DE8010C3A46294630460C9BFEF74D
:10CBC000D9FC4FF47A7100FB01F80749885DFEF744
:10CBD000A1FC044600E000BF00BF08EB0400401EBB
:10CBE000B0FBF4F0BDE8FE8F5C43010870B504466D
:10CBF000204602F09FF905460121284602F04BFA33
:10CC000002F096FA70BD000010B5094991F856007F
:10CC1000012102F040FA07482D21426C4FF4D76001
:10CC2000904702F08CFA044802F06CFA10BD000044
:10CC3000541D0020D8420108FFFF0F0070B50446C4
:10CC40000D462946204602F061FB70BD70B50446D2
:10CC50000D46164632462946204602F063FB70BD5B
:10CC600070B50446FEF72CFB01280DD140F62310C9
:10CC700001F012FF054625F0060545EA040140F6DD
:10CC8000231002F043FB00BF70BD70B500250024E7
:10CC900008252FE0FCF7C5FB012291024FF09040E0
:10CCA000F6F74AFA032006F0AFF900224FF480614C
:10CCB0004FF09040F6F740FA032006F0A5F9641013
:10CCC000012291024FF09040F6F736FA052006F067
:10CCD0009BF9F8F7AFFD4FF480614FF09040F6F705
:10CCE00019FA012801D144F080043C2006F08CF9A7
:10CCF000681EC5B2002DCDDC204670BD2DE9FC5F5D
:10CD000000BF4FF0000BDA46F8F7B2FDCC2005F07B
:10CD100037FC442005F034FC4FF4FA7006F074F947
:10CD2000F8F7A6FDCC2005F02BFCBE2005F028FC72
:10CD3000FFF7ABFF8346FFF7A8FF8246BAF17F0FEC
:10CD40000CDD6FEA0B0000F0FF0B6FEA0A00401CDD
:10CD500000F0FF0A01201349087002E00020114989
:10CD600008704FEA0A10F3F70FFC804689465846D0
:10CD7000F3F71BFC064600220B4BF3F788FB4246F9
:10CD80004B46CDE90001F3F7DBFA04460D460548B2
:10CD90000078012801D185F0004520462946BDE8EC
:10CDA000FC9F0000340200200000304070B50446B3
:10CDB0000D461646022C04D13146284600F024F8D0
:10CDC00070BD0020FCE770B505460C46022D03D16E
:10CDD000204600F021F800E000BF00BF70BD2DE943
:10CDE000F04105460E4614461F46022D06D13A462E
:10CDF0002146304600F040F8BDE8F081E0B2FBE7A4
:10CE0000034603FB021070470246002A01DA0020A5
:10CE100070471046FCE7000030B50179102900D0BA
:10CE200030BD0168C97B012900D0F9E7002100224B
:10CE30001CE003689B5C0F4C246804F5906424F8A4
:10CE400011300C4B1B6803F5906333F81140531CF1
:10CE50000568EB5C44EA0324064B1B6803F590630A
:10CE600023F811404B1CD9B2931CDAB20529E0DD3E
:10CE700000BFD5E74401002010B50446881A43B22C
:10CE8000002B00DA0023D8B210BD000010B5044614
:10CE9000207910B1012812D108E006220A48216841
:10CEA000006800F5906000F0A4FC0AE00622064845
:10CEB0002168006800F28C4000F09BFC01E000203B
:10CEC00010BD00BF0120FBE7440100202DE9FC4715
:10CED00005460E4617461C464FF00008052D01DAA0
:10CEE000284600E00520607094F901000F4900F029
:10CEF00020FEA07094F901200C4B53F822100C4B2B
:10CF0000985C00F05FFD80460A49C86D8047814605
:10CF100004F10C00011F4B463A46CDE900103146A2
:10CF2000404600F0B6FCBDE8FC8700007C410108EB
:10CF300074410108D842010801464FF0FF307047A4
:10CF40001FB504460020039020783A2877D2DFE806
:10CF500000F0D01D20D0D0D023D03AD03D40434661
:10CF60004C5255595D6165696D777A7D80868C8FED
:10CF70009396999C26D0D0D0D0D0D0D0D0D0D0D03D
:10CF8000D0D09FA6B0B3D0B6BDC0C3C90020039017
:10CF9000B0E000200390ADE000200390AAE0574AE3
:10CFA00007CA8DE8070060788DF8000054480068D3
:10CFB00000F590600190524800680290684600F0C9
:10CFC000CEFD039096E00020039093E000200390B4
:10CFD00090E0402003908DE0202003908AE094F9B7
:10CFE00001004849085C039084E094F90100464937
:10CFF000085C03907EE0002003907BE040F6B830B0
:10D00000039077E04FF47A70039073E04FF4FA6086
:10D0100003906FE041F2883003906BE041F2707052
:10D02000039067E04FF48040039063E04FF47A711F
:10D03000484206F0EBFB00F5FA6003905AE058E036
:10D040000020039056E03148039053E00020039005
:10D0500050E02B48006800F5906003904AE02848B3
:10D06000006800F28C40039044E06020039041E0AF
:10D070002348006803903DE0002003903AE0002040
:10D08000039037E02248039034E02248039031E0D7
:10D090002079214A2149FFF7B3FE03902AE01320AB
:10D0A0008DF80C0003208DF80D0001208DF80E0086
:10D0B00020E0022003901DE0082003901AE0207970
:10D0C000154A1649FFF79CFE039013E002200390D7
:10D0D00010E0082003900DE094F901001049085C6D
:10D0E000039007E094F901000E4900F022FD03903F
:10D0F00000E000BF00BF039804B010BDE04101088C
:10D1000044010020944101089A41010820441E1E58
:10D11000333399419A990940400D0300E00A4C1EAF
:10D12000744101087C41010810B586B004461822FC
:10D1300039496846F3F74FF8207A20B101285BD0CF
:10D14000022865D159E0206808B1606808B906B0C6
:10D1500010BD3249206808603149606808601822B3
:10D1600069462E48006806F07DF900201DE040F673
:10D17000354141432B4A02EB811100EB4002284B21
:10D180001B6843F82210502100EB4002244B1B681F
:10D1900003EB82021172002100EB4002204B1B685E
:10D1A00003EB82025172411CC8B26028DFDBFF2012
:10D1B0001B490968A1F88C04002119480068A0F8EF
:10D1C0008E1417480068A0F8901415480068A0F85D
:10D1D000921413480068A0F8941411480068A0F84D
:10D1E000961406220E48016801F28C41006800F591
:10D1F000906000F0FEFA0CE000BF062208480168CB
:10D2000001F28C41006800F5906000F0F2FA00E055
:10D2100000BF00BF00BF9AE7EC41010840010020B9
:10D22000440100206035081C2DE9F04F91B0044600
:10D230000F4690469946DDF868B0072500200F900C
:10D240001090824600260C900D900E9006225948B0
:10D25000016801F590610CA800F0CBFA47E0616825
:10D2600088190FA900F03BFD8246BAF1000F00D1EA
:10D2700040E006EB0A00C6B207259DF83F000628ED
:10D280000ED14FF6FF70ADF83000ADF83200ADF8BA
:10D290003400ADF83600ADF83800ADF83A0026E0BD
:10D2A0009DF83F00072802D105F0FE051FE0002091
:10D2B00014E0BDF8401001228240114061B19DF898
:10D2C0003F1000EB011101EB41013A4A126852F89C
:10D2D000211009B905F0FE05411CC8B21028E8DB91
:10D2E000BDF840009DF83F100CAA22F81100207AEA
:10D2F000B042B4DC00BF02208DF82800607A8DF8BF
:10D300002A000AA8FFF71CFE09908DF80850A07AA1
:10D310008DF809009DF83D008DF80A009DF83E004B
:10D320008DF80B009DF83C008DF80C00E07A8DF82C
:10D330000D00207B8DF80E00607B40B28DF80F0051
:10D3400060208DF810000CA80590099840B28DF867
:10D35000180005208DF8190016480068079007206E
:10D360008DF8200000208DF82100206801900FAB7F
:10D370009A1C511E01A800F061FC0546072D07D13B
:10D3800006220CA90B48006800F5906000F031FA05
:10D390009DF83D0038709DF83E0088F800009DF82B
:10D3A0003C0089F800008BF80060284611B0BDE809
:10D3B000F08F00004401002001464FF0FF3070471D
:10D3C0002DE9F041AAB004460D4616461F4600203E
:10D3D00029902890602110A8F2F716FF4FF00C0852
:10D3E000062200213548006800F5906000F014FB2B
:10D3F000D0B94FF6FF7031490968A1F880040146A1
:10D400002E480068A0F882142C480068A0F8841404
:10D410002A480068A0F8861428480068A0F88814F4
:10D4200026480068A0F88A14607A8DF80800207AEF
:10D430008DF809002148006800F5906003901F48AE
:10D44000006804901E48006805906020ADF8180040
:10D45000002007902068089060680990A07A8DF8F5
:10D46000280001208DF82900D4E90301CDE90B0142
:10D47000207D8DF83400E18A94F90800F4F7B6FCB9
:10D480000E9002A80F9028A829AB10AA3946CDE922
:10D49000000608A800F087FB8046B8F1000F08D10D
:10D4A0009DF8A400411E002006F0B0F910A9085C08
:10D4B000287040462AB0BDE8F081000044010020F9
:10D4C000400100202DE9F0438BB004460F4694F94B
:10D4D00001504FF00008C1466668284948688047F7
:10D4E00018B100200BB0BDE8F083E07C58B920787B
:10D4F000302190FBF1F201FB120040F63541484328
:10D500001F4901EB80161F48405D4FFA80F91B4808
:10D51000C16830468847A07C012100220692CDE9EF
:10D5200007210990208980B2CDE9020204920820E7
:10D530000592CDE90020A178104801234A46D0F891
:10D5400018C01846E047607C012803D10E4810F847
:10D55000058002E00D4810F8058008F10D00C1B209
:10D560000648426D01209047E07C2A46314600F093
:10D57000DBFB68B238700120B4E70000D842010834
:10D58000E0F8D11D744101089A4101089441010855
:10D5900070B504460725606804F0A4FF08B905F0DB
:10D5A000FE0594F900000522002100F0DDFC08B919
:10D5B00005F0FD0594F901000522002100F0D4FCDE
:10D5C00008B905F0FB05284670BD000038B50446D3
:10D5D000206900906278237803EB4303074DA1682C
:10D5E0002D6805EB83035B7A03EB4303044D2D6841
:10D5F00005EBC300E36800F0D5FB38BD4401002013
:10D60000400100202DE9F0410446227802EB42025D
:10D61000134B1B6803EB8202527A02EB4202114B5E
:10D620001B6803EBC20292F9021094F9020000F0A9
:10D63000FEFA07460025207800EB400008490968FB
:10D6400051F820603846D4E9011200F0C5F90546CA
:10D65000A28905482946C36B30469847BDE8F0814A
:10D660004401002040010020D84201082DE9F04784
:10D670008AB004460D46164694F901003149085C0B
:10D680004FFA80F8227802EB42022F4B1B6803EB23
:10D690008202527A02EB42022C4B1B6803EBC2025D
:10D6A00092F9021094F9020000F0C1FA074694F9C9
:10D6B0000100274900F03DFA82464FF00009384644
:10D6C000D4E9011200F088F98146227802EB420287
:10D6D0001D4B1B6853F822001E4AD16888474FF43F
:10D6E0007A60002105910691CDE9071001200822FA
:10D6F000CDE90102CDF80080CDE90310154853466D
:10D700000A464946D0F81CC00120E04794F90110B0
:10D71000227802EB42020C4B1B6853F8220000F007
:10D720005FFB217B0B48426D01209047A18994F952
:10D730000100F4F75BFB30602F7001200AB0BDE8F8
:10D74000F0870000744101084401002040010020DE
:10D750007C410108D842010801464FF0FF30704774
:10D7600070B504460D46072D1DD005DC5DB1052DB5
:10D770000DD0062D30D10BE0092D20D00A2D1DD063
:10D780000F2D29D126E0206804F0ACFE70BD00BF4B
:10D7900094F900000522002100F0E6FB08B1012009
:10D7A000F4E70020F2E794F900000522002100F0E0
:10D7B000DBFB08B10120E9E70020E7E700BF94F9AF
:10D7C00000000722002100F0CFFB08B10120DDE7B7
:10D7D0000020DBE70020D9E70020D7E770B504463A
:10D7E0000D46022C03D12846FFF750FB70BD0020E8
:10D7F000FCE710B5034653B149B1002005E031F80C
:10D80000104023F81040441CE0B29042F7DB10BDFA
:10D810002DE9F04F06460F4690469946DDF828A0C0
:10D8200049464046099A00F09FFB10B90020BDE828
:10D83000F08F0025AB4628E000241DE037F81B10D0
:10D840000120A0400140A9B1281900EB40000AEBDB
:10D850008000007AC0F30312281900EB40000AEBA5
:10D860008000007A00F00F01404600F07DFB0128A7
:10D8700000D1DCE7601CC4B2102CDFDB05F1100026
:10D88000C5B20BF1010000F0FF0BB542D4DB002064
:10D89000CDE7F0B5DDE905454E00083E46434FF4BF
:10D8A0007A7757434FF0020C0CFB076666B14E00C7
:10D8B000083E46434FF47A7757430CFB076606440D
:10D8C000761EB6FBF0F60BE04E00083E46434FF4E2
:10D8D0007A7757434FF0020C0CFB0766B6FBF0F665
:10D8E0008E4224D94E00083E46434FF47A77574380
:10D8F0004FF0020C0CFB076666B14E00083E464333
:10D900004FF47A7757430CFB07660644761EB6FB46
:10D91000F0F60DE04E00083E46434FF47A77574349
:10D920004FF0020C0CFB0766B6FBF0F600E00E466B
:10D93000266087002668464326B126684643761C43
:10D94000760802E0266846437608BE1B03EB4307D1
:10D95000C7EBC317A6EBC706002E19DD87002668A4
:10D96000464326B126684643761C760802E02668C0
:10D9700046437608BE1B03EB4307C7EBC317A6EB72
:10D98000C70606F2E7364FF47A7796FBF7F616E00D
:10D9900087002668464326B126684643761C7608EB
:10D9A00002E0266846437608BE1B03EB4307C7EB3D
:10D9B000C317A6EBC7064FF47A7796FBF7F62E60EF
:10D9C000F0BD0000024601209040024B5843B0FBDE
:10D9D000F1F0704740420F002DE9FE4F04468A46A1
:10D9E0009146002002906000F2F7C9FD5146009078
:10D9F000F2F771FC49460190F2F76AFC8346F2F7B0
:10DA000019FE074605F0D6FB0546F2F7F4FD40B2D5
:10DA100002900298BDE8FE8F2DE9F04104460E46C3
:10DA200017464FF0000814B90020BDE8F0813546D4
:10DA300009E034F815001021F3F722FD404400F00E
:10DA4000FF08681CC5B2BD42F3DB4046EDE72DE997
:10DA5000FF4F0446884691464FF0000AD346002601
:10DA600000275CE0002553E0606830F817000121D2
:10DA7000A9400840002848D0711901EB4101A06875
:10DA800050F8210000B941E0207848B9606938B108
:10DA9000606930F817000121A940084000B935E05D
:10DAA00006EB050C0CEB4C0CA36803EB8C0393F911
:10DAB00008301A1106EB050C0CEB4C0CA36803EBB9
:10DAC0008C031B7A43F30301637858B200F04CFADD
:10DAD00000B91BE0711901EB4101A06800EB810066
:10DAE000407A00EB4000E16801EBC000007D20B906
:10DAF0000BF1010000F0FF0B08E07019C2B25046B4
:10DB0000411C01F0FF0A08F8002000BF681CC5B2E4
:10DB1000102DA9DB06F11000C6B2781CC7B2208A0E
:10DB2000B0429FDC89F800A0039880F800B0BDE8FF
:10DB3000FF8F024651F82200A0F5F430483840B17A
:10DB4000A0F5F430483830B1A0F57430903820B1E9
:10DB500000BF002070470120FCE70220FAE73CB537
:10DB6000044694F9005094F9000094F90210884298
:10DB700002D194F902003CBD00BF681E45B294F981
:10DB80000200A8420DD094F90110A068CDE9001060
:10DB900094F90230E0782A466168FFF739FE0028E0
:10DBA000EBD02846E7E72DE9FF4704468846914633
:10DBB0001D46DDE90C67606804F0A8FA824620681B
:10DBC000A0EB0A00386001203070002028706068E7
:10DBD00010B1206850451BD80020C8F80000A0698B
:10DBE0000390D4E90301CDE90101207D0090237A5F
:10DBF000627AD4F81CC09CF80000DCF80C1000F02D
:10DC00000BF9386033462A464946E069FFF71FFFA3
:10DC10002878002804DD0020386004B0BDE8F087D3
:10DC20003078002801DD0B20F7E70C20F5E70246ED
:10DC30008A4201DD104670470846FCE72DE9FC4F9B
:10DC40000446884691469A46257994F9067094F9D7
:10DC50000760207A4FFA80FB607928B994F90BB0FD
:10DC600094F9097094F90A6035B30F2F02D194F931
:10DC700009700EE094F91510A069CDE9001094F92F
:10DC80001430207B3A462169FFF7C2FD08B905F040
:10DC9000FD050F2E02D194F90A6010E094F91C20C2
:10DCA00094F91D10304600F05FF928B994F91D0071
:10DCB000B04202DD94F91D6001E005F0FB05072D7F
:10DCC00004D1BBF1000F01D14FF0010B88F80070B7
:10DCD00089F800608AF800B02846BDE8FC8F10B5CE
:10DCE000024600201378032B1CD153785BB24B7093
:10DCF0004B7803F00F038B704B78C3F303134B7017
:10DD000093788B808B88D47843EA04238B801379B3
:10DD10000B700B78C3F30213CB700B7803F00F0377
:10DD20000B70052010BD0000FEB504460D461646DA
:10DD3000062C0CDA00BF0B4850F824000AA301227D
:10DD400000218DE86100022003F082FF09E000BF9E
:10DD50000DA3012200210220CDE9005603F078FF37
:10DD600000BFFEBD4801002052585F2573206F6E32
:10DD7000206672657120256420487A2061742044F1
:10DD8000522025640D0A00005258206F6E206672E2
:10DD9000657120256420487A206174204452202532
:10DDA000640D0A000FB42DE9F04104460D461646F5
:10DDB00031462046DDE90923F3F700FF074605FB5E
:10DDC00007F0E168814204D9E06805FB1700E060D4
:10DDD00001E00020E060BDE8F0015DF814FB000008
:10DDE0007CB504460D4600BF04A301220021022099
:10DDF000CDE9004503F02CFF00BF7CBD5458206FD7
:10DE00006E206672657120256420487A2061742036
:10DE100044522025640D0A002DE9F04F87B00646D4
:10DE20000D46934698464FF0FF30069004F062F995
:10DE3000059000274FF00109BA46002483E00598B9
:10DE40000290DDE91101CDE9000104EB440105EB8D
:10DE5000C10042463146109B04F0C6FA8146139831
:10DE600000FB09F704EB440005EBC000C068B842B2
:10DE700004D8B8F1000F0CD1012E0AD1012004EB17
:10DE8000440105EBC10108750AF1010000F0FF0A29
:10DE900057E0002004EB440105EBC101087504EBD9
:10DEA000440005EBC0000069B84215D904EB4400FA
:10DEB00005EBC000C068391A0698814201D906985E
:10DEC00005E004EB440005EBC000C068381A06907A
:10DED0000AF1010000F0FF0A9EBB002003900490AD
:10DEE000B9F1640F03D14FF46160039008E0B9F514
:10DEF0007A7F03D149F6B020039001E018480390DF
:10DF00001749119888420AD91198401A1549B0FB4F
:10DF1000F1F0401C134A039902FB00100390129881
:10DF2000009001A8119BDDE9031202F067FBDDE917
:10DF30000101CDE90301DDE9030102F085FB069053
:10DF400000BF601CC4B25C45FFF679AFBAF1000FA8
:10DF500004D14FF0FF3007B0BDE8F08F0698FAE724
:10DF600030EC01008051010003468B4203DB9342F9
:10DF700001DC012070470020FCE72DE9F041044658
:10DF80000D4616461F46DDF81880022C06D1434682
:10DF90003A4631462846FEF799FF00E000BF00BF31
:10DFA000BDE8F08170B504460D46022C03D1284629
:10DFB000FEF7C2FF70BD0020FCE77CB504460D46AD
:10DFC00000200190022C04D12846FEF7B9FF0090F2
:10DFD0007CBD0198FCE7000008B50248009000985D
:10DFE00008BD00000300010170B505460C46022D76
:10DFF00003D12046FFF798F800E000BF00BF70BDD6
:10E000000146022901D1012070470020FCE72DE9DB
:10E01000F84304460D4616461F46DDE90889022CE2
:10E0200009D143463A4631462846CDF80090FFF7DD
:10E03000FBF8BDE8F8830020FBE770B504460D4609
:10E04000022C03D12846FFF7B7F970BD0020FCE78A
:10E050002DE9F04104460D4616461F46DDF81880AE
:10E06000022C07D143463A4631462846FFF7A8F925
:10E07000BDE8F0810920FBE770B504460D46164661
:10E08000022C04D131462846FFF71CFA70BD00204F
:10E09000FCE770B504460D46022C03D12846FFF775
:10E0A00077FA70BD0020FCE770B505460C46022DDE
:10E0B00003D12046FFF78AFA00E070BD00BF00BF21
:10E0C000FBE770B505460C46022D03D12046FFF74D
:10E0D00099FA00E000BF00BF70BD2DE9F041044691
:10E0E0000D4616461F46022C06D13A4631462846B2
:10E0F000FFF7BCFABDE8F0810020FBE770B50446ED
:10E100000D46022C03D12846FFF726FB70BD0020E8
:10E11000FCE770B504460D461646022C04D1314684
:10E120002846FFF71DFB70BD0020FCE737B504460D
:10E1300015460CB1012C0BD1012D07D19DF804001F
:10E14000C0F3401020B1F8F799FD01E0F8F796FD13
:10E150003EBD0000002010490968C860411E0E48FD
:10E16000006801610C48006841610B4800688161EA
:10E17000094800688069084909680862002007E0CA
:10E180004FF0FF32044909681C3141F82020401C3F
:10E190000128F5DB704700006801002000B58DB054
:10E1A0000021564880F818110020544988625449CB
:10E1B00081F81004012081F8110481F81204002074
:10E1C00081F8130400214D4880F807110121A0F8BF
:10E1D0000A1190F8CC1080F8381090F8CD1080F823
:10E1E000391090F8A51080F8611000F1440140301A
:10E1F000C26E806EC1E90802081F426F006FC1E95C
:10E200000A023E4890F8B81080F8741090F8B910DF
:10E2100080F87510D0F8BC108167D0F8C010C167C5
:10E220000020374981F814040021344880F83A105E
:10E2300001208DF8080033480090A03001902F494C
:10E2400091F840006946FFF7CFFE00202C4981F885
:10E250001504084690F8150481F8CC032748416E50
:10E260002748C0F8D013254890F87510244880F846
:10E27000DC13224890F88010214880F8DD1300213B
:10E2800080F8DE13012180F8DF13142200F573718A
:10E2900000F57870F1F79FFF0121194880F8F2131B
:10E2A000022180F8F31300200B900C901448D0F852
:10E2B000480348B11248D0F8480340680B90104812
:10E2C000D0F8480300690C900F480390443804903C
:10E2D00030300590393006900848D4300790943893
:10E2E0000890001D099094300A9000F244620BA936
:10E2F00003A8F8F7F2FB0DB000BD00007C0B002076
:10E30000700600205C0D0020D00A002010B500240B
:10E310003A48D0F84003012801D0012010BD242143
:10E320003748F3F7C1F804463548406AA04201D0A7
:10E330001720F3E7142132482830F3F7B5F80446E4
:10E340002F48C06BA04201D01720E7E7DC212C4802
:10E350004030F3F7A9F804462948D0F81C01A04240
:10E3600001D01720DAE7BC212648F3F79DF80446D0
:10E370002348D0F8DC01A04201D01720CEE79C2131
:10E380002048C030F3F790F804461D48D0F87C02CE
:10E39000A04201D01720C1E714211B48F3F784F8ED
:10E3A00004461748D0F83007A04201D01720B5E73F
:10E3B00040F234721249154805F054F840F23472B4
:10E3C00000210F4805F068F80C4890F815040B4937
:10E3D00081F8E0030D48C16E0848C0F8E4130B480B
:10E3E00090F87510054880F8F013012180F8F213B9
:10E3F000022180F8F313002090E70000700600204F
:10E40000B0120020D0130020CC1900207C0B00207B
:10E4100070B505460C4600BF284603F05FFF00BFFD
:10E420000C49086B80470C4991F840000B4A214683
:10E43000FFF722FE68B10A4890F8201480F86214B1
:10E44000054AD06C034A516B8847E07C044981F847
:10E45000840470BDD84201087C0B0020900A002083
:10E4600070060020034600221946080C000408B973
:10E470001022090401F07F4018B902F10800C2B26D
:10E48000090201F0704010B9101DC2B2090105481F
:10E4900000EB117000781044C2B2C2F11F00C0B28C
:10E4A000704700005F4301080849096821F04001F6
:10E4B000064A116040F4417111604FF4B851516047
:10E4C0001146096841F04001116070470000015891
:10E4D00018B5024600201E4B1B68C3EBC303C3F3F1
:10E4E0004C43642413FB04F3009300BF009B1BB94F
:10E4F00001200123936008E0009B5B1E0093154BF5
:10E500009B6803F00203022BF0D100BFFF23114CE4
:10E5100023730F4B1B68C3EBC303C3F34C43642447
:10E5200013FB04F3009300BF009B1BB901200123E0
:10E53000936008E0009B5B1E0093064B9B6803F012
:10E540000103002BF0D000BF024BDB680B7018BD3D
:10E55000B40000200000015818B5024600201D4BF1
:10E560001B68C3EBC303C3F34C43642413FB04F3E2
:10E57000009300BF009B1BB901200123936008E0BA
:10E58000009B5B1E0093144B9B6803F00203022B5D
:10E59000F0D100BF104B19730E4B1B68C3EBC303C4
:10E5A000C3F34C43642413FB04F3009300BF009BAC
:10E5B0001BB901200123936008E0009B5B1E0093C0
:10E5C000054B9B6803F00103002BF0D000BF024B0A
:10E5D000DB6818BDB40000200000015838B50446BF
:10E5E0002079012811D10B48006800EB4000C0F3EE
:10E5F0004F300090F7F758FA00BF0098401E009087
:10E6000000980028F9D1F7F763FA204600F00CF8DB
:10E6100038BD0000B400002010B50248F6F7A6F897
:10E6200010BD0000D802002018B502460020124B91
:10E630001B6803EB4303C3F34B43642413FB04F352
:10E64000009300BF00BF0D4B1B68C3F3800100BFE8
:10E65000009B1BB90120022393600AE0009B5B1E14
:10E66000009300BF054B1B68C3F340030B40002B16
:10E67000E8D100BF18BD0000B40000201404005809
:10E6800001B582B09DF80800C0F3801080019DF8AC
:10E690000810C1F3401140EA41109DF80810C1F381
:10E6A000001140EA01109DF80810C1F3C00140EAD2
:10E6B000C1009DF80810C1F3800140EA81009DF877
:10E6C0000810C1F3400140EA41009DF8081001F034
:10E6D000010108430190012201A9892000F000FEF8
:10E6E0000EBD000038B504461B48844206D9E1201F
:10E6F0008DF80000E9208DF8010026E017488442DB
:10E7000006D9D7208DF80000DB208DF801001CE031
:10E710001348844206D9C1208DF80000C5208DF829
:10E72000010012E00F48844206D975208DF80000E0
:10E7300081208DF8010008E00B48844205D96B2048
:10E740008DF800006F208DF80100022269469820A4
:10E7500000F0C6FD38BD000000E9A43580F8A932FC
:10E760008044E52D000B6B1B40FC54192DE9FE4F36
:10E7700006460F4620A00068029040F6070000F011
:10E780008BF9804602A8C8F3C101405C019008F0F3
:10E79000070000900098401E012101FA00F0019945
:10E7A00048431649B1FBF0F9B9FBF6FA01250AFB1B
:10E7B00005F0082800D202250AFB05F0042800D243
:10E7C000042509FB05FB4FF4D66000F065F900074E
:10E7D000040D40F2B16000F05FF9044304F40060FE
:10E7E000B0F5006F01D1064804434FEA5B10604367
:10E7F000C0113860BDE8FE8F04080A0C0048E8012B
:10E8000000F0FFFF02460AB91F20704700210BE00D
:10E81000074850F83100904204D9054800EBC10088
:10E820000079F2E7481CC1B21629F1D300BFFEE718
:10E83000204201080148007870470000E8010020EC
:10E8400038B5044603226946142000F00FF900F0A1
:10E850003DF82070207820B1012814D00F2828D14D
:10E8600028E09DF8000020719DF801004042401012
:10E8700041B2A1719DF802004042401041B2617165
:10E880000021A1601EE09DF800004042401041B20E
:10E8900021739DF8010040B2801C811061739DF8C6
:10E8A00002004042401041B2A17307480168216153
:10E8B00008E000BF14220021204603F0F3FA0F20E5
:10E8C000207000BF00BF38BDEC0100200148007877
:10E8D00070470000E9010020F8B505460C461646D1
:10E8E000002000906946204600F052F82078B0429F
:10E8F00001DD0120F8BD227829469DF8000000F0D6
:10E900009FF80020F6E70120704738B500200090FE
:10E910000024002540F6E20000F0BEF8044624F092
:10E92000010140F6E20000F0F1FC40F6E50000F0E5
:10E93000B3F8054625F0800140F6E50000F0E6FC5E
:10E940006FF07F4000F016FB0422694640F6190084
:10E9500000F0B0F8002000F083FB214640F6E20012
:10E9600000F0D4FC294640F6E50000F0CFFC00980A
:10E9700038BD38B5002401226946152000F076F82C
:10E980009DF800004042401044B2204638BD0000CF
:10E9900038B504460D4602226946132000F066F899
:10E9A000FFF794FF012809D108480078012805D114
:10E9B00040F2027000F070F8207002E09DF8000054
:10E9C00020709DF80100287038BD0000EA01002089
:10E9D00038B504460CB117480460FAF74DFB022025
:10E9E000FEF73EF900201449087000F039FBFCF7EF
:10E9F0006BFC01280DD1402100F06DFB002140F699
:10EA0000111000F083FC7F2000900098FFF738FE83
:10EA100009E0202140F6111000F078FC202140F69A
:10EA2000121000F073FCFCF747FC0120034908704A
:10EA300038BD0000F4010020F0010020E8010020B2
:10EA40002DE9F04104460D46164603F0F9FD074650
:10EA500072B633462A4621460348F5F75BFF38462F
:10EA600003F009FEBDE8F081D80200202DE9F04155
:10EA700004460D46164603F0E3FD074672B63346DC
:10EA80002A4621460348F5F7D3FD384603F0F3FD47
:10EA9000BDE8F081D802002038B5044601236A465B
:10EAA00021460348F5F77EFF9DF8000038BD0000C1
:10EAB000D80200202DE9F04104460D46164603F029
:10EAC000BFFD074672B633462A4621460348F5F78E
:10EAD00069FF384603F0CFFDBDE8F081D802002081
:10EAE00070B505460E4614463146284600F0D8F962
:10EAF000204600F007FB70BD38B505460C468DF882
:10EB000000508DF80140022269468F2000F0E8FB9A
:10EB100038BD000010B500221146C52000F0E0FB12
:10EB200007200149087010BDE801002038B50446EF
:10EB3000200A8DF80000E0B28DF80100FFF7C6FE54
:10EB400030B90222694640F2BE6000F0EBFB00E003
:10EB500000BF00BF38BD38B50446200A8DF800005C
:10EB6000E0B28DF80100FFF7B1FE30B9022269462C
:10EB700040F2BC6000F0D6FB00E000BF00BF38BD33
:10EB80002DE9FC4107460C4615461E46380A8DF80D
:10EB90000000F8B28DF80100200A8DF80200E0B202
:10EBA0008DF80300280A8DF80400E8B28DF80500FE
:10EBB000300A8DF80600F0B28DF807000822694689
:10EBC000104600F08DFBBDE8FC81F1B501226946DD
:10EBD000A02000F085FB9DF80000402813DB9DF885
:10EBE000000044100025002602E0A410681CC5B2F5
:10EBF0001F2CFADC05EBC400C6B2314640F20670A9
:10EC000000F084FB00BFF8BD2DE9FC41044600255F
:10EC1000002000900190207849490978884202D06C
:10EC2000207800F027F9207802283BD003DC38B1A7
:10EC300001287CD14EE0032860D00F287BD17BE0F7
:10EC40004FF008083F496068B1FBF0F5280C8DF8DB
:10EC50000000280A8DF80100E8B28DF80200207B40
:10EC60008DF80300607B8DF8040000BF0021490689
:10EC7000A06841EAD0114606334A00233046F1F736
:10EC800079FA054600BF280C8DF80500280A8DF892
:10EC90000600E8B28DF80700424669468B2000F076
:10ECA0001FFB4AE04FF0040826492069B1FBF0F54C
:10ECB000280C8DF80000280A8DF80100E8B28DF8C4
:10ECC0000200207D8DF80300424669468B2000F04B
:10ECD00007FB32E04FF00408207E8DF80000607ED4
:10ECE0008DF80100A07E8DF80200E07E8DF8030013
:10ECF000424669468B2000F0F3FA1EE04FF005080B
:10ED000010496068B1FBF0F5280C8DF80000280A66
:10ED10008DF80100E8B28DF80200207B8DF8030029
:10ED2000607B8DF80400424669468B2000E002E0DB
:10ED300000F0D6FA01E000BF00BF00BFBDE8FC81D3
:10ED4000E90100200000093D0048E801F8B504464B
:10ED50000D4616461F468DF800408DF801508DF87F
:10ED600002608DF8037004226946952000F0B8FA1D
:10ED7000F8BD0000FEB5044600260020009001907A
:10ED80000290207839490978884202D0207800F032
:10ED900071F82078022842D003DC40B101285AD112
:10EDA00042E0032802D00F2855D155E000BF607A19
:10EDB000F12809D14FF6FF70FFF7CDFE48F20500AC
:10EDC000FFF7B4FE02260DE0607AF22809D141F681
:10EDD0000F50FFF7C0FE41F22100FFF7A7FE062605
:10EDE00000E0667A09256088000A8DF80000A078A6
:10EDF0008DF8010020798DF8020060798DF803000C
:10EE0000A0798DF80400E0798DF80500207A8DF85E
:10EE100006008DF80760A07A8DF808001DE0012536
:10EE2000207B8DF8000018E00625E089000A8DF8A7
:10EE30000000A07B8DF80100207C0D4908708DF842
:10EE40000200607C8DF80300A07C8DF80400E07C5B
:10EE50008DF8050001E000BFFEBD00BF2A466946EF
:10EE60008C2000F03DFA00BFF6E70000E901002029
:10EE7000EA01002001B59DF80000084908709DF8DE
:10EE8000000020B9002140F2AC6000F03FFA0122FE
:10EE900069468A2000F024FA08BD0000E90100203C
:10EEA00070B504460D462A462146002000F002FABD
:10EEB00070BD08B5FCF704FA012802D100BF00902C
:10EEC00001E00020009001226946962000F008FA37
:10EED00008BD0000F8B5044600251448007828B99C
:10EEE0002046FFF7FFFB01201049087000BF0020FB
:10EEF000400640EAD41166060D4A00233046F1F779
:10EF000039F9054600BF280E8DF80000280C8DF851
:10EF10000100280A8DF80200E8B28DF803000422EF
:10EF20006946862000F0DCF9F8BD0000F001002001
:10EF30000048E80170B504460125FCF7B9F906461A
:10EF400026B1012E08D0022E0AD107E00F2C01DDD8
:10EF5000022500E0012504E0012502E0022500E091
:10EF600000BF00BF02222146284600F0EFF82846E5
:10EF700070BD000038B50446052008490870200C13
:10EF80008DF80000200A8DF80100E0B28DF8020033
:10EF900003226946822000F0A3F938BDE801002071
:10EFA00038B5044605200B490870972140F6AC009F
:10EFB00000F0ACF9200C8DF80000200A8DF801005B
:10EFC000E0B28DF8020003226946822000F088F941
:10EFD00038BD0000E80100207CB505460C46280C31
:10EFE0008DF80000280A8DF80100E8B28DF80200C3
:10EFF000200C8DF80300200A8DF80400E0B28DF893
:10F00000050006226946942000F06AF906200149AD
:10F0100008707CBDE801002001B582B00020FCF73B
:10F020003BF90220FDF71CFE9DF80800C0F38000AC
:10F0300080009DF80810C1F3400140EA41009DF8AE
:10F04000081001F0010108430190012201A9842068
:10F0500000F046F90020014908700EBDE8010020CB
:10F0600001B501226946802000F03AF99DF80000C0
:10F0700018B901200349087002E002200149087014
:10F0800008BD0000E801002001B5012269469F206B
:10F0900000F026F908BD70B504460D460126012D85
:10F0A00009D1012C03D102260420FDF7D9FD022C41
:10F0B00003D1032601E005B901263046FCF7ECF840
:10F0C00070BD10B50446082221464FF4D86000F008
:10F0D00029F9002010BD38B505460C4605F007009B
:10F0E0008DF80000200C8DF80100200A8DF8020038
:10F0F000E0B28DF8030004226946972000F0F0F892
:10F1000038BD000038B50446042008490870200CBA
:10F110008DF80000200A8DF80100E0B28DF80200A1
:10F1200003226946832000F0DBF838BDE8010020A7
:10F1300010B500221146D12000F0D2F810BD10B554
:10F1400000221146D22000F0CBF810BD2DE9F84383
:10F1500006460D461746012E35D10020FCF7A2F8D1
:10F160000446A54200DD65B20E2C0AD101231A46E1
:10F1700000210420FFF7EAFD601BC0F10E0045B23C
:10F1800016E00A2C0AD101231A4600211846FFF77F
:10F19000DDFD601BC0F10D0045B209E001231A46F8
:10F1A00000210620FFF7D2FD601BC0F10E0045B222
:10F1B00015F1110F01DA6FF01005182140F6E70084
:10F1C00000F0A4F84CE040F6D800FFF765FC40F0F2
:10F1D0001E08414640F6D80000F098F80120FCF7E0
:10F1E00061F80446A54200DD65B2142C0AD1012362
:10F1F000002205210320FFF7A9FD601BC0F11600C6
:10F2000045B223E0112C0AD1012300220321022060
:10F21000FFF79CFD601BC0F1160045B216E00E2CF6
:10F220000AD10123002202210846FFF78FFD601B4F
:10F23000C0F10E0045B209E001230022072104209D
:10F24000FFF784FD601BC0F1160045B215F1090FF0
:10F2500001DA6FF00805382140F6E70000F056F8B3
:10F26000E8B28DF800008DF80170022269468E2008
:10F2700000F036F8BDE8F88370B504460025FFF7C6
:10F2800025FB98B94FF4D760FFF706FC00F0FE05A8
:10F29000C4F30020054329464FF4D76000F036F848
:10F2A000E1B240F2B96000F031F800E000BF00BF09
:10F2B00070BD00002DE9F04104460D46164603F0EE
:10F2C000BFF9074672B633462A4621460348F5F78A
:10F2D000DDFB384603F0CFF9BDE8F081D80200200D
:10F2E0002DE9F04104460D46164603F0A9F90746FC
:10F2F00072B633462A4621460348F5F7DDF938460B
:10F3000003F0B9F9BDE8F081D802002013B5044636
:10F31000012301AA21460248F5F7F6FB1CBD0000B7
:10F32000D80200202DE9F04104460D46164603F0B0
:10F3300087F9074672B633462A4621460348F5F751
:10F34000E3FB384603F097F9BDE8F081D8020020CE
:10F350007047000070B5002500240D48F1F732FC1D
:10F36000044604B912E00B4800884FF6FF7188424A
:10F3700008D00848008840F6E4414843B0FBF4F068
:10F3800085B203E00448B0FBF4F085B2284670BDB6
:10F39000002000B4AA75FF1FD8084C0038B5002023
:10F3A00000900025FFF7D6FF04462448F1F70AFC39
:10F3B000054623480088224920390988401A21D06F
:10F3C0001F4800881E4920390988401A15D005FBBE
:10F3D00004F040F6E441B0FBF1F019492039098806
:10F3E000401A6421484316490988154A203A128870
:10F3F000891A90FBF1F01E3001E047F6FF7000B271
:10F40000009013E005FB04F040F6FF71B0FBF1F053
:10F4100000EB4001C1EBC0100A49C1EBC00040F64F
:10F42000C41190FBF1F01E3000B20090BDF8000056
:10F43000000200B20090BDF9000038BD001000B01D
:10F44000C875FF1FC0980B0001480249086070474B
:10F45000002401403C02002030B58BB00546032457
:10F46000F1F7EEFE044614B120460BB030BDF1F7C3
:10F47000A7FE00F0ABFD04460CB12046F5E73A4884
:10F48000006B0590384890F839008DF81C0036481C
:10F4900090F808018DF81E0003A801F079F83248B1
:10F4A000D0F8100100903048D0F80C3101A8DDE907
:10F4B000031201F0A3F8DDE90101CDE908012A48B2
:10F4C000C06A069000208DF8280001208DF81D00EC
:10F4D00026480088ADF82A00234890F8180128B97A
:10F4E00001208DF8280000208DF81D001E483030C6
:10F4F0001D49009091F840001D4BA3F1730205A92E
:10F50000FEF7A6FD04460CB30B2C1DD1012D1BD11B
:10F510001648D0F88804A8B11448D0F8400340F049
:10F5200020001249C1F8400300BF0846D0F88814F3
:10F5300000F55A7002F066FE00BF00BF0D4802F0F1
:10F540007DFE00BF002090E720468EE7F1F740FFE8
:10F5500002F0F6FF04460CB1204686E7034991F815
:10F56000150400F087FB80E77C0B0020700600206C
:10F57000F80A0020D80900202DE9F043BFB0054665
:10F580000C4691461E4605B11EB902203FB0BDE8AB
:10F59000F083E11704EB11710911A4EB011109B11A
:10F5A0000520F3E7F022002102A803F075FF01A96E
:10F5B0004846F2F795FB0746CFB902AA10210198F9
:10F5C000401C03F0A1FE4FF000080DE006EB08011F
:10F5D00005EB080002AA03F069FE08F1100000F034
:10F5E000FF08A4F1100084B2002CEFD100BF384610
:10F5F000CCE72DE9F84305460E4617461C46DDF8D4
:10F6000020807F2C02DB0320BDE8F88323463A46A6
:10F6100031462846CDF80080F1F768FEF4E72DE981
:10F62000FF4107460D4616461FB9022004B0BDE84B
:10F63000F08106247F2E03D1042D01D00320F5E7AD
:10F64000002000900190029003906B462A46102102
:10F650003846FFF791FF04460CB12046E6E76946BD
:10F66000304600F0ABF904460CB12046DEE700203E
:10F67000DCE700000148006870470000F40000204B
:10F680000148006808307047F400002010B50246B9
:10F690000B46002112E001EB01140A48006810300B
:10F6A000005D904208D101EB01140648006810305B
:10F6B00020441860002010BD481CC1B20A29EAD3BA
:10F6C0000320F8E7F400002070B504460D460CB99D
:10F6D000022070BD04480460C0220449006803F0A1
:10F6E000C1FE0020F5E70000F4000020203C0108E6
:10F6F00000B589B000BF3BA300221146022002F0F2
:10F70000A7FA00BF0020FAF75FFD0120FAF75CFDC1
:10F7100000BF3AA300221146022002F099FA00BF6E
:10F720000320FAF751FD0220FAF74EFD00BF39A37E
:10F7300000221146022002F08BFA00BF00BF3B48B6
:10F740000068C079394909688979384A126852795C
:10F75000364B1B681B79CDE90432CDE906103348DE
:10F760000068C178314800688078304A1268527861
:10F770002E4B1B681B78CDE90032CDE902012CA38A
:10F7800000221146022002F063FA00BF00BF2748A2
:10F790000068C17B25480068807B244A1268527B40
:10F7A000224B1B681B7BCDE90432CDE906011F48C3
:10F7B0000068C07A1D4909688A7A1C490968497A33
:10F7C0001A4B1B681B7ACDE90031CDE9022028A332
:10F7D00000221146022002F03BFA00BF002009B0CF
:10F7E00000BD0000232323232323204F5441412025
:10F7F0002323232323230D0A000000002323232394
:10F8000023232041425020202323232323230D0A96
:10F8100000000000232323232323204944732020B6
:10F820002323232323230D0A00000000F4000020DB
:10F83000232323232323204465764575693A20201A
:10F8400020202020253032583A253032583A2530B1
:10F8500032583A253032583A253032583A2530322B
:10F86000583A253032583A253032580D0A000000F7
:10F87000232323232323204170704575693A2020D8
:10F8800020202020253032583A253032583A253071
:10F8900032583A253032583A253032583A253032EB
:10F8A000583A253032583A253032580D0A000000B7
:10F8B00010B50420FAF788FC7F20FAF785FC0220B7
:10F8C000FAF782FC0320FAF77FFC002010BD2DE937
:10F8D000F05F82468B461E46DDE90B580A9C1EB13E
:10F8E00015B1B8F1000F02D10220BDE8F09F212C24
:10F8F00001DD0520F9E74FF001092246314628468F
:10F9000003F0B0FD601E81B26B1C4A46701CFFF70D
:10F9100033FE08B10720E8E7E87AC00988F800005C
:10F920000027201F2F5CE01E285C47EA0027A01E4E
:10F93000285C47EA0047601E285C47EA006798F8A1
:10F94000000048B9201F81B201233A46284600F042
:10F9500079F818B10120C8E70420C6E70020C4E701
:10F9600010B504460CB9022010BD03494869804710
:10F9700020600020F8E70000D842010810B50446D6
:10F980000CB9022010BD082221460348006803F08C
:10F9900069FD0020F6E70000F400002010B50446E1
:10F9A0000CB9022010BD0822214603480068083027
:10F9B00003F058FD0020F5E7F40000202DE9FF4199
:10F9C00005460E461EB9022004B0BDE8F0810024B1
:10F9D00032E004EB04111A4800681030405CA84281
:10F9E00028D1802D19D10627002000900190029087
:10F9F00003906B467F2210213046FFF7BDFD07467E
:10FA000004EB04120E49096810311144481C1022FD
:10FA1000694603F027FD3846D6E704EB041208498F
:10FA2000096810311144481C1022314603F01AFDB8
:10FA30000020C9E7601CC4B20A2CCAD30320C3E764
:10FA4000F40000202DE9FC4104460D461646984678
:10FA500014B90220BDE8FC8106270020019001A80E
:10FA600043462A46214600900020F1F73FFC074616
:10FA70000FB13846EEE70198864200D0012738469C
:10FA8000E8E70000F8B504460D4613260020009074
:10FA9000204890F8040130B1032835D004280FD055
:10FAA000052830D131E01C48F7F782FB06460EB13D
:10FAB0001120F8BD174890F80C011649088026E07F
:10FAC0006846F7F7BFFA08B11220F2E7114890F83C
:10FAD0001004012804DA0F4890F81204012802DD0E
:10FAE0000098401E00900C4B2A4621460098F7F7DC
:10FAF0008FFB06460EB11120DBE7064890F80C019B
:10FB00000449088003E000BF00BF0320D1E700BF25
:10FB10000020CEE770060020780700202DE9F04F86
:10FB200089B080460D4616461F46DDF848900324EE
:10FB30004E4890F939A090F938B0806A07904B4848
:10FB400090F8180118B9072009B0BDE8F08F4748B0
:10FB500090F8070110B90021444801630020089083
:10FB60009DF8200020F00F000890404890F8061102
:10FB70009DF8200061F3C71008903C4890F80401FC
:10FB8000012806D19DF8200020F0100010300890C8
:10FB900004E09DF8200020F010000890334890F811
:10FBA0003A00012805D19DF8200020F020002030E7
:10FBB00008902E48D0F81401029001208DF80C0016
:10FBC0009DF82000C0098DF80D002848806A049037
:10FBD0002748B0F8F403ADF814002548B0F8F60350
:10FBE000ADF81600214890F839008DF818001F482C
:10FBF00090F838008DF819001C4890F874008DF8C2
:10FC00001A001A4890F840008DF81B0007AB174AFD
:10FC10003832511C02A8F6F70DFF9DF8201060F352
:10FC20008611089133462A4608A940460097FAF7FC
:10FC3000D1F904460CB10A2C03D14846FFF70CFC5D
:10FC400004462CB1094880F839A080F838B00BE0A0
:10FC50000021064880F83A10044907988862F6F7B0
:10FC6000F9FF08B113206FE720466DE77C0B0020F9
:10FC70007006002070B586B0044603250020019070
:10FC80008DF80840384890F839008DF8090036485A
:10FC900090F838008DF80A003348806F039032489E
:10FCA000C06F049031480088ADF814002E4991F8D7
:10FCB00040002F4B01AA02A9FEF70FFA01212B48A1
:10FCC00080F83914284890F83910284880F83A14F8
:10FCD0009DF9041080F83B14C0F84844D0F818147B
:10FCE000C0F84014D0F81814C0F85014F6F7FAFE13
:10FCF00050B11E49D1F81804F6F7FAFE064616B1BF
:10FD0000102006B070BD00BF174890F8040101280C
:10FD100001D1F6F702FFF6F7DFFE144A92F8151448
:10FD2000114A92F83900FFF7ADFE05460DB128469D
:10FD3000E7E70E48D0F8400340F002000B49C1F855
:10FD40004003084690F8140428B9084690F81004B7
:10FD5000401C81F81004054801780648826A03486F
:10FD6000801C90470020CCE77C0B00207006002010
:10FD7000880A0020D8420108F8B504460025002072
:10FD800000900126FF2C29D100F0E4FA0020184948
:10FD900081F80401881CC1F80801FF21801E80F849
:10FDA0000C119DF8000020F0E00000909DF800107C
:10FDB0000F4880F80D11FFF763FC0746082239460B
:10FDC0000C4803F04FFBFFF755FC07460822394665
:10FDD0000848083003F046FB002601E0022500BF7A
:10FDE00000BF3046FFF738FB05462846F8BD000047
:10FDF000700600207E0700202DE9F04F87B04FF0FD
:10FE0000FF39F1F7A9FE0690FCF778FF0746F0F7F7
:10FE100024FC8346002564200590002004900024E3
:10FE20000390029001904AA0069902F0DDFB58462B
:10FE3000F0F700FC07463A460B4648A002F0D4FB18
:10FE400002204E4908704E495846F0F747FA0746D7
:10FE5000F0F7B8FB0FFA80FA049800EBC00101EB51
:10FE600000104FF6FF7101EA8006CAF307224348EB
:10FE700043682046641C1A54404843682046641C6A
:10FE800003F800A0320A3D4843682046641C1A5417
:10FE90003A4842682046641C1654384905984B6815
:10FEA0002146641C58540022344843682046641C90
:10FEB0001A54324844703348407A58B1F6F778F90A
:10FEC000012807D12F4802F009FA002210212E48FC
:10FED000F3F732F92D48C17800222848F6F7E4FA02
:10FEE0008146B9F1000F07D100BF29A301220021EB
:10FEF000104601F0ADFE13E019F1060F10D1F6F730
:10FF00006FF8054665B100BF4FF47A70B5FBF0F7A6
:10FF100023A3012200211046009701F099FE00BFA3
:10FF20002748007888B9274802F0D8F926480068A1
:10FF3000854201D9284601E023480068014621484E
:10FF400002F060F91F4802F079F907B0BDE8F08FC0
:10FF50005644442069732025640D0A004453313807
:10FF60004232302074656D706572617475726520FF
:10FF7000697320252E32660D0A0000009C000020C7
:10FF80000000C84204060020000400488000002051
:10FF900053454E4420524551554553540D0A0000D7
:10FFA0004E65787420547820696E20203A207E2592
:10FFB00064207365636F6E642873290D0A00000066
:10FFC00094000020B00400209800002010B51648CE
:10FFD00090F8040130B103281FD004280FD0052861
:10FFE0001AD11BE01148F8F78CFD04460CB1112022
:10FFF00010BD0D4890F80C010B49088010E00B482B
:020000040801F1
:10000000F8F7E6FC04460CB11120F1E7064890F839
:100010000C010549088003E000BF00BF0320E7E7AB
:1000200000BF0020E4E700007006002078070020F1
:100030002DE9FF4788B004460F46DDE9148A26887B
:10004000314DDDE90A0100F0FFFA814600200690FB
:10005000079039462046DDE90A23F1F7AFFD064651
:10006000002F45D1642E03D100BFC4F8089007E0EB
:10007000B6F57A7F03D1254DC4F8089000E0244DF1
:1000800004A8A16800F02CFA0598009002A8049B2F
:10009000DDE90A1200F0B2FADDE90201CDE906015C
:1000A000B8F1000F02D1BAF1000F06D02069A842C2
:1000B00003D11849069888421ED3E56016490A986C
:1000C000884219D30A98401A1249B0FBF1F0069001
:1000D0000698484306901049069808440690002068
:1000E000ADF81C00DDE9060100F0AEFAA06003E007
:1000F000B8F1000F00D1E560606800B9E5602561E6
:1001000030460CB0BDE8F08740771B0080A8120194
:10011000002E93028051010030EC01001FB504460F
:10012000134890F815048DF80000124890F8390033
:100130008DF801000F4890F838008DF802000D4846
:10014000806F01900B48C06F0290ADF80C400949D8
:1001500091F840006946FDF7B4FF0548D0F8400328
:1001600040F002000249C1F84003002004B010BD75
:10017000700600207C0B002070B504460D46164624
:100180000748224671B2C36B284698470548D0F805
:10019000400340F002000349C1F84003002070BD55
:1001A000D84201087006002010B5012220211E4807
:1001B000F2F7C2FF012208211B48F2F7BDFF01221E
:1001C00010211948F2F7B8FF184802F087F8F6F73F
:1001D00018FA38B100BF16A300221146022001F020
:1001E00037FD1DE000BF1AA300221146022001F0D6
:1001F0002FFD00BF01201B49087000BF1AA3002279
:100200001146022001F024FD00BF1F48F5F794FDC0
:10021000012114480078F5F765FF044802F00EF854
:100220001A4802F00BF810BD00040048B00400208A
:100230004C6D48616E646C65722053746F70206FF2
:100240006E20676F696E67202E2E2E0D0A0000004B
:100250004C6D48616E646C65722053746F7070658C
:10026000640D0A00300000204C6D48616E646C65BE
:10027000722073776974636820746F204142502044
:100280006D6F64650D0A000080000020C804002026
:10029000144890F88504C0F3400040B1114890F82C
:1002A000830470B10F4890F88304012809D00E48E8
:1002B00090F80601012804D10B48806A401C0A49C5
:1002C00088620020074981F8100481F8140481F83D
:1002D00013040846D0F8400320F00200C1F84003A0
:1002E00001207047700600207C0B002010B54FF0F5
:1002F000FF34F5F771FF044604F1080038B900BF78
:1003000008A300221146022001F0A2FC09E0601CB3
:1003100038B900BF09A300221146022001F098FC61
:1003200000BF10BD4E564D20444154412055502031
:10033000544F20444154450D0A0000004E564D20B4
:10034000444154412053544F5245204641494C4565
:10035000440D0A0070B504460325494890F804018D
:1003600020B1012876D0022872D17CE034B944490A
:1003700044314348826E406EC1E90A02012C07D124
:100380002046F6F7CBFB054615B93D4880F80441F9
:10039000022C5DD13A4880F804411422394901F118
:1003A0001400EFF718FF0221374880F8F3130020FC
:1003B00041E000EB400101EBC0023149D83101EBD3
:1003C00082018978012934D100EB400101EBC002A0
:1003D0002B49D83101EB82018A692949CA6600EBB1
:1003E000400101EBC0022649D83101EB82010A7FAE
:1003F000234981F87020244991F81514224A82F883
:10040000E0131F49CA6E2049C1F8E4231C4991F842
:1004100075201D4981F8F023194991F880201A4967
:1004200081F8F123032281F8F323012281F8F223DA
:1004300003E0411C48B20128BBDB00BF0020124989
:1004400081F814041149C86A8047F9F7DBFC0025DC
:1004500012E0FFE72046F6F761FB054615B90848AC
:1004600080F8044108E034B9054880F804410749A0
:10047000C86A8047002500BF00BF284670BD000045
:100480007C0B00203C0A002070060020D8420108A6
:1004900070470FB40CB5002100910191069A0499A0
:1004A00011440091BDF81410BDF81C20114409B28C
:1004B000ADF80410BDF90410B1F57A7F09DB00999D
:1004C000491C0091BDF80410A1F57A7109B2ADF88C
:1004D0000410DDE90012C0E9001202B05DF814FB5F
:1004E00070B586B006460C464FF47A70B4FBF0F552
:1004F000049505EB4500C0EBC510A4EBC00000B2AD
:10050000ADF814000020029003900A49C8688047A3
:1005100000B2ADF80C000749486880470290039884
:1005200000903046029BDDE90412FFF7B2FF06B0EF
:1005300070BD0000343D010810B58AB004460020AB
:1005400008900990069007901048016909A888470B
:1005500008900E49C868804700B2ADF814000B49F6
:100560004868804704900998009002A8089BDDE93C
:100570000412FFF78EFFDDE90201CDE90601DDE996
:100580000601C4E900010AB010BD0000343D0108B5
:100590001CB504460020009001900548016901A89F
:1005A00088470090DDE90001C4E900011CBD00009E
:1005B000343D010803B587B00020039004900E4835
:1005C000016904A8884703900498009001A8039B40
:1005D000DDE9071200F012F8DDE90101CDE90501BE
:1005E000054A059811688847BDF91800024A9168C4
:1005F000884709B000BD0000343D01080FB40CB5B8
:10060000002100910191069A0499891A0091BDF880
:100610001410BDF81C20891A09B2ADF80410BDF9F8
:100620000410002909DA0099491E0091BDF8041050
:1006300001F57A7109B2ADF80410DDE90012C0E9E4
:10064000001202B05DF814FB03B585B00E49C8680E
:10065000804700B2ADF810000B494868804703900E
:1006600004980090039BDDE9051201A8FFF7C6FF7F
:10067000BDF90800019901EB4102C2EBC11100EB89
:10068000C10007B000BD0000343D010810B50020D6
:100690004FF0B041896821F4004101434FF0B0426E
:1006A000916000BF01F0A2FD01200E490870F0F733
:1006B0001DFF01F03BFB0C4801F06AFB00BF4FF44B
:1006C00000400A49086100BF022001F067FBFEF705
:1006D000BBFEF0F7F8FF01F091FB0121084601F0A5
:1006E00097FB10BD000000209D0D01080040005840
:1006F00000B599B0482107A8EFF786FD182101A899
:10070000EFF782FDF2F73AFE00201E49096821F05A
:10071000180101434FF0B042C2F8901000BF00BF73
:100720001948006820F4C06040F400701649086061
:100730000846006800F4C060009000BF00BF24209D
:10074000079081200A9001200F9000201090B02087
:1007500011900020129007A8F3F740F908B1F0F7C4
:10076000D7FF4F2001900020029003900490059045
:100770000690022101A8F2F74FFF08B1F0F7C8FF79
:1007800019B000BD900000580004005870470000E8
:1007900010B50248F3F792FC10BD0000A002002043
:1007A00010B502210248F3F73DFC0446204610BD77
:1007B000A002002010B5002400210348F3F732FC0A
:1007C0000446204610BD0000A002002010B5002401
:1007D00001210348F3F726FC0446204610BD000023
:1007E000A002002010B50446224602210148F3F77A
:1007F00021FC10BDA002002010B5044622460021B5
:100800000148F3F717FC10BDA002002010B5044604
:10081000224601210148F3F70DFC10BDA002002083
:1008200010B5014600204FF47A72A1FB0232140683
:1008300044EA132010BD2DE9F041044600250020B4
:10084000000240EA146126024FF47A720023304617
:10085000EFF790FC05462846BDE8F08170B50446E8
:100860002046FFF7E8FF0546F1F7E4FA064600E008
:1008700000BFF1F7DFFA801BA842F9D370BD00205A
:10088000032070472DE9F04780464FF00009F1F74B
:10089000D1FA0746FFF784FF04460021CD1944EB47
:1008A0000106280A40EA0669EDB22846FFF7B8FFBC
:1008B000A8F800004846BDE8F0870000014800683D
:1008C000704700000800002010B50024F1F7B2FACC
:1008D00002490968441A204610BD000008000020A3
:1008E00010B5002404480078012802D1F1F7A2FADB
:1008F0000446204610BD00000400002010B500246E
:100900000F480078C8B9601E0E490863F8F77AFBF3
:1009100000F04CF84FF480710A48F3F743FC601E76
:10092000084908630846F3F78FFB0020FFF75AFFDA
:1009300000F00AF8012002490870204610BD0000AE
:1009400004000020A002002010B5F1F773FA02495C
:1009500008600846006810BD0800002030B58BB064
:10096000044600252C216846EFF74EFC00F01EF8E7
:100970000C480068044400200790C4F1FF30019047
:10098000002005904FF00050069040150A9001227B
:1009900069460548F3F70AFD08B1F0F7B9FE2846A5
:1009A0000BB030BD08000020A002002010B50024CC
:1009B00001200549086001020448F3F7F3FB601EBB
:1009C00002490863204610BD5C280040A0020020B8
:1009D00010B50268184B984202D0B0F1804F03D195
:1009E00022F070024B681A43134B984208D0B0F1C2
:1009F000804F05D0114B984202D0114B984203D141
:100A000022F44072CB681A4322F080034C6943EA17
:100A1000040202608B68C3620B688362064B9842D3
:100A200005D0064B984202D0054B984201D10B6984
:100A300003630123436110BD002C014000440140C9
:100A4000004801402DE9F04104460E464FF0FF37C3
:100A500001F0F9FD804672B62848408A2749098A84
:100A6000884215D12548408AC0F5806085B2AC42E5
:100A700030DB2248008AA0422CDD01201F4988700B
:100A80000846408A08800846058A0020488221E0FE
:100A90001A48408A1949098A884215DD1748408A50
:100AA000C0F5806085B2AC4214DB1448008AA042D5
:100AB00010DD0120114988700846408A08800846E8
:100AC000058A0020488205E00C48008A0B49498AC3
:100AD000401A85B2A5420ADD0848408A308007489E
:100AE000408A2044C0F30900044948820027404658
:100AF00001F0C4FD3846BDE8F0810000E01D002093
:100B00000348C08A08B1012070470020FCE70000BC
:100B1000E01D002010B501F096FD044672B60448B1
:100B2000C08A401C0249C882204601F0A7FD10BDC2
:100B3000E01D002070B50024002501F084FD06466C
:100B400072B6FFF7DDFF00284AD1FFF7E3FF274821
:100B5000008A2649498A88423CD024488078012866
:100B600010D1224800882149098A401A1F498882E9
:100B700002208870002008800846808A10B9002072
:100B8000887008821948807898B91848408A1749AF
:100B9000098A884207DD1548408A1449098A401AA3
:100BA0001249888205E01148008AC0F580600F492B
:100BB00088820E48008A0E494518304601F05EFDD5
:100BC00001F0E0F80948818A0A48C268284690473F
:100BD000044608E000F07CF8304601F04FFD02E0EA
:100BE000304601F04BFD204670BD0000E01D0020A6
:100BF000F81D0020503D010870B50646002401F0A4
:100C000022FD054672B62F488078022804D10020C4
:100C10002C498870088208E02A48008A2949898A74
:100C20000844C0F30900274908822648008A25495C
:100C3000498A88423DD02348C08A012839D12148B9
:100C40008078012810D11F4800881E49098A401A5F
:100C50001C49888202208870002008800846808A0B
:100C600010B90020887008821648807898B9154815
:100C7000408A1449098A884207DD1248408A11498E
:100C8000098A401A0F49888205E00E48008AC0F59B
:100C900080600C4988820B48008A0B49441828461A
:100CA00001F0ECFC0748818A0848C268204690475A
:100CB00006E0284601F0E2FC01F05EF800F008F8DA
:100CC00070BD0000E01D0020F81D0020503D01080F
:100CD00010B501F0B8FC044672B60448C08A401E44
:100CE0000249C882204601F0C9FC10BDE01D002069
:100CF00002460648016804E0914201D10120704794
:100D000049690029F8D10020F9E7000028020020F5
:100D100070B50446054805680DB10020287265616C
:100D200002480460006800F01DF870BD2802002031
:100D300010B50B4B19681B685A6909E00368146801
:100D4000A34202D91146526902E04861426110BDD6
:100D50004B69002BF2D14861436100BFF7E7000007
:100D60002802002070B504460B49086A80470546F2
:100D700001202072084988698047284421688842F8
:100D800004D905498869804728442060024A2068C0
:100D90009168884770BD0000083D01083EB50546D2
:100DA0000C4601A8FFF7C8FBBDF90800009005A29A
:100DB00010212846019B02F075FD2846EFF72FFA17
:100DC00020803EBD256473253033643A0000000066
:100DD00070B5456E2DB90125A0F86A50A0F868508D
:100DE0001CE0082308240568AD68C5F34261056866
:100DF000AD686A0F0A4DAD5C15FB04F5094EB65C93
:100E000095FBF6F5A0F86A50054D6D5C15FB03F5F2
:100E1000044E765C95FBF6F5A0F8685070BD0000B6
:100E2000AB3D0108B33D010807B50168496821F0F1
:100E30001001BDF808201143026851609DF80A2096
:100E40000168496862F31F61026851600EBD90F845
:100E5000281001F0010139B10168496821F400311D
:100E6000C26A11430268516090F8281001F0020133
:100E7000022907D10168496821F48031026B1143CE
:100E80000268516090F8281001F00401042907D18C
:100E90000168496821F48021426B11430268516066
:100EA00090F8281001F00801082907D10168496865
:100EB00021F40041826B11430268516090F82810C0
:100EC00001F01001102907D10168896821F48051CF
:100ED000C26B11430268916090F8281001F0200164
:100EE000202907D10168896821F40051026C11435F
:100EF0000268916090F8281001F04001402913D158
:100F00000168496821F48011426C11430268516004
:100F1000416CB1F5801F07D10168496821F4C00117
:100F2000826C11430268516090F8281001F0800132
:100F3000802907D10168496821F40021C26C11435E
:100F400002685160704738B504460020C4F88C0030
:100F5000F2F7F8F805462068006800F00800082855
:100F60000CD16FF07E402B4600224FF40011009010
:100F7000204600F0E5FD08B1032038BD2068006878
:100F800000F0040004280CD16FF07E402B460022B4
:100F90004FF480010090204600F0D2FD08B10320FC
:100FA000EBE72020C4F88400C4F888000020E06645
:100FB00000BF84F8800000BF00BFDEE770B50546C3
:100FC000AC6A0020A4F85E00A4F856002046F3F7AF
:100FD000A1FF70BD2DE9F0410546AC6AD4F88460EC
:100FE000D4F888702068806800F08000802807D1DD
:100FF000212E05D10020A4F85600204600F09AF8D2
:101000002068806800F04000402807D1222F05D1D9
:101010000020A4F85E00204600F03EF8D4F88C00D2
:1010200040F01000C4F88C002046F3F773FFBDE8D1
:10103000F08170B50546AC6A2868006800F02000B1
:10104000F0B90020A4F8560000BF00BF21680831A5
:1010500051E8001F21F080002168083141E80002BA
:10106000002AF3D100BF00BF00BF216851E8001F74
:1010700041F04000226842E800010029F5D102E079
:101080002046F4F747FB70BD70B50446A56A2846B4
:10109000F4F750FB70BD000000BF00BF026852E8CB
:1010A000002F22F49071036843E80012002AF5D162
:1010B00000BF00BF00BF0268083252E8002F104B8B
:1010C00002EA03010268083242E80013002BF2D161
:1010D00000BFC16E01290CD100BF00BF026852E8F9
:1010E000002F22F01001036843E80012002AF5D116
:1010F00000BF2021C0F888100021C1660167704739
:10110000FEFFFFEF10B5044600BF00BF216851E8A5
:10111000001F21F04000226842E800010029F5D1BB
:1011200000BF2020C4F88400002060672046F4F748
:10113000F1FA10BD00BF00BF026852E8002F22F094
:10114000C001036843E80012002AF5D100BF00BFC8
:1011500000BF0268083252E8002F22F40001026842
:10116000083242E80013002BF3D100BF2021C0F861
:10117000841070472DE9F0410446B4F86070D4F84B
:101180008800222857D12068406A86B2A56D06EAF9
:1011900007002880A06D801CA065B4F85E00401E8A
:1011A000A4F85E00B4F85E0000284AD100BF00BF7A
:1011B000216851E8001F21F49070226842E8000184
:1011C0000029F5D100BF00BF00BF2168083151E8F8
:1011D000001F21F001002168083141E80002002AC7
:1011E000F3D100BF2020C4F8880000202067E06E03
:1011F00001281CD10020E06600BF00BF216851E833
:10120000001F21F01000226842E800010029F5D1FA
:1012100000BF2068C069C0F3001010B11020216821
:101220000862B4F85C102046F3F7CAFD09E02046D6
:10123000F4F780F905E02068806940F00800216833
:101240008861BDE8F08100002DE9F84F0446B4F84C
:1012500060B02068C5692068006800902068D0F8F8
:1012600008A0D4F8880022287ED1B4F8689096E0CF
:101270002068406A1FFA80F8A76D08EA0B003880E2
:10128000A06D801CA065B4F85E00401EA4F85E004E
:101290002068C56905F00700B0B305F0010060B132
:1012A000009800F4807040B1012021680862D4F8F1
:1012B0008C0040F00100C4F88C0005F0020058B129
:1012C0000AF0010040B1022021680862D4F88C00C5
:1012D00040F00400C4F88C0005F0040058B10AF096
:1012E000010040B1042021680862D4F88C0040F06D
:1012F0000200C4F88C00D4F88C0028B12046F3F723
:1013000009FE0020C4F88C00B4F85E0068BB00BF82
:1013100000BF216851E8001F21F48070226842E874
:1013200000010029F5D100BF00BF00BF21680831CE
:1013300051E8001F344A01EA02002168083141E8FF
:101340000002002AF2D100BF2020C4F8880000204B
:101350002067E06E01281FD10020E06600BF00BFBB
:10136000216851E8001F01E046E018E021F010007C
:10137000226842E800010029F2D100BF2068C0695C
:10138000C0F3001010B1102021680862B4F85C109E
:101390002046F3F715FD02E02046F4F7CBF8B9F14B
:1013A000000F04D005F0200000287FF461AFB4F8EE
:1013B0005E6006B3B4F86800B04223DD00BF00BF32
:1013C0002168083151E8001F21F080502168083160
:1013D00041E80002002AF3D100BF0C48206700BF9B
:1013E00000BF216851E8001F41F02000226842E858
:1013F00000010029F5D105E02068806940F008006F
:1014000021688861BDE8F88FFEFFFFEF75110108C4
:1014100070B50446B4F86060D4F88800222857D12B
:101420002068406A85B2F0B22840A16D0870A06DB6
:10143000401CA065B4F85E00401EA4F85E00B4F83D
:101440005E0000284AD100BF00BF216851E8001F9C
:1014500021F49070226842E800010029F5D100BF14
:1014600000BF00BF2168083151E8001F21F00100D2
:101470002168083141E80002002AF3D100BF202092
:10148000C4F8880000202067E06E01281CD10020ED
:10149000E06600BF00BF216851E8001F21F0100086
:1014A000226842E800010029F5D100BF2068C06928
:1014B000C0F3001010B1102021680862B4F85C106D
:1014C0002046F3F77DFC09E02046F4F733F805E009
:1014D0002068806940F008002168886170BD0000C4
:1014E0002DE9F05F0446B4F860A02068C569206863
:1014F000D0F800B02068D0F80890D4F888002228EE
:101500007DD1B4F8688095E02068406A87B20AF01F
:10151000FF003840A16D0870A06D401CA065B4F8B4
:101520005E00401EA4F85E002068C56905F0070053
:10153000A8B305F0010058B10BF4807040B1012050
:1015400021680862D4F88C0040F00100C4F88C00D7
:1015500005F0020058B109F0010040B102202168F5
:101560000862D4F88C0040F00400C4F88C0005F048
:10157000040058B109F0010040B10420216808625C
:10158000D4F88C0040F00200C4F88C00D4F88C0031
:1015900028B12046F3F7BEFC0020C4F88C00B4F854
:1015A0005E0068BB00BF00BF216851E8001F21F446
:1015B0008070226842E800010029F5D100BF00BF19
:1015C00000BF2168083151E8001F354A01EA0200D6
:1015D0002168083141E80002002AF2D100BF202032
:1015E000C4F8880000202067E06E01281FD1002089
:1015F000E06600BF00BF216851E8001F01E046E03F
:1016000018E021F01000226842E800010029F2D120
:1016100000BF2068C069C0F3001010B1102021681D
:101620000862B4F85C102046F3F7CAFB02E02046DB
:10163000F3F780FFB8F1000F04D005F02000002878
:101640007FF462AFB4F85E6006B3B4F86800B042ED
:1016500023DD00BF00BF2168083151E8001F21F0E1
:1016600080502168083141E80002002AF3D100BF10
:101670000C48206700BF00BF216851E8001F41F0FF
:101680002000226842E800010029F5D105E0206829
:10169000806940F0080021688861BDE8F09F000083
:1016A000FEFFFFEF111401082DE9FE4F0446002054
:1016B0000290BF492068884200D100E000BF216944
:1016C000A068084361690843E16940EA01082068AD
:1016D0000068B849084040EA0800216808602068AE
:1016E000406820F44050E168084321684860D4F81D
:1016F0001880AF492068884202D0206A40EA080872
:1017000020688068AC49084040EA08002168886089
:101710002068C06A20F00F00616A08432168C8622F
:1017200000BFA6492068884219D10320F4F7E8F9E0
:10173000B0F5403F08D06FF44031084440B1012873
:1017400004D0022808D105E0012607E0022605E0C2
:10175000042603E0082601E0102600BF3DE098497A
:101760002068884219D10C20F4F7CAF9B0F5402F4F
:1017700008D0A0F54020001F40B1042804D008285C
:1017800008D105E0002607E0022605E0042603E074
:10179000082601E0102600BF1FE085492068884226
:1017A0001AD14FF4406087490968014049B1B1F549
:1017B000806F0AD0B1F5006F05D0B1F5406F08D148
:1017C00005E0002607E0022605E0042603E00826DF
:1017D00001E0102600BF00E0102600BF7449206819
:1017E00088425FD136B1022E08D0042E08D0082ED0
:1017F0000DD109E0F2F742F805460CE0724D0AE01F
:10180000F2F75CF8054606E04FF4004503E00025DA
:101810000120029000BF00BF002D10D06B49606A0C
:1018200031F81000B5FBF0F9606800EB4000484566
:1018300003D860680003484502D201200290ACE062
:101840006249606A31F810C0624600232846194692
:10185000EEF790FC4FF4807C00230246A2FB0C0BB9
:1018600001FB0CB102FB03136168490884461CEBC1
:10187000010143F10000CDE90010D4F804C0624634
:10188000002308460199EEF775FC0746B7F5407F3F
:1018900005D3B7F5801F02D22068C7607DE0012024
:1018A00002907AE0E069B0F5004F40D1092E17D2DE
:1018B000DFE806F005090D160F1616161300F1F7EE
:1018C000DDFF054610E0F1F7E9FF05460CE03E4D6F
:1018D0000AE0F1F7F3FF054606E04FF4004503E0A8
:1018E00000250120029000BF00BFFDB13749606AAA
:1018F00031F81000B5FBF0F04000616800EB5100DA
:10190000B0FBF1F087B2102F0ED3B7F5803F0BD2AA
:101910004FF6F07007EA000AC7F342004AEA000AED
:101920002068C0F80CA038E00120029035E0092EB4
:1019300017D2DFE806F005090D160F16161613006C
:10194000F1F79CFF054610E0F1F7A8FF05460CE013
:101950001D4D0AE0F1F7B2FF054606E04FF40045E1
:1019600003E000250120029000BF00BFADB1174980
:10197000606A31F81000B5FBF0F0616800EB5100CF
:10198000B0FBF1F087B2102F05D3B7F5803F02D23C
:101990002068C76001E0012002900120A4F86A00DD
:1019A000A4F868000020206760670298BDE8FE8FF9
:1019B00000800040F369FFCFFFF4FF1100380140C1
:1019C00000440040880000580024F4008C3D0108C9
:1019D00030B503469965A3F85C20A3F85E2000208B
:1019E000186700BF9868B0F5805F0AD1186920B900
:1019F00040F2FF10A3F8600020E0FF20A3F8600091
:101A00001CE0986848B9186918B9FF20A3F860006D
:101A100014E07F20A3F8600010E09868B0F1805FC8
:101A200009D1186918B97F20A3F8600006E03F20AB
:101A3000A3F8600002E00020A3F8600000BF0020CF
:101A4000C3F88C002220C3F8880000BF00BF1C68C8
:101A5000083454E8004F44F001001C68083444E89E
:101A60000005002DF3D100BF586EB0F1005F31D1F9
:101A7000B3F8680090422DDC9868B0F5805F04D11F
:101A8000186910B92A48186701E02A48186700BF8A
:101A9000002083F8800000BF186960B100BF00BF5C
:101AA0001C6854E8004F44F480701D6845E8000449
:101AB000002CF5D100BF00BF00BF1C68083454E8FB
:101AC000004F44F080501C68083444E80005002DA5
:101AD000F3D12BE09868B0F5805F04D1186910B994
:101AE0001548186701E01548186700BF002083F803
:101AF000800000BF186960B100BF00BF1C6854E8D7
:101B0000004F44F490701D6845E80004002CF5D1A6
:101B10000CE000BF00BF1C6854E8004F44F02000F8
:101B20001D6845E80004002CF5D100BF002030BD41
:101B300049120108E1140108751101081114010886
:101B40002DE9F04104460D4617469846069E6AE088
:101B5000701C002867D0F1F7F5FAA0EB0800B0423E
:101B600000D846BB00BF00BF216851E8001F21F428
:101B7000D070226842E800010029F5D100BF00BF03
:101B800000BF2168083151E8001F21F001002168E1
:101B9000083141E80002002AF3D100BF2020C4F838
:101BA0008400C4F8880000BF002084F8800000BFD3
:101BB0000320BDE8F0812068006800F0040088B3CD
:101BC0002068C069C0F3C02060B34FF40060216892
:101BD000086200BF00BF216851E8001F21F4D070E7
:101BE000226842E800010029F5D100BF00BF00BF14
:101BF0002168083151E8001F21F0010021680831F7
:101C000041E80002002AF3D100BF202044F8840FED
:101C10006060A060843C00BF002084F8800000BFAA
:101C20000320C6E7FFE72068C0692840A84201D129
:101C3000012000E00020B8428AD00020B9E700006F
:101C400010B50248F3F768F910BD0000C00300208A
:101C50000FB42DE9F04188B006460D461746002026
:101C6000029080462E48007AB04206D26FF00400FF
:101C700008B0BDE8F0015DF814FB2948C0682840B1
:101C8000A84202D06FF00500F2E72548406828B16D
:101C900027B1234802A9426803A8904712A80790D9
:101CA0004FF400711F48079B119A01F00DFE1FFAB7
:101CB00080F8FEF72FFFBDF80810414488B201A953
:101CC000FEF7C0FE401C18B300240CE003A8005D22
:101CD0001549BDF804208854BDF80400401C80B2AA
:101CE0000190601C84B2BDF808008442EEDB0E490E
:101CF000BDF8042088184FF40071079B119A01F079
:101D0000E3FD00200790FEF7E3FFFEF713FFAFE7C8
:101D100000200790FEF7DCFF6FF00200A8E700004C
:101D2000E01D0020F8210020F81D002010B5182229
:101D30000021074800F0B6F84FF480620021054802
:101D400000F0B0F8044801680448884710BD00005E
:101D5000E01D0020F81D0020503D0108F90B01088E
:101D60000448408A0349098A884201D1012070470A
:101D70000020FCE7E01D002010B50021022000F04B
:101D800065F810BD10B50121022000F05FF810BD0C
:101D90000149486070470000E01D002001490872B9
:101DA00070470000E01D002010B500F052FC044612
:101DB00072B60F48006830B10E49086880470D4977
:101DC000486880470FE00C48006830B109498868CE
:101DD00080470849C868804705E006490869804788
:101DE000044948698047204600F04EFC10BD0000C1
:101DF0002C020020E83C01083002002000200249AB
:101E000008600249086070472C0200203002002060
:101E100070B504460D4600F01CFC064672B63DB196
:101E2000012D0BD10848006820430749086006E0EF
:101E300005480068A0430449086000E000BF00BFF7
:101E4000304600F021FC70BD3002002070B5044621
:101E50000D4600F0FEFB064672B63DB1012D0BD1DA
:101E60000848006820430749086006E00548006804
:101E7000A0430449086000E000BF00BF304600F006
:101E800003FC70BD2C02002070B503460C4603E035
:101E900014F8015B03F8015B151EA2F10106B2B252
:101EA000F6D170BD30B5034601E003F8011B141EE6
:101EB000A2F10105AAB2F8D130BD10B5FFF774FF49
:101EC00010BD7047704700002DE9F04105460F46F0
:101ED000144600F0BBFB064672B62846FCF7C2FA71
:101EE000034941F82040304600F0CBFBBDE8F081CB
:101EF000F82300202DE9FC5F07465848D0F800B0D1
:101F000000683840554908605548D0F80080554869
:101F1000D0F800905448056854480068019069E082
:101F2000002400E0641C524850F8340028404B491B
:101F3000096808400028F5D04D4850F83400284082
:101F40004649096800EA0106494800EBC4004068B8
:101F5000304028B94FF0FF30454901EBC4014860DB
:101F6000434901EBC401496801EA0600FCF77AFA2B
:101F7000404908603E4800EBC40040680A780121EF
:101F8000914088433A4901EBC401486000F05EFB90
:101F9000824672B637480178012088403049096886
:101FA00081432F48016001240DE0601E304951F843
:101FB000300030490A78012191408843611E2C4A43
:101FC00042F83100641E002CEFD1504600F059FB5E
:101FD0002949284A126851F8220080472048D0F841
:101FE00000802048D0F800901F4805681F4800680E
:101FF000019000BF08EA050018490968084020B1AF
:10200000019809EA000000288AD04FF0FF301949F2
:102010000860FFF757FF00F019FB009072B61048F8
:10202000D0F800800F48D0F800900F48056808EA03
:1020300005000A490968084030B90C48006809EAF7
:10204000000008B9FFF739FF009800F01AFBFFF70E
:1020500038FF0248C0F800B0BDE8FC9F1002002025
:1020600008020020140200200C02002018020020A8
:10207000200200201C020020F823002070B5044636
:102080000D4600F0E3FA064672B6084800682043A1
:1020900006490860064850F835002043044941F8D5
:1020A0003500304600F0EDFA70BD00000802002057
:1020B000200200202DE9F04104460E4617461D4639
:1020C000DDF8188094B18DB1002020600848416A85
:1020D000304688476060002020726072A072E56020
:1020E000C4F81080E7726061BDE8F0810120FBE771
:1020F000083D010810B50449C869804704460248F4
:10210000816A2046884710BD083D010870B5044625
:102110000649C869804705460448416A2046884701
:102120000646A81B014A916A884770BD083D010810
:102130002DE9F04100BFEFF31080054672B6294942
:102140004869804707462749086980478046A8EBC9
:1021500007062548006870B12348046800BF20685E
:10216000B04203D92068801B206001E0002020607D
:102170006469002CF3D113E01B48046800684069CF
:1021800019490860002020726072D4E90310884762
:10219000E07A012804D1A07A10B9204600F04EF868
:1021A0001148006860B11048006800680028E3D05A
:1021B0000C49886980470C49096809688842DBD85E
:1021C0000948006838B108480068007A18B906481C
:1021D0000068FEF7C7FD00BF85F3108800BFBDE8AB
:1021E000F0810000083D01082802002010B5002001
:1021F0000249086002490868804710BD2802002093
:10220000083D010870B504460D4600260CB90126AC
:102210000FE00948416A2846884760602046FEF77B
:1022200067FD30B1204600F059F8204600F006F86E
:102230000646304670BD0000083D01082DE9F04714
:1022400004464FF00009002C3ED02046FEF750FD1A
:10225000002839D1607A002836D100BFEFF3108012
:10226000804672B667681B49086A80470546AF42D8
:1022700000D22F46276000202072012060720020CB
:10228000A0721548006830B9124908698047204695
:10229000FEF73EFD13E00F49886980470646216836
:1022A000881920600C49206809680968884203D2AF
:1022B0002046FEF72DFD02E02046FEF739FD00BF67
:1022C00088F3108800BF01E04FF001094846BDE8DF
:1022D000F0870000083D0108280200202DE9F041A8
:1022E00005464FF00008002D43D000BFEFF31080EB
:1022F000074672B62148066804680120A8721F4884
:102300000068002830D0002068721C480068A8428D
:1023100018D10020194909680872184800684069F6
:1023200048B11648006840691449086008460068CA
:10233000FEF718FD16E01249C868804700200F49D3
:1023400008600FE00BE0AC4207D1606910B164692E
:10235000746101E00024746103E026466469002C86
:10236000F1D100BF4FF0000800BF87F3108800BF15
:1023700001E04FF001084046BDE8F081280200204E
:10238000083D0108012806D0022808D003280AD0F9
:10239000042810D10BE0094A126811610CE0074AC9
:1023A0001268516108E0054A1268916104E0034A2D
:1023B0001268D16100E000BF00BF704768010020D3
:1023C000074890F80401022804D00620054981F846
:1023D000840403E00220034981F88404704700006C
:1023E0007C0B0020700600202DE9FC4704460D46BA
:1023F00016461F46DDF83080CDE9006729462046A5
:10240000DDE90A23FDF714FE8146012D05D1606840
:10241000FFF77CFEE1680844E060D4E903018842EC
:1024200001D92069E060C4F804804846BDE8FC8713
:1024300000BFFEE72DE9F04104460D4616464FF079
:10244000000800272846EFF7A3FC8046A719474558
:1024500004DCFF2F02DC0120BDE8F0810020FBE757
:102460002DE9F04FC7B005460C4616461F460DF540
:10247000A07999E8000E1DB90A2047B0BDE8F08F99
:10248000B4F5807F01DD0E20F7E74FF4887200215C
:1024900003A801F001F803A84B463A463146CDE9BE
:1024A00000AB02902046F7F772FD2246294607A8A6
:1024B00000F0D8FF4FF0060804F1100081B2334657
:1024C00003A8539AFDF7BEFA8046B8F1000F01D178
:1024D0000020D2E7B8F1010F01D10120CDE70F2094
:1024E000CBE7000010B504461048016A2046884733
:1024F00008B9002010BD0E4884420AD30D4884421A
:1025000007D80B48201A0C49B0FBF1F201FB12006E
:1025100008B10020EEE70948844202D3054884420E
:1025200001D90020E6E70120E4E70000D8420108D5
:10253000E0F8D11DA067611E400D03006035081C46
:1025400008B5002000900C4890F8180190B168463A
:10255000F4F746FB08B1132008BD009BDAB2064B26
:1025600093F93910054B93F83702FFF763FF08B969
:102570000820F1E70020EFE77C0B00207006002028
:1025800070B50446F6F74DFF0025082526E0002229
:102590004FF480614FF09040F0F7CEFD0F2000F037
:1025A00033FD04F0010030B1012291024FF0904060
:1025B000F0F7C2FD06E000224FF480614FF090403A
:1025C000F0F7BAFD2D2000F01FFD012291024FF01F
:1025D0009040F0F7B1FD6410681EC5B2002DD6DC46
:1025E000462000F011FD70BD0FB4054B10B503A9D6
:1025F000044A029800F00EF910BC5DF814FB0000CC
:10260000913201083802002002480068C0F302201D
:10261000704700000CED00E010B5002804DB0A074D
:10262000130E054A135406E00A07140E034A00F07D
:102630000F031B1FD45410BD00E400E018ED00E0B0
:10264000EFF310807047EFF310807047EFF31080C6
:102650007047EFF31080704702E008C8121F08C1EE
:10266000002AFAD170477047002001E001C1121F13
:10267000002AFBD1704780F31088704780F31088E0
:10268000704780F31088704780F31088704700000F
:102690002DE9FF5F82B00021DDE90430020DDDF895
:1026A00040B0034318D044F61050A2F2FF32424328
:1026B0001514119801281FD0A5EB0B00401C5FEAF0
:1026C000000A4FF000064E4FDFF83891B0465046F2
:1026D00015D5CAF1000413E0119801244AA301287A
:1026E00001D16FEA0B010298119AC0E90031C0E9EB
:1026F000024206B0BDE8F09FCBF10000DFE70446E0
:102700000021404A491842EB0450CDE9001012E084
:10271000E00707D032463B4640464946EEF794F87C
:102720008046894632463B4610461946EEF78CF8FD
:1027300006460F466410002CEAD1DDE90401DDE90C
:102740000023BAF1000F06DAEEF77EF842464B4658
:10275000EEF77AF805E0EDF79AFE42464B46EDF7C4
:1027600096FE04460E460022284BEEF7F7F803D8F3
:102770004FF0FF30014607E00022254B204631464E
:10278000EDF7DEFDEEF7D2F8102409E0002C0ADBAD
:102790000A220023EDF7EEFC039B30321A55641E2B
:1027A00050EA0102F2D1641C039AC4F111031444EB
:1027B000119A012A03D0012208430DD10AE00843EF
:1027C00004D000204FF0110B119072E7A3EB0B0522
:1027D0006D1E0DE05B4504DD4FF0000205F10105C3
:1027E00004E003DA4FF00002A5F10105002AECD065
:1027F00002981199C0E90231C0E9004579E700006B
:10280000000014400000F03F300000000000F043E2
:102810000000E03F2DE9FF4F95B09A4688460646F6
:102820000025EEE1252877D100242746F94A012129
:10283000039400E0044316F8013F203B01FA03F043
:102840001042F7D130782A2811D06FF02F0330785A
:10285000A0F13002092A16D8039A44F0020402EBD0
:10286000820203EB42021044761C0390EFE758F813
:10287000042B0392002A03DA504244F400540390DC
:1028800044F00204761C30782E2816D116F8010F79
:1028900044F004042A280DD06FF02F023078A0F104
:1028A0003003092B09D807EB870302EB4303C71852
:1028B000761CF3E758F8047B761C30786C280FD030
:1028C00006DC4C2817D068280DD06A2814D104E003
:1028D000742810D07A280FD10DE044F400140AE0D7
:1028E00044F4801401E044F440147278824202D12E
:1028F00004F58014761C761C307866280BD013DC27
:10290000582877D009DC002875D04528F6D046280D
:10291000F4D047281AD193E118E0632835D0642811
:1029200079D0652812D18BE1702873D008DC672834
:10293000F1D069286FD06E280DD06F2806D1ACE099
:1029400073282CD0752874D0782853D05246179904
:1029500090476D1C54E1C4F30250022809D00328AB
:102960000DD0D8F8001004280DD00D6008F104082F
:1029700046E1D8F80010EA17C1E90052F6E7D8F8A6
:1029800000100D80F2E70D70F0E718F8041B8DF8C9
:10299000001000208DF80100EB46012003E058F8FC
:1029A00004BB4FF0FF3061074FF0000102D40DE08F
:1029B00009F101018946B9420FDA8145F8DB1BF8BC
:1029C00009100029F4D108E009F10101894681428A
:1029D000FADB1BF809100029F6D103985346A0EB47
:1029E000090721463846179A00F080FA284400EB80
:1029F000090507E044E008E10DE01BF8010B524631
:102A000017999047B9F10109F7D253462146384644
:102A1000179AF2E039E00A21C4F302524FF0000B9A
:102A20000091022A06D058F8040BC117032A09D0D6
:102A30000AE023E008F1070020F00702F2E80201B3
:102A4000904605E000B2C117042A01D140B2C11777
:102A5000002906DA0A460021404261EB02012D22DC
:102A600002E0220504D52B228DF80420012203E088
:102A7000E20701D02022F7E7914657E00A2100E063
:102A800010214FF0000B00910BE010214FF0000BD4
:102A900044F004040827009103E008204FF0000BE5
:102AA0000090C4F30252022A05D058F8040B00210A
:102AB000032A08D008E008F1070020F00702F2E836
:102AC0000201904603E080B2042A00D1C0B24FF068
:102AD000000922072AD53278702A07D0DDF800C015
:102AE0008CF0100C5CEA0B0C05D00EE040228DF847
:102AF0000420012208E050EA010306D030238DF8BB
:102B000004308DF8052002229146009B83F00803D3
:102B100053EA0B030AD150EA010201D1620705D53D
:102B200030228DF804204FF001097F1E3278582A98
:102B300004D039A20C920CAA02920BE03BA2F9E756
:102B40005B46009AEDF716FB0C9B9B5C029A521EAB
:102B50000292137050EA0102F2D1029804A9081AF5
:102B600000F1200B600702D524F4803400E0012737
:102B70005F4502DDA7EB0B0000E0002000EB0B013E
:102B8000009003984944401A0390E00306D453464A
:102B90002146179A039800F0A9F90544002706E09A
:102BA00001A85246C05D179990476D1C7F1C4F4588
:102BB000F6DBE0030CD553462146179A039800F044
:102BC00095F9054404E030205246179990476D1C52
:102BD0000099481E00900029F5DC08E0029802994F
:102BE00052460078491C0291179990476D1CBBF121
:102BF0000001ABF1010BF1DC5BE100F065F905448C
:102C0000761C307800287FF40DAE19B02846BDE858
:102C1000F08F000009280100303132333435363767
:102C20003839616263646566000000003031323318
:102C300034353637383941424344454600000000B8
:102C4000600700D4062708F1070020F00700F0E82D
:102C50000223804603F0004C5FEA0C0001D097A0ED
:102C600009E0200501D596A005E0E00701D095A078
:102C700001E0AFF24C001390307823F00043652858
:102C80000CD006DC452809D046281DD047287FD126
:102C90003BE0662818D067287AD136E00021112F52
:102CA00001DB112000E0781CCDE9000104A90CA88B
:102CB000FFF7EEFCDDE90D010C9A4FF0000B07F178
:102CC0000109109200914EE04FF000400097CDE9CD
:102CD000011004A90CA8FFF7DBFCDDE90D020C9B39
:102CE0000F994FF0000B91461093009211B9791C87
:102CF00000EB0109B7EB090003D4C0F1FF3B07F17A
:102D00000109A9EB0700019042E0012F00DA012739
:102D10000021112F01DD112000E03846CDE900012E
:102D200004A90CA8FFF7B4FCDDE90D010C9A009191
:102D30004FF0000BB946109221070FD4009A4A4574
:102D400003DA914601E0A9F10109B9F1010F05DDAE
:102D5000109AA9F10101515C3029F4D0B84202DA8D
:102D600010F1040F03DA0121CDE9011010E0002871
:102D700003DC8344A9EB000102E0411C494500DD6E
:102D80008946A0EB0B00401C01904FF000400290E0
:102D9000200705D40198484502DB4FF0FF30019031
:102DA00000208DF84B0002980DF14B07B0F1004F59
:102DB00025D002200C902B200D90029800280CDAD0
:102DC000404202902D200D9007E00A210298EDF775
:102DD00060FC3031029007F8011D0C99481E0C90E0
:102DE0000029F2DC02980028EFD1791E0D980870B6
:102DF000307800F0200040F0450007F8020D11A8DF
:102E0000C01BC01D02901398007800B1012000EB98
:102E10000901019801EBE071029801440398401AFE
:102E2000401E0390E00306D453462146179A0398A8
:102E300000F05CF805441398007818B152461799D1
:102E400090476D1CE00323D553462146179A0398FB
:102E500000F04CF805441BE0BBF1000F07DB0098C5
:102E6000584504DD1098179910F80B0001E01799E8
:102E700030205246904701980BF1010B401E05F19E
:102E80000105019004D12E205246179990476D1CE0
:102E9000B9F10001A9F10109DEDC05E017F8010B29
:102EA0005246179990476D1C0299481E02900029BE
:102EB000F4DC53462146179A03989EE62D00000045
:102EC0002B000000200000002DE9F0410446002501
:102ED0001E461746880404D405E039462020B04732
:102EE0006D1C641EF9D52846BDE8F0812DE9F0413E
:102EF000044600251E469046C80301D5302700E051
:102F00002027880404D505E041463846B0476D1CAB
:102F1000641EF9D52846BDE8F08170B504460D461B
:102F20002946204600F03AFE70BD10B50B781478A3
:102F3000634003704B785478634043708B78947887
:102F400063408370CB78D4786340C3700B79147975
:102F5000634003714B795479634043718B79947961
:102F600063408371CB79D4796340C3710B7A147A4F
:102F7000634003724B7A547A634043728B7A947A3B
:102F800063408372CB7AD47A6340C3720B7B147B29
:102F9000634003734B7B547B634043738B7B947B15
:102FA00063408373CB7BD47B6340C37310BD0A78CB
:102FB00002704A7842708A788270CA78C2700A7940
:102FC00002714A7942718A798271CA79C2710A7A28
:102FD00002724A7A42728A7A8272CA7AC2720A7B10
:102FE00002734A7B42738A7B8273CA7BC2737047C7
:102FF00010B503E011F8013B00F8013B131EA2F1EC
:103000000104E2B2F6D110BD70B504464FF6FF7070
:10301000001B401F85B20948F1F716FE07480068FB
:10302000456203E005480068406A85B24FF6FA70D1
:103030008542F7DB0148F1F737FE70BDE40200205E
:103040002DE9F04F91B004461546DDE91BC71A9EE5
:103050004B48D0F800A007F0400010B14948D0F824
:1030600000A0022B01DB242B03DD002011B0BDE802
:10307000F08F07F0010008B1302000E020208146E9
:103080004FF0000807F0020028B1002D03DA4FF0DE
:103090002D086D42761E002235B94FF0300B1046D8
:1030A000521C0DF800B00EE00BE0B5FBF3F003FB93
:1030B00010501AF800B01046521C0DF800B0B5FBC5
:1030C000F3F5002DF1D1624500DD9446A6EB0C0628
:1030D00007F0010068B908E000BF202004F8010BE8
:1030E000491E09B92046C1E700BF301EA6F10106FE
:1030F000F2DCB8F1000F07D000BF04F8018B491EC5
:1031000009B92046B2E700BF07E000BF04F8019B01
:10311000491E09B92046A9E700BF301EA6F10106E5
:10312000F3DC08E000BF302004F8010B491E09B9A8
:1031300020469BE700BF6046ACF1010C9042F1DCF9
:1031400009E000BF1DF8020004F8010B491E09B98F
:1031500020468BE700BF101EA2F10102F1DC08E05F
:1031600000BF202004F8010B491E09B920467DE765
:1031700000BF301EA6F10106F2DC204676E7000013
:1031800000020020040200200146002009E00B6834
:103190005A1C0A601A7800EB800302EB4302A2F18A
:1031A00030000A681278302A03DB0A681278392A5C
:1031B000EDDD70472DE9F041C1F30A52A2F2FF366E
:1031C0002F4A304B0D460446142E2FDA002E12DA09
:1031D000EDF7B6F800221346EDF7C0FB4CD2002DF8
:1031E000A4BF0024254647DA25F00040204318BF3D
:1031F000254D41D018E0DFF894C02CFA06F705EA17
:10320000070C5CEA040C08BFBDE8F081EDF798F804
:1032100000221346EDF7A2FB2ED2002D03DA4FF465
:103220008010F0400544BD43002425E0332EC8BF84
:10323000BDE8F081A6F1140C4FF0FF3727FA0CF728
:103240003C4208BFBDE8F081EDF71EF900221346AD
:10325000EDF784FB10D2002D0DDA142E08BF6D1C83
:1032600009D0C6F13400012101FA00F02044A04247
:1032700038BF6D1C0446BC4329462046BDE8F0819A
:103280009C7500883CE4377E0000F0BFFFFF0F0014
:1032900013B50C4640F6FF73012269460248F2F767
:1032A00067F900981CBD0000C00300202DE9FF4114
:1032B00006460F46154695F8F000F0B12A4631460D
:1032C0006846FFF732FE012409E0684600F0EEF898
:1032D00005EB04116846FFF720FE601CC4B295F8A8
:1032E000F000A042F1DC684600F09EFA05EB041203
:1032F00069463846FFF719FE03E0FF2004B0BDE839
:10330000F0810020FAE700002DE9F05F81460E46CB
:103310001446102E04D0182E03D0202E03D101E025
:1033200000BF00BF05E0002084F8F000FF20BDE8EA
:10333000F09F00BF324649462046FFF759FE06F18E
:103340001C0080064FEA10680120C0EB2810C0B2B4
:1033500084F8F000354601276EE0A5F1040A14F860
:103360000AC0A5F1030A14F80A10A5F1020A14F81C
:103370000A20A5F1010A14F80A3095FBF6FA06FBBB
:103380001A5ABAF1000F19D16046DFF8B4A01AF842
:1033900001A08AEA070CDFF8A8A01AF802101AF8B0
:1033A00003201AF800304FEAD71A4FF01B0B0AFB24
:1033B0000BFA8AEA470A0AF0FF0712E0182E10DD1E
:1033C00095FBF6FA06FB1A5ABAF1100F09D1DFF88D
:1033D00070A01AF80CC01AF801101AF802201AF896
:1033E0000330A5EB060A0AF0FF0014F800A08AEAF1
:1033F0000C0A04F805A000F1010A14F80AA08AEAF0
:10340000010A05F1010B04F80BA000F1020A14F8FF
:103410000AA08AEA020A05F1020B04F80BA000F1E7
:10342000030A14F80AA08AEA030A05F1030B04F858
:103430000BA0281DC0B2054645458EDB002076E76F
:10344000743E0108EFF79CFEFDF752F9F5F782FD97
:10345000F5F7CCFDF5F71EFEF5F736FE01E0F5F7C2
:10346000CBFDFCE710B503E011F8013B00F8013B90
:10347000131EA2F10104A2B2F6D110BD10B5531E65
:10348000184403E011F8013B00F80139131EA2F1C2
:103490000104A2B2F6D110BD10B501E000F8011B85
:1034A000131EA2F10104A2B2F8D110BD1FB504464B
:1034B00021466846FFF77BFD9DF800009949085CAE
:1034C0009DF80510984A515C48409DF80A10974AAB
:1034D000515C48409DF80F10515C484020709DF8A9
:1034E00000001146085C9DF805108E4A515C48406A
:1034F0009DF80A108C4A515C48409DF80F108B4A89
:10350000515C484060709DF800001146085C9DF8D1
:103510000510515C48409DF80A10824A515C4840B1
:103520009DF80F10804A515C4840A0709DF8000043
:103530001146085C9DF805107C4A515C48409DF896
:103540000A10515C48409DF80F10764A515C484083
:10355000E0709DF804001146085C9DF80910724A5D
:10356000515C48409DF80E10704A515C48409DF8EF
:103570000310515C484020719DF804001146085C1E
:103580009DF80910674A515C48409DF80E10664A44
:10359000515C48409DF80310644A515C484060719A
:1035A0009DF804001146085C9DF80910515C4840E4
:1035B0009DF80E105B4A515C48409DF803105A4A32
:1035C000515C4840A0719DF804001146085C9DF8CC
:1035D0000910564A515C48409DF80E10515C484015
:1035E0009DF803104F4A515C4840E0719DF8080077
:1035F0001146085C9DF80D104B4A515C48409DF8FF
:1036000002104A4A515C48409DF80710515C4840FE
:1036100020729DF808001146085C9DF80D10414A83
:10362000515C48409DF802103F4A515C48409DF86B
:1036300007103E4A515C484060729DF808001146F0
:10364000085C9DF80D10515C48409DF80210354A09
:10365000515C48409DF80710334A515C4840A072C5
:103660009DF808001146085C9DF80D102F4A515C2A
:1036700048409DF80210515C48409DF80710294AC7
:10368000515C4840E0729DF80C001146085C9DF8C2
:103690000110254A515C48409DF80610234A515CB0
:1036A00048409DF80B10515C484020739DF80C0079
:1036B0001146085C9DF801101A4A515C48409DF87B
:1036C0000610194A515C48409DF80B10174A515C8E
:1036D000484060739DF80C001146085C9DF801108D
:1036E000515C48409DF806100E4A515C48409DF8D8
:1036F0000B100D4A515C4840A0739DF80C00114618
:10370000085C9DF80110094A515C48409DF806107C
:10371000515C48409DF80B10024A515C4840E073F0
:103720001FBD0000743F010874400108743E010889
:103730002DE9F04703460C460021002000BF05E0BC
:10374000265CF643265400261E54401C9042F7DBAC
:10375000002033E006464FEAE07A00EB5A7A4FEA5F
:10376000EA0AA0EBCA0ACAF1070A0AF0FF0C4FEAFC
:10377000E07A00EB5A7ACAF3C708461C4FEAE67AA9
:1037800006EB5A7A4FEAEA0AA6EBCA0ACAF1070A16
:103790000AF0FF094FEAE67A06EB5A7ACAF3C70540
:1037A00014F8086046FA0CF606F0010779405E5DF1
:1037B00001FA09FA46EA0A065E55401CB0EBC20F50
:1037C000C8DBCE0146EA811611B94FF0010A01E0CB
:1037D0004FF0000A0AF0010A46EA4A169E54BDE874
:1037E000F0870000074800680749484343F2390161
:1037F0000844044908606FF00041B0FBF1F201FB9E
:1038000012007047E40100206D4EC64170B50446B9
:103810000D46FFF7E7FF291B491C90FBF1F201FB66
:103820001200204470BD000002781A4B9A5C0270AE
:1038300002799A5C0271027A9A5C0272027B9A5C4B
:103840000273417842799A5C4270427A9A5C427182
:10385000427B9A5C42721A46525C42738178827A49
:103860009A5C82701A46525C82728179827B9A5C81
:1038700082711A46525C8273C17BC27A9A5CC273AF
:10388000C2799A5CC272C2789A5CC2711A46525C62
:10389000C2707047743E010801490860704700001B
:1038A000E40100200FB438B504460D4607A8009087
:1038B00029462046009B069A00F006F8002000905A
:1038C00038BC5DF814FB00002DE9FF4F87B00546BA
:1038D0000E46002E03DC00200BB0BDE8F08F2C4616
:1038E000C4E0611B701E814200DBC9E009980078CA
:1038F000252804D00998007804F8010BB3E00027CC
:103900000998401C099009980078302801D147F0A7
:1039100001074FF0FF3A09980078302807DB099833
:103920000078392803DC09A8FFF72EFC82464FF007
:10393000FF30049003900A200590099800786928C8
:1039400047D006DC58283DD0632809D0642844D1EC
:103950003EE0732814D075283ED078283DD134E05D
:1039600002E0202004F8010BAAF10100B0F1000AE6
:10397000F7DC0A9810F8041B0A9004F8011B72E0A7
:103980000A9850F8049B0A90B9F1000F01D10FF288
:10399000FC094846ECF743FC804602E0202004F88E
:1039A000010B5046AAF1010A4045F7DC4FF0000B2D
:1039B00005E019F8010B04F8010B0BF1010BC345ED
:1039C000F7DB50E047F0400700BF1020059021E0F2
:1039D00000BF47F0020700BF1CE0099800782528C7
:1039E00002D0252004F8010B611B701E814200DB10
:1039F00010E00998007820B10998007804F8010BCC
:103A000002E00998401E0990611B701E814200DB94
:103A100000E028E000BF03986C2806D10A980068EF
:103A200006900A98001D0A900FE007F0020030B1DE
:103A30000A98006806900A98001D0A9005E00A9806
:103A4000006806900A98001D0A900498CDE900A02D
:103A50000297701E621B811A2046DDE90532FFF7CE
:103A6000EFFA044600BF0998401C099009980078B5
:103A700000287FF436AF611B701E8142BFF631AF64
:103A800000BF00202070601B26E700003C4E554C14
:103A90004C3E000010B54FF400304FF0B041896B40
:103AA00001434FF0B042916300BF00BF1146896BE4
:103AB0008143916300BF0448F1F732FC0F20EFF718
:103AC00079FB002010BD0000C003002010B50446A3
:103AD00007480460F5F72EFAF5F72CFB4FF000606D
:103AE000044909680143034A116000BF002010BD6A
:103AF00010000020800800581CB5044615480460DA
:103B00004FF4001000901448DDE90012F1F7B8F905
:103B100000BF11480068C069C0F300400028F8D118
:103B200000BF0D480068C069C0F380500028F8D07D
:103B300009480068806840F4800007490968886087
:103B40000548F1F71DF9012204490348F1F7B8FCD3
:103B500000201CBD14000020C00300200C00002029
:103B600010B50648F1F7A0FB08B1EDF7D1FD044808
:103B7000EEF7AEFF08B1EDF7CBFD10BDC00300209E
:103B80005004002070B504460D462A4621460248DE
:103B9000F1F75AFD002070BDC003002002780B78B9
:103BA0005A40027042784B785A40427082788B7843
:103BB0005A408270C278CB785A40C27002790B7931
:103BC0005A40027142794B795A40427182798B791D
:103BD0005A408271C279CB795A40C271027A0B7A0B
:103BE0005A400272427A4B7A5A404272827A8B7AF7
:103BF0005A408272C27ACB7A5A40C272027B0B7BE5
:103C00005A400273427B4B7B5A404273827B8B7BD0
:103C10005A408273C27BCB7B5A40C273704700000C
:103C200022323300008888020000000000000000FB
:103C300000888888888888888888888888888866AE
:103C40000101888888888888888888888888888802
:103C50006601022B7E151628AED2A6ABF715880991
:103C6000CF4F3C032B7E151628AED2A6ABF7158896
:103C700009CF4F3C040000000000000000000000DD
:103C800000000000007F00000000000000000000B5
:103C900000000000000080000000000000000000A4
:103CA0000000000000000081000000000000000093
:103CB0000000000000000000820000000000000082
:103CC0000000000000000000008300000000000071
:103CD00000000000000000000000000000000000E4
:103CE000081C3044586C8000779E0008A79E00088E
:103CF000899E0008AF9E0008759E0008A59E0008DA
:103D0000081C3044586C8000FD08010800000000C9
:103D10005D090108AD09010849090108BD0801084C
:103D2000C9080108E10801087F08010837080108EF
:103D300021080108F9070108B50701080D08010865
:103D4000CD07010885080108081C3044586C800024
:103D5000CD3A0108953A0108F93A0108853B010876
:103D6000081C3044586C8000120024003000000011
:103D700006000C0010000000000000000100000020
:103D800002000000081C3044586C80000100020052
:103D90000400060008000A000C001000200040008B
:103DA00080000001081C3044586C800101010307A9
:103DB000010000080402040801010100081C30444D
:103DC000586C8000010000000300000005000000A6
:103DD0000100000001000000060000000A000000D1
:103DE00020000000020000000400000008000000A5
:103DF00010000000400000008000000000010000F2
:103E000000020000000000000000000000000000B0
:103E1000000000000100000002000000030000009C
:103E200004000000A0860100400D0300801A060077
:103E300000350C0040420F0080841E0000093D0048
:103E400000127A000024F40000366E010048E801F8
:103E5000006CDC0200000000000000000000000018
:103E600000000000081C3044586C8000E000000096
:103E700000000000637C777BF26B6FC53001672B1D
:103E8000FED7AB76CA82C97DFA5947F0ADD4A2AF4E
:103E90009CA472C0B7FD9326363FF7CC34A5E5F15C
:103EA00071D8311504C723C31896059A071280E20A
:103EB000EB27B27509832C1A1B6E5AA0523BD6B35E
:103EC00029E32F8453D100ED20FCB15B6ACBBE39CE
:103ED0004A4C58CFD0EFAAFB434D338545F9027FBA
:103EE000503C9FA851A3408F929D38F5BCB6DA2173
:103EF00010FFF3D2CD0C13EC5F974417C4A77E3D9F
:103F0000645D197360814FDC222A908846EEB814F4
:103F1000DE5E0BDBE0323A0A4906245CC2D3AC62B7
:103F20009195E479E7C8376D8DD54EA96C56F4EAC2
:103F3000657AAE08BA78252E1CA6B4C6E8DD741FD3
:103F40004BBD8B8A703EB5664803F60E613557B996
:103F500086C11D9EE1F8981169D98E949B1E87E950
:103F6000CE5528DF8CA1890DBFE6426841992D0FFF
:103F7000B054BB16C6F8EEF6FFD6DE916002CE5600
:103F8000E7B54DEC8F1F89FAEFB28EFB41B35F4569
:103F90002353E49B75E13D4C6C7EF5836851D1F968
:103FA000E2AB622A0895469D30370A2F0E241BDFAC
:103FB000CD4E7FEA121D583436DCB45BA476B77D53
:103FC00052DD5E13A6B900C140E379B6D48D6772A5
:103FD0009498B085BBC54FED869A66118AE904FEB8
:103FE000A078254BA25D80053F2170F16377AF4239
:103FF00020E5FDBF811826C3BE35882E9355FC7A77
:10400000C8BA32E6C0199EA344543B0B8CC76B2838
:10401000A7BC16ADDB647414920C48B89FBD43C4B2
:104020003931D3F2D58B6EDA01B19C49D8ACF3CFDC
:10403000CAF447106FF04A5C38577397CBA1E83E3B
:1040400096610D0FE07C71CC9006F71CC26AAE69D8
:1040500017993A27D9EB2B22D2A907332D3C15C942
:1040600087AA50A50359091A65D784D082295A1EF8
:104070007BA86D2CA584998D0DBDB1545003A97DED
:104080001962E69A459D408715EBC90BEC67FDEA7E
:10409000BFF7965BC21CAE6A5A41024F5CF434080B
:1040A0009373533F0C52655E28A10FB509369B3DB3
:1040B0002669CD9F1B9E742E2DB2EEFBF64D61CE70
:1040C0007B3E7197F568002C601FC8EDBE46D94B4A
:1040D000DED4E84A6B2AE516C5D75594CF10068181
:1040E000F044BAE3F3FEC08AADBC4804DFC1756397
:1040F000301A0E6D4C14352FE1A2CC3957F282479D
:10410000ACE72B95A098D17F667EAB83CA29D33CC0
:1041100079E21D763B564E1EDB0A6CE45D6EEFA61F
:10412000A8A4378B324359B78C64D2E0B4FA072580
:10413000AF8EE918D5886F7224F1C751237C9C217A
:10414000DDDC86859042C4AAD8050112A35FF9D0B0
:10415000915827B93813B333BB7089A7B622922080
:1041600049FF787A8FF88017DA31C6B8C3B0771173
:10417000CBFCD63A0C0B0A090807000048E80100FE
:1041800048E8010048E8010048E8010048E801006B
:1041900048E8010033333373F2F233333373DEDE36
:1041A0006035081CA0420B1CE04F0E1C205D111C4A
:1041B000606A141CA077171CE0841A1C20921D1C36
:1041C000E0F8D11D2006D51D6013D81DA020DB1DF1
:1041D000E02DDE1D203BE11D6048E41DA055E71DDC
:1041E0000005006000000000000000000100000069
:1041F00000000000000000000000000000000000BF
:1042000000000000080A0C0D0E10121415181A1BDD
:104210001D1E212480818200081C3044586C8000BF
:10422000C01200001F000000A816000017000000C8
:10423000841C00000F000000E42500001E000000A8
:10424000B42D000016000000083900000E00000028
:104250002C4C00001D000000685B000015000000F1
:10426000747200000D000000589800001C0000004F
:1042700034B7000014000000E8E400000C00000067
:10428000783101001B000000686E0100130000007F
:1042900034CA01000B000000286202001A0000006E
:1042A00040DB0200120000003C9303000A00000003
:1042B000C0C204001900000060B305001100000036
:1042C000382007000900000020A1070000000000BE
:1042D000081C3044586C800055B6000825B600080C
:1042E000B9BE000871BE000889BA000889BB000881
:1042F0008DBF0008BDC50008E5B4000871CB0008FB
:10430000ADBC00081DCB00083DCB0008CDBB0008AC
:1043100049CB000871C70008C3BB00083DCC0008AA
:10432000A3BB00084DCC0008AFBB00087DBE000851
:1043300049BF000849B60008FDB600083DBC0008AA
:10434000BDC2000809CC0008EDCB0008F5C200088A
:10435000BDC70008F5B30008DBB300080405060478
:104360000302020101010100000000000000000042
:104370000D0A23232323232320424541434F4E206C
:104380005245434549564544207C2044523A2564D1
:10439000207C20525353493A2564207C20534E52AE
:1043A0003A2564207C2046513A2564207C205449DB
:1043B0004D453A2564207C20444553433A256420EA
:1043C0007C20494E464F3A303258253032582530FD
:1043D0003258202530325825303258253032580D89
:1043E0000A00000023232323232320442F4C2046AC
:1043F00052414D453A25303464207C20504F525470
:104400003A2564207C2044523A2564207C20534C79
:104410004F543A2573207C20525353493A25642047
:104420007C20534E523A25640D0A000031000000F2
:1044300032000000435F4D4300000000505F4D43D9
:104440000000000043000000500000006572726F21
:10445000723A204174206C65617374206F6E652020
:10446000726567696F6E207368616C6C206265208D
:10447000646566696E656420696E20746865204DA8
:10448000573A20636865636B206C6F726177616E69
:104490005F636F6E662E68200D0A0000253032586B
:1044A0003A253032583A253032583A253032583A87
:1044B000253032583A253032583A253032583A258C
:1044C0003032583A253032583A253032583A253071
:1044D00032583A253032583A253032583A2530325F
:1044E000583A253032583A253032580D0A0000002B
:1044F00072785F63685F3530323000006368616EE8
:104500005F6D756C746953465F30000072785F634D
:10451000685F3530353100006368616E5F6D756CC2
:10452000746953465F3100006368616E5F6D756C3E
:10453000746953465F32000072785F63685F35309C
:10454000353300006368616E5F6D756C7469534646
:104550005F33000072785F63685F3530313400008C
:104560006368616E5F6D756C746953465F340000FB
:104570006368616E5F6D756C746953465F350000EA
:1045800072785F63685F3530313600006368616E52
:104590005F6D756C746953465F36000072785F63B7
:1045A000685F3530343700006368616E5F6D756C2D
:1045B000746953465F37000072785F63685F353017
:1045C0003138000072785F63685F3530343900003D
:1045D0004D756C74695F43004D756C74695F500074
:1045E0006572726F723A20526567696F6E206973E7
:1045F000206E6F7420646566696E656420696E2044
:10460000746865204D573A20736574206C6F726131
:1046100077616E5F636F6E662E68206163636F7291
:1046200064696E676C790D0A000000003031323326
:104630003435363738394142434445464748494A7C
:104640004B4C4D4E4F505152535455565758595A42
:10465000000000003031323334353637383961628A
:10466000636465666768696A6B6C6D6E6F707172A2
:10467000737475767778797A000000009C4601089B
:10468000000000203C020000B0090008A04701081B
:104690003C020020CC2900006826010801181E2CCD
:1046A00044010830041A44041A34041A48041A3C19
:1046B00004320213591B1408D11D14085D1E1B0877
:1046C000910C13FD981408499B1408B9961B08C552
:1046D000044113C1951B08E9141315991B08790CA3
:1046E0004BB1941813A59D1B0899041B19973C19ED
:1046F0002012029201320463401F63102713E0046A
:1047000082203210392E4B093D1C311315661B08CF
:1047100041041A4D044B7169641A610C1A8D045AD4
:104720003D1001141AFCCC1E1845010828041A4437
:10473000041A60041A70041A8C041AA804811A540A
:104740000C1A80041AB8041AF0341A9C081AC4040B
:104750001A0C049A38281A2C1C1A30041A44041A09
:10476000D0181A48089AD820510008148182800174
:104770000302841A0ADB39DCB11B7401FC9AFF0CBA
:104780000117A91C592F2122F24B601B18E958A9C7
:10479000281E544601082C0439145901012069507F
:0400000508000139B5
:00000001FF
